Membership_ID,Member_ID,Start_Date,End_Date,Plan,Duration_Months,Base_Price,Discount_Pct,Final_Price
MS00001,M00001,2024-02-26,2024-03-25,Monthly,1,1800,0,1800
MS00002,M00001,2024-03-26,2024-04-25,Monthly,1,1800,0,1800
MS00003,M00001,2024-04-26,2024-07-25,Quarterly,3,4800,0,4800
MS00004,M00001,2024-07-26,2024-08-25,Monthly,1,1800,0,1800
MS00005,M00001,2024-08-26,2025-08-25,Yearly,12,15000,0,15000
MS00006,M00001,2025-08-26,2025-11-25,Quarterly,3,4800,10,4320
MS00007,M00001,2025-11-26,2025-12-25,Monthly,1,1800,5,1710
MS00008,M00002,2025-05-08,2025-06-07,Monthly,1,1800,15,1530
MS00009,M00003,2025-02-21,2025-05-20,Quarterly,3,4800,0,4800
MS00010,M00003,2025-05-21,2025-12-31,Yearly,12,15000,10,13500
MS00011,M00004,2024-10-03,2024-11-02,Monthly,1,1800,0,1800
MS00012,M00005,2025-07-01,2025-09-30,Quarterly,3,4800,0,4800
MS00013,M00005,2025-10-01,2025-10-31,Monthly,1,1800,10,1620
MS00014,M00005,2025-11-01,2025-11-30,Monthly,1,1800,5,1710
MS00015,M00006,2024-02-24,2024-05-23,Quarterly,3,4800,10,4320
MS00016,M00006,2024-05-24,2024-06-23,Monthly,1,1800,0,1800
MS00017,M00007,2025-03-20,2025-12-31,Yearly,12,15000,0,15000
MS00018,M00008,2024-05-08,2024-08-07,Quarterly,3,4800,15,4080
MS00019,M00008,2024-08-08,2024-09-07,Monthly,1,1800,10,1620
MS00020,M00009,2024-03-01,2024-05-31,Quarterly,3,4800,10,4320
MS00021,M00009,2024-06-01,2024-08-31,Quarterly,3,4800,0,4800
MS00022,M00009,2024-09-01,2024-09-30,Monthly,1,1800,0,1800
MS00023,M00009,2024-10-01,2024-12-31,Quarterly,3,4800,10,4320
MS00024,M00009,2025-01-01,2025-01-31,Monthly,1,1800,0,1800
MS00025,M00009,2025-02-01,2025-02-28,Monthly,1,1800,5,1710
MS00026,M00010,2024-12-01,2025-02-28,Quarterly,3,4800,5,4560
MS00027,M00011,2025-04-14,2025-05-13,Monthly,1,1800,0,1800
MS00028,M00011,2025-05-14,2025-06-13,Monthly,1,1800,10,1620
MS00029,M00012,2025-04-02,2025-05-01,Monthly,1,1800,0,1800
MS00030,M00012,2025-05-02,2025-12-31,Yearly,12,15000,0,15000
MS00031,M00013,2025-05-16,2025-06-15,Monthly,1,1800,0,1800
MS00032,M00013,2025-06-16,2025-12-31,Yearly,12,15000,0,15000
MS00033,M00014,2024-11-23,2024-12-22,Monthly,1,1800,5,1710
MS00034,M00015,2024-03-22,2024-06-21,Quarterly,3,4800,0,4800
MS00035,M00015,2024-06-22,2025-06-21,Yearly,12,15000,5,14250
MS00036,M00015,2025-06-22,2025-07-21,Monthly,1,1800,0,1800
MS00037,M00015,2025-07-22,2025-08-21,Monthly,1,1800,0,1800
MS00038,M00015,2025-08-22,2025-11-21,Quarterly,3,4800,10,4320
MS00039,M00016,2025-06-19,2025-09-18,Quarterly,3,4800,10,4320
MS00040,M00016,2025-09-19,2025-12-18,Quarterly,3,4800,0,4800
MS00041,M00016,2025-12-19,2025-12-31,Quarterly,3,4800,0,4800
MS00042,M00017,2024-10-14,2025-01-13,Quarterly,3,4800,0,4800
MS00043,M00017,2025-01-14,2025-04-13,Quarterly,3,4800,5,4560
MS00044,M00018,2024-11-15,2024-12-14,Monthly,1,1800,10,1620
MS00045,M00018,2024-12-15,2025-01-14,Monthly,1,1800,5,1710
MS00046,M00018,2025-01-15,2025-02-14,Monthly,1,1800,0,1800
MS00047,M00019,2024-08-24,2025-08-23,Yearly,12,15000,15,12750
MS00048,M00019,2025-08-24,2025-09-23,Monthly,1,1800,10,1620
MS00049,M00019,2025-09-24,2025-10-23,Monthly,1,1800,0,1800
MS00050,M00020,2024-04-26,2024-07-25,Quarterly,3,4800,0,4800
MS00051,M00020,2024-07-26,2025-01-25,Half-Yearly,6,8500,5,8080
MS00052,M00020,2025-01-26,2025-02-25,Monthly,1,1800,15,1530
MS00053,M00021,2025-08-14,2025-11-13,Quarterly,3,4800,5,4560
MS00054,M00022,2025-05-13,2025-06-12,Monthly,1,1800,0,1800
MS00055,M00022,2025-06-13,2025-12-12,Half-Yearly,6,8500,0,8500
MS00056,M00022,2025-12-13,2025-12-31,Monthly,1,1800,5,1710
MS00057,M00023,2025-02-14,2025-03-13,Monthly,1,1800,0,1800
MS00058,M00024,2024-09-13,2024-10-12,Monthly,1,1800,10,1620
MS00059,M00024,2024-10-13,2025-10-12,Yearly,12,15000,0,15000
MS00060,M00024,2025-10-13,2025-11-12,Monthly,1,1800,0,1800
MS00061,M00025,2025-06-08,2025-09-07,Quarterly,3,4800,10,4320
MS00062,M00025,2025-09-08,2025-12-07,Quarterly,3,4800,10,4320
MS00063,M00025,2025-12-08,2025-12-31,Yearly,12,15000,0,15000
MS00064,M00026,2024-12-13,2025-06-12,Half-Yearly,6,8500,0,8500
MS00065,M00026,2025-06-13,2025-07-12,Monthly,1,1800,5,1710
MS00066,M00027,2024-10-09,2024-11-08,Monthly,1,1800,0,1800
MS00067,M00027,2024-11-09,2024-12-08,Monthly,1,1800,0,1800
MS00068,M00027,2024-12-09,2025-06-08,Half-Yearly,6,8500,5,8080
MS00069,M00027,2025-06-09,2025-07-08,Monthly,1,1800,0,1800
MS00070,M00027,2025-07-09,2025-08-08,Monthly,1,1800,10,1620
MS00071,M00028,2024-10-14,2024-11-13,Monthly,1,1800,0,1800
MS00072,M00029,2024-05-24,2025-05-23,Yearly,12,15000,0,15000
MS00073,M00030,2024-02-28,2024-03-27,Monthly,1,1800,5,1710
MS00074,M00030,2024-03-28,2024-06-27,Quarterly,3,4800,0,4800
MS00075,M00030,2024-06-28,2024-09-27,Quarterly,3,4800,5,4560
MS00076,M00031,2024-12-19,2025-01-18,Monthly,1,1800,5,1710
MS00077,M00031,2025-01-19,2025-04-18,Quarterly,3,4800,0,4800
MS00078,M00031,2025-04-19,2025-05-18,Monthly,1,1800,15,1530
MS00079,M00032,2025-07-20,2025-08-19,Monthly,1,1800,5,1710
MS00080,M00032,2025-08-20,2025-09-19,Monthly,1,1800,0,1800
MS00081,M00033,2024-02-10,2025-02-09,Yearly,12,15000,10,13500
MS00082,M00033,2025-02-10,2025-03-09,Monthly,1,1800,10,1620
MS00083,M00033,2025-03-10,2025-06-09,Quarterly,3,4800,15,4080
MS00084,M00033,2025-06-10,2025-07-09,Monthly,1,1800,10,1620
MS00085,M00034,2025-07-01,2025-12-31,Yearly,12,15000,5,14250
MS00086,M00035,2025-06-12,2025-12-11,Half-Yearly,6,8500,10,7650
MS00087,M00036,2024-06-25,2024-07-24,Monthly,1,1800,5,1710
MS00088,M00036,2024-07-25,2024-08-24,Monthly,1,1800,15,1530
MS00089,M00037,2024-04-15,2024-07-14,Quarterly,3,4800,15,4080
MS00090,M00037,2024-07-15,2025-01-14,Half-Yearly,6,8500,5,8080
MS00091,M00037,2025-01-15,2025-04-14,Quarterly,3,4800,5,4560
MS00092,M00038,2025-04-28,2025-05-27,Monthly,1,1800,10,1620
MS00093,M00038,2025-05-28,2025-06-27,Monthly,1,1800,5,1710
MS00094,M00039,2025-03-22,2025-12-31,Yearly,12,15000,0,15000
MS00095,M00040,2024-08-14,2024-11-13,Quarterly,3,4800,10,4320
MS00096,M00041,2024-02-13,2024-08-12,Half-Yearly,6,8500,5,8080
MS00097,M00042,2025-09-11,2025-10-10,Monthly,1,1800,10,1620
MS00098,M00043,2024-10-11,2024-11-10,Monthly,1,1800,5,1710
MS00099,M00044,2025-07-23,2025-08-22,Monthly,1,1800,0,1800
MS00100,M00045,2025-03-08,2025-12-31,Yearly,12,15000,5,14250
MS00101,M00046,2025-05-11,2025-08-10,Quarterly,3,4800,0,4800
MS00102,M00046,2025-08-11,2025-09-10,Monthly,1,1800,5,1710
MS00103,M00046,2025-09-11,2025-10-10,Monthly,1,1800,0,1800
MS00104,M00047,2025-04-29,2025-05-28,Monthly,1,1800,0,1800
MS00105,M00048,2024-05-04,2024-11-03,Half-Yearly,6,8500,10,7650
MS00106,M00048,2024-11-04,2025-02-03,Quarterly,3,4800,10,4320
MS00107,M00049,2024-08-20,2024-11-19,Quarterly,3,4800,0,4800
MS00108,M00049,2024-11-20,2024-12-19,Monthly,1,1800,0,1800
MS00109,M00050,2024-10-24,2024-11-23,Monthly,1,1800,5,1710
MS00110,M00051,2024-11-13,2025-02-12,Quarterly,3,4800,0,4800
MS00111,M00052,2024-01-28,2024-02-27,Monthly,1,1800,0,1800
MS00112,M00052,2024-02-28,2024-03-27,Monthly,1,1800,10,1620
MS00113,M00052,2024-03-28,2024-09-27,Half-Yearly,6,8500,0,8500
MS00114,M00053,2024-12-14,2025-01-13,Monthly,1,1800,15,1530
MS00115,M00053,2025-01-14,2025-07-13,Half-Yearly,6,8500,10,7650
MS00116,M00053,2025-07-14,2025-08-13,Monthly,1,1800,5,1710
MS00117,M00054,2024-04-08,2024-07-07,Quarterly,3,4800,5,4560
MS00118,M00055,2025-04-19,2025-12-31,Yearly,12,15000,5,14250
MS00119,M00056,2025-03-11,2025-04-10,Monthly,1,1800,5,1710
MS00120,M00057,2025-08-11,2025-09-10,Monthly,1,1800,0,1800
MS00121,M00057,2025-09-11,2025-10-10,Monthly,1,1800,15,1530
MS00122,M00058,2025-04-20,2025-05-19,Monthly,1,1800,0,1800
MS00123,M00058,2025-05-20,2025-08-19,Quarterly,3,4800,5,4560
MS00124,M00058,2025-08-20,2025-09-19,Monthly,1,1800,10,1620
MS00125,M00059,2024-08-21,2024-11-20,Quarterly,3,4800,5,4560
MS00126,M00060,2025-09-09,2025-12-08,Quarterly,3,4800,15,4080
MS00127,M00060,2025-12-09,2025-12-31,Monthly,1,1800,0,1800
MS00128,M00061,2024-09-19,2024-12-18,Quarterly,3,4800,0,4800
MS00129,M00062,2024-07-26,2025-07-25,Yearly,12,15000,0,15000
MS00130,M00062,2025-07-26,2025-10-25,Quarterly,3,4800,0,4800
MS00131,M00063,2025-07-31,2025-08-30,Monthly,1,1800,10,1620
MS00132,M00064,2024-08-24,2025-08-23,Yearly,12,15000,10,13500
MS00133,M00064,2025-08-24,2025-09-23,Monthly,1,1800,5,1710
MS00134,M00064,2025-09-24,2025-12-23,Quarterly,3,4800,0,4800
MS00135,M00064,2025-12-24,2025-12-31,Quarterly,3,4800,5,4560
MS00136,M00065,2024-02-18,2024-05-17,Quarterly,3,4800,0,4800
MS00137,M00066,2024-10-26,2025-01-25,Quarterly,3,4800,5,4560
MS00138,M00066,2025-01-26,2025-04-25,Quarterly,3,4800,0,4800
MS00139,M00067,2025-05-22,2025-06-21,Monthly,1,1800,10,1620
MS00140,M00068,2024-04-30,2024-07-29,Quarterly,3,4800,10,4320
MS00141,M00069,2024-10-22,2024-11-21,Monthly,1,1800,10,1620
MS00142,M00070,2024-03-23,2024-04-22,Monthly,1,1800,0,1800
MS00143,M00071,2025-03-13,2025-04-12,Monthly,1,1800,5,1710
MS00144,M00072,2024-10-30,2025-04-29,Half-Yearly,6,8500,0,8500
MS00145,M00072,2025-04-30,2025-10-29,Half-Yearly,6,8500,0,8500
MS00146,M00072,2025-10-30,2025-11-29,Monthly,1,1800,0,1800
MS00147,M00072,2025-11-30,2025-12-29,Monthly,1,1800,5,1710
MS00148,M00073,2024-07-29,2025-07-28,Yearly,12,15000,10,13500
MS00149,M00073,2025-07-29,2025-08-28,Monthly,1,1800,10,1620
MS00150,M00073,2025-08-29,2025-09-28,Monthly,1,1800,0,1800
MS00151,M00074,2024-05-24,2024-06-23,Monthly,1,1800,0,1800
MS00152,M00075,2024-12-26,2025-06-25,Half-Yearly,6,8500,0,8500
MS00153,M00076,2025-03-03,2025-04-02,Monthly,1,1800,0,1800
MS00154,M00076,2025-04-03,2025-05-02,Monthly,1,1800,0,1800
MS00155,M00077,2025-08-22,2025-09-21,Monthly,1,1800,15,1530
MS00156,M00077,2025-09-22,2025-10-21,Monthly,1,1800,5,1710
MS00157,M00078,2024-10-05,2024-11-04,Monthly,1,1800,0,1800
MS00158,M00079,2024-04-12,2024-05-11,Monthly,1,1800,5,1710
MS00159,M00080,2025-06-15,2025-07-14,Monthly,1,1800,10,1620
MS00160,M00080,2025-07-15,2025-12-31,Yearly,12,15000,15,12750
MS00161,M00081,2025-02-05,2025-12-31,Yearly,12,15000,10,13500
MS00162,M00082,2025-03-22,2025-04-21,Monthly,1,1800,0,1800
MS00163,M00082,2025-04-22,2025-07-21,Quarterly,3,4800,5,4560
MS00164,M00083,2024-03-03,2024-04-02,Monthly,1,1800,0,1800
MS00165,M00083,2024-04-03,2025-04-02,Yearly,12,15000,0,15000
MS00166,M00083,2025-04-03,2025-05-02,Monthly,1,1800,15,1530
MS00167,M00083,2025-05-03,2025-08-02,Quarterly,3,4800,0,4800
MS00168,M00083,2025-08-03,2025-11-02,Quarterly,3,4800,5,4560
MS00169,M00084,2024-07-18,2024-08-17,Monthly,1,1800,15,1530
MS00170,M00085,2025-05-04,2025-12-31,Yearly,12,15000,0,15000
MS00171,M00086,2025-06-14,2025-07-13,Monthly,1,1800,10,1620
MS00172,M00087,2024-10-04,2025-01-03,Quarterly,3,4800,0,4800
MS00173,M00087,2025-01-04,2025-02-03,Monthly,1,1800,10,1620
MS00174,M00087,2025-02-04,2025-03-03,Monthly,1,1800,0,1800
MS00175,M00087,2025-03-04,2025-12-31,Yearly,12,15000,0,15000
MS00176,M00088,2025-05-28,2025-08-27,Quarterly,3,4800,5,4560
MS00177,M00088,2025-08-28,2025-11-27,Quarterly,3,4800,5,4560
MS00178,M00088,2025-11-28,2025-12-31,Yearly,12,15000,0,15000
MS00179,M00089,2025-06-20,2025-07-19,Monthly,1,1800,5,1710
MS00180,M00089,2025-07-20,2025-08-19,Monthly,1,1800,0,1800
MS00181,M00089,2025-08-20,2025-09-19,Monthly,1,1800,10,1620
MS00182,M00089,2025-09-20,2025-12-31,Yearly,12,15000,5,14250
MS00183,M00090,2024-09-04,2025-09-03,Yearly,12,15000,0,15000
MS00184,M00090,2025-09-04,2025-10-03,Monthly,1,1800,0,1800
MS00185,M00090,2025-10-04,2025-12-31,Quarterly,3,4800,10,4320
MS00186,M00091,2025-07-26,2025-12-31,Half-Yearly,6,8500,0,8500
MS00187,M00092,2024-07-02,2024-08-01,Monthly,1,1800,5,1710
MS00188,M00093,2024-06-01,2024-06-30,Monthly,1,1800,0,1800
MS00189,M00094,2025-03-11,2025-09-10,Half-Yearly,6,8500,0,8500
MS00190,M00095,2025-02-10,2025-05-09,Quarterly,3,4800,0,4800
MS00191,M00095,2025-05-10,2025-12-31,Yearly,12,15000,0,15000
MS00192,M00096,2024-03-30,2024-09-29,Half-Yearly,6,8500,10,7650
MS00193,M00097,2025-06-15,2025-12-14,Half-Yearly,6,8500,0,8500
MS00194,M00098,2024-05-07,2024-06-06,Monthly,1,1800,10,1620
MS00195,M00098,2024-06-07,2024-07-06,Monthly,1,1800,0,1800
MS00196,M00099,2025-05-28,2025-08-27,Quarterly,3,4800,10,4320
MS00197,M00099,2025-08-28,2025-09-27,Monthly,1,1800,5,1710
MS00198,M00099,2025-09-28,2025-12-27,Quarterly,3,4800,15,4080
MS00199,M00100,2024-01-05,2024-02-04,Monthly,1,1800,5,1710
MS00200,M00101,2025-05-23,2025-08-22,Quarterly,3,4800,10,4320
MS00201,M00101,2025-08-23,2025-12-31,Half-Yearly,6,8500,0,8500
MS00202,M00102,2025-05-17,2025-12-31,Yearly,12,15000,10,13500
MS00203,M00103,2025-05-12,2025-11-11,Half-Yearly,6,8500,0,8500
MS00204,M00103,2025-11-12,2025-12-31,Quarterly,3,4800,5,4560
MS00205,M00104,2025-02-28,2025-05-27,Quarterly,3,4800,5,4560
MS00206,M00104,2025-05-28,2025-08-27,Quarterly,3,4800,5,4560
MS00207,M00104,2025-08-28,2025-09-27,Monthly,1,1800,5,1710
MS00208,M00105,2024-10-27,2024-11-26,Monthly,1,1800,0,1800
MS00209,M00106,2025-03-25,2025-09-24,Half-Yearly,6,8500,5,8080
MS00210,M00107,2024-06-25,2025-06-24,Yearly,12,15000,5,14250
MS00211,M00107,2025-06-25,2025-09-24,Quarterly,3,4800,10,4320
MS00212,M00108,2025-05-13,2025-06-12,Monthly,1,1800,10,1620
MS00213,M00109,2024-12-20,2025-01-19,Monthly,1,1800,15,1530
MS00214,M00110,2024-10-19,2025-04-18,Half-Yearly,6,8500,15,7220
MS00215,M00110,2025-04-19,2025-10-18,Half-Yearly,6,8500,0,8500
MS00216,M00111,2024-11-18,2025-05-17,Half-Yearly,6,8500,10,7650
MS00217,M00112,2024-12-28,2025-06-27,Half-Yearly,6,8500,0,8500
MS00218,M00112,2025-06-28,2025-07-27,Monthly,1,1800,10,1620
MS00219,M00113,2024-01-24,2024-04-23,Quarterly,3,4800,0,4800
MS00220,M00113,2024-04-24,2024-05-23,Monthly,1,1800,15,1530
MS00221,M00114,2024-03-30,2024-06-29,Quarterly,3,4800,10,4320
MS00222,M00114,2024-06-30,2024-07-29,Monthly,1,1800,5,1710
MS00223,M00115,2024-06-05,2024-07-04,Monthly,1,1800,0,1800
MS00224,M00116,2024-03-14,2024-04-13,Monthly,1,1800,0,1800
MS00225,M00117,2024-10-07,2025-10-06,Yearly,12,15000,0,15000
MS00226,M00117,2025-10-07,2025-11-06,Monthly,1,1800,0,1800
MS00227,M00118,2025-03-02,2025-04-01,Monthly,1,1800,0,1800
MS00228,M00119,2025-02-21,2025-08-20,Half-Yearly,6,8500,0,8500
MS00229,M00119,2025-08-21,2025-12-31,Half-Yearly,6,8500,5,8080
MS00230,M00120,2024-10-27,2024-11-26,Monthly,1,1800,10,1620
MS00231,M00120,2024-11-27,2024-12-26,Monthly,1,1800,10,1620
MS00232,M00121,2025-06-29,2025-07-28,Monthly,1,1800,0,1800
MS00233,M00122,2024-12-26,2025-01-25,Monthly,1,1800,0,1800
MS00234,M00122,2025-01-26,2025-02-25,Monthly,1,1800,10,1620
MS00235,M00122,2025-02-26,2025-05-25,Quarterly,3,4800,5,4560
MS00236,M00122,2025-05-26,2025-08-25,Quarterly,3,4800,0,4800
MS00237,M00123,2024-02-20,2024-08-19,Half-Yearly,6,8500,10,7650
MS00238,M00123,2024-08-20,2025-02-19,Half-Yearly,6,8500,5,8080
MS00239,M00123,2025-02-20,2025-03-19,Monthly,1,1800,0,1800
MS00240,M00123,2025-03-20,2025-04-19,Monthly,1,1800,10,1620
MS00241,M00124,2025-05-03,2025-06-02,Monthly,1,1800,15,1530
MS00242,M00125,2025-01-01,2025-03-31,Quarterly,3,4800,15,4080
MS00243,M00126,2025-02-08,2025-05-07,Quarterly,3,4800,0,4800
MS00244,M00126,2025-05-08,2025-12-31,Yearly,12,15000,0,15000
MS00245,M00127,2024-12-26,2025-01-25,Monthly,1,1800,5,1710
MS00246,M00127,2025-01-26,2025-12-31,Yearly,12,15000,0,15000
MS00247,M00128,2024-02-27,2024-05-26,Quarterly,3,4800,5,4560
MS00248,M00128,2024-05-27,2024-06-26,Monthly,1,1800,10,1620
MS00249,M00129,2024-12-22,2025-01-21,Monthly,1,1800,10,1620
MS00250,M00130,2025-05-22,2025-06-21,Monthly,1,1800,5,1710
MS00251,M00131,2024-07-12,2025-01-11,Half-Yearly,6,8500,0,8500
MS00252,M00131,2025-01-12,2025-02-11,Monthly,1,1800,0,1800
MS00253,M00131,2025-02-12,2025-05-11,Quarterly,3,4800,5,4560
MS00254,M00131,2025-05-12,2025-08-11,Quarterly,3,4800,0,4800
MS00255,M00131,2025-08-12,2025-12-31,Half-Yearly,6,8500,10,7650
MS00256,M00132,2025-01-19,2025-07-18,Half-Yearly,6,8500,10,7650
MS00257,M00132,2025-07-19,2025-12-31,Yearly,12,15000,0,15000
MS00258,M00133,2024-01-20,2024-07-19,Half-Yearly,6,8500,5,8080
MS00259,M00133,2024-07-20,2024-08-19,Monthly,1,1800,0,1800
MS00260,M00133,2024-08-20,2024-09-19,Monthly,1,1800,15,1530
MS00261,M00133,2024-09-20,2025-03-19,Half-Yearly,6,8500,0,8500
MS00262,M00133,2025-03-20,2025-12-31,Yearly,12,15000,0,15000
MS00263,M00134,2024-08-09,2025-02-08,Half-Yearly,6,8500,0,8500
MS00264,M00134,2025-02-09,2025-12-31,Yearly,12,15000,0,15000
MS00265,M00135,2024-10-05,2024-11-04,Monthly,1,1800,0,1800
MS00266,M00135,2024-11-05,2025-02-04,Quarterly,3,4800,0,4800
MS00267,M00136,2025-09-18,2025-12-31,Half-Yearly,6,8500,5,8080
MS00268,M00137,2024-05-16,2024-08-15,Quarterly,3,4800,10,4320
MS00269,M00137,2024-08-16,2025-02-15,Half-Yearly,6,8500,5,8080
MS00270,M00138,2024-06-25,2025-06-24,Yearly,12,15000,0,15000
MS00271,M00138,2025-06-25,2025-09-24,Quarterly,3,4800,5,4560
MS00272,M00139,2024-09-17,2024-10-16,Monthly,1,1800,5,1710
MS00273,M00140,2025-09-25,2025-12-31,Yearly,12,15000,0,15000
MS00274,M00141,2025-06-28,2025-07-27,Monthly,1,1800,5,1710
MS00275,M00141,2025-07-28,2025-10-27,Quarterly,3,4800,0,4800
MS00276,M00141,2025-10-28,2025-11-27,Monthly,1,1800,10,1620
MS00277,M00142,2024-01-23,2024-04-22,Quarterly,3,4800,5,4560
MS00278,M00142,2024-04-23,2024-05-22,Monthly,1,1800,0,1800
MS00279,M00142,2024-05-23,2025-05-22,Yearly,12,15000,0,15000
MS00280,M00142,2025-05-23,2025-11-22,Half-Yearly,6,8500,10,7650
MS00281,M00142,2025-11-23,2025-12-31,Yearly,12,15000,5,14250
MS00282,M00143,2024-05-29,2024-11-28,Half-Yearly,6,8500,0,8500
MS00283,M00144,2025-06-08,2025-09-07,Quarterly,3,4800,10,4320
MS00284,M00145,2024-02-07,2024-05-06,Quarterly,3,4800,0,4800
MS00285,M00145,2024-05-07,2024-11-06,Half-Yearly,6,8500,5,8080
MS00286,M00146,2025-06-29,2025-07-28,Monthly,1,1800,5,1710
MS00287,M00147,2024-06-28,2024-12-27,Half-Yearly,6,8500,0,8500
MS00288,M00147,2024-12-28,2025-12-27,Yearly,12,15000,10,13500
MS00289,M00147,2025-12-28,2025-12-31,Quarterly,3,4800,0,4800
MS00290,M00148,2025-08-08,2025-09-07,Monthly,1,1800,0,1800
MS00291,M00149,2024-07-06,2024-08-05,Monthly,1,1800,10,1620
MS00292,M00149,2024-08-06,2024-09-05,Monthly,1,1800,0,1800
MS00293,M00149,2024-09-06,2024-12-05,Quarterly,3,4800,10,4320
MS00294,M00150,2024-10-04,2025-04-03,Half-Yearly,6,8500,10,7650
MS00295,M00151,2025-02-26,2025-05-25,Quarterly,3,4800,5,4560
MS00296,M00151,2025-05-26,2025-06-25,Monthly,1,1800,5,1710
MS00297,M00152,2024-03-21,2024-04-20,Monthly,1,1800,15,1530
MS00298,M00152,2024-04-21,2024-10-20,Half-Yearly,6,8500,15,7220
MS00299,M00152,2024-10-21,2025-10-20,Yearly,12,15000,10,13500
MS00300,M00152,2025-10-21,2025-12-31,Yearly,12,15000,5,14250
MS00301,M00153,2024-12-21,2025-03-20,Quarterly,3,4800,0,4800
MS00302,M00153,2025-03-21,2025-04-20,Monthly,1,1800,0,1800
MS00303,M00154,2024-11-18,2025-11-17,Yearly,12,15000,15,12750
MS00304,M00154,2025-11-18,2025-12-31,Quarterly,3,4800,5,4560
MS00305,M00155,2025-05-15,2025-08-14,Quarterly,3,4800,0,4800
MS00306,M00156,2025-09-27,2025-10-26,Monthly,1,1800,10,1620
MS00307,M00157,2025-02-27,2025-08-26,Half-Yearly,6,8500,0,8500
MS00308,M00157,2025-08-27,2025-12-31,Yearly,12,15000,0,15000
MS00309,M00158,2024-09-18,2025-09-17,Yearly,12,15000,10,13500
MS00310,M00158,2025-09-18,2025-10-17,Monthly,1,1800,5,1710
MS00311,M00159,2024-09-16,2024-10-15,Monthly,1,1800,0,1800
MS00312,M00159,2024-10-16,2025-01-15,Quarterly,3,4800,0,4800
MS00313,M00160,2024-09-23,2024-10-22,Monthly,1,1800,0,1800
MS00314,M00161,2025-06-03,2025-12-31,Yearly,12,15000,5,14250
MS00315,M00162,2024-07-23,2024-08-22,Monthly,1,1800,0,1800
MS00316,M00162,2024-08-23,2024-09-22,Monthly,1,1800,10,1620
MS00317,M00163,2024-04-16,2024-05-15,Monthly,1,1800,0,1800
MS00318,M00164,2024-08-01,2024-10-31,Quarterly,3,4800,0,4800
MS00319,M00164,2024-11-01,2024-11-30,Monthly,1,1800,0,1800
MS00320,M00164,2024-12-01,2025-02-28,Quarterly,3,4800,0,4800
MS00321,M00164,2025-03-01,2025-03-31,Monthly,1,1800,0,1800
MS00322,M00164,2025-04-01,2025-12-31,Yearly,12,15000,10,13500
MS00323,M00165,2024-01-15,2024-04-14,Quarterly,3,4800,5,4560
MS00324,M00165,2024-04-15,2024-07-14,Quarterly,3,4800,15,4080
MS00325,M00165,2024-07-15,2024-10-14,Quarterly,3,4800,5,4560
MS00326,M00165,2024-10-15,2024-11-14,Monthly,1,1800,5,1710
MS00327,M00165,2024-11-15,2025-05-14,Half-Yearly,6,8500,5,8080
MS00328,M00165,2025-05-15,2025-12-31,Yearly,12,15000,10,13500
MS00329,M00166,2024-03-08,2025-03-07,Yearly,12,15000,10,13500
MS00330,M00166,2025-03-08,2025-06-07,Quarterly,3,4800,5,4560
MS00331,M00167,2024-02-27,2025-02-26,Yearly,12,15000,5,14250
MS00332,M00167,2025-02-27,2025-03-26,Monthly,1,1800,10,1620
MS00333,M00167,2025-03-27,2025-04-26,Monthly,1,1800,0,1800
MS00334,M00168,2025-04-05,2025-05-04,Monthly,1,1800,0,1800
MS00335,M00168,2025-05-05,2025-06-04,Monthly,1,1800,0,1800
MS00336,M00168,2025-06-05,2025-09-04,Quarterly,3,4800,0,4800
MS00337,M00168,2025-09-05,2025-12-04,Quarterly,3,4800,0,4800
MS00338,M00168,2025-12-05,2025-12-31,Monthly,1,1800,0,1800
MS00339,M00169,2025-03-20,2025-12-31,Yearly,12,15000,0,15000
MS00340,M00170,2024-10-21,2025-10-20,Yearly,12,15000,5,14250
MS00341,M00171,2025-04-02,2025-07-01,Quarterly,3,4800,5,4560
MS00342,M00172,2024-04-12,2024-05-11,Monthly,1,1800,10,1620
MS00343,M00173,2025-07-28,2025-10-27,Quarterly,3,4800,0,4800
MS00344,M00173,2025-10-28,2025-11-27,Monthly,1,1800,15,1530
MS00345,M00174,2024-11-15,2025-05-14,Half-Yearly,6,8500,0,8500
MS00346,M00174,2025-05-15,2025-06-14,Monthly,1,1800,0,1800
MS00347,M00175,2025-08-21,2025-12-31,Yearly,12,15000,10,13500
MS00348,M00176,2024-04-07,2024-05-06,Monthly,1,1800,5,1710
MS00349,M00177,2024-11-13,2025-02-12,Quarterly,3,4800,5,4560
MS00350,M00177,2025-02-13,2025-03-12,Monthly,1,1800,15,1530
MS00351,M00178,2025-03-20,2025-12-31,Yearly,12,15000,0,15000
MS00352,M00179,2024-11-12,2024-12-11,Monthly,1,1800,10,1620
MS00353,M00179,2024-12-12,2025-03-11,Quarterly,3,4800,0,4800
MS00354,M00179,2025-03-12,2025-04-11,Monthly,1,1800,5,1710
MS00355,M00180,2024-10-11,2025-10-10,Yearly,12,15000,5,14250
MS00356,M00180,2025-10-11,2025-12-31,Half-Yearly,6,8500,0,8500
MS00357,M00181,2024-04-16,2024-10-15,Half-Yearly,6,8500,5,8080
MS00358,M00181,2024-10-16,2024-11-15,Monthly,1,1800,0,1800
MS00359,M00182,2024-08-31,2024-11-29,Quarterly,3,4800,5,4560
MS00360,M00182,2024-11-30,2025-05-29,Half-Yearly,6,8500,0,8500
MS00361,M00182,2025-05-30,2025-08-29,Quarterly,3,4800,0,4800
MS00362,M00182,2025-08-30,2025-09-29,Monthly,1,1800,0,1800
MS00363,M00183,2024-06-01,2024-11-30,Half-Yearly,6,8500,15,7220
MS00364,M00184,2024-07-11,2024-08-10,Monthly,1,1800,0,1800
MS00365,M00185,2025-03-12,2025-04-11,Monthly,1,1800,15,1530
MS00366,M00185,2025-04-12,2025-07-11,Quarterly,3,4800,5,4560
MS00367,M00186,2025-02-06,2025-05-05,Quarterly,3,4800,5,4560
MS00368,M00186,2025-05-06,2025-08-05,Quarterly,3,4800,10,4320
MS00369,M00186,2025-08-06,2025-12-31,Half-Yearly,6,8500,0,8500
MS00370,M00187,2025-01-22,2025-12-31,Yearly,12,15000,0,15000
MS00371,M00188,2024-08-18,2024-11-17,Quarterly,3,4800,15,4080
MS00372,M00188,2024-11-18,2024-12-17,Monthly,1,1800,10,1620
MS00373,M00189,2025-09-04,2025-12-03,Quarterly,3,4800,0,4800
MS00374,M00189,2025-12-04,2025-12-31,Yearly,12,15000,5,14250
MS00375,M00190,2024-02-25,2025-02-24,Yearly,12,15000,5,14250
MS00376,M00190,2025-02-25,2025-05-24,Quarterly,3,4800,10,4320
MS00377,M00191,2024-08-06,2024-09-05,Monthly,1,1800,15,1530
MS00378,M00192,2024-03-16,2024-09-15,Half-Yearly,6,8500,0,8500
MS00379,M00192,2024-09-16,2024-12-15,Quarterly,3,4800,10,4320
MS00380,M00192,2024-12-16,2025-01-15,Monthly,1,1800,10,1620
MS00381,M00193,2024-08-04,2024-09-03,Monthly,1,1800,0,1800
MS00382,M00193,2024-09-04,2024-10-03,Monthly,1,1800,0,1800
MS00383,M00194,2025-09-05,2025-12-04,Quarterly,3,4800,0,4800
MS00384,M00194,2025-12-05,2025-12-31,Yearly,12,15000,0,15000
MS00385,M00195,2024-08-21,2024-09-20,Monthly,1,1800,10,1620
MS00386,M00196,2025-08-02,2025-09-01,Monthly,1,1800,5,1710
MS00387,M00197,2024-11-11,2024-12-10,Monthly,1,1800,10,1620
MS00388,M00197,2024-12-11,2025-03-10,Quarterly,3,4800,15,4080
MS00389,M00197,2025-03-11,2025-04-10,Monthly,1,1800,0,1800
MS00390,M00198,2025-03-22,2025-04-21,Monthly,1,1800,0,1800
MS00391,M00199,2024-10-18,2025-04-17,Half-Yearly,6,8500,5,8080
MS00392,M00200,2024-06-18,2024-07-17,Monthly,1,1800,5,1710
MS00393,M00201,2025-05-02,2025-06-01,Monthly,1,1800,10,1620
MS00394,M00202,2025-09-10,2025-10-09,Monthly,1,1800,0,1800
MS00395,M00202,2025-10-10,2025-12-31,Yearly,12,15000,0,15000
MS00396,M00203,2024-06-17,2024-07-16,Monthly,1,1800,15,1530
MS00397,M00204,2025-05-11,2025-06-10,Monthly,1,1800,0,1800
MS00398,M00205,2024-06-15,2024-07-14,Monthly,1,1800,0,1800
MS00399,M00206,2025-04-02,2025-12-31,Yearly,12,15000,10,13500
MS00400,M00207,2025-05-18,2025-08-17,Quarterly,3,4800,10,4320
MS00401,M00207,2025-08-18,2025-12-31,Half-Yearly,6,8500,5,8080
MS00402,M00208,2024-10-13,2025-10-12,Yearly,12,15000,0,15000
MS00403,M00208,2025-10-13,2025-12-31,Quarterly,3,4800,0,4800
MS00404,M00209,2025-04-15,2025-12-31,Yearly,12,15000,0,15000
MS00405,M00210,2024-06-22,2024-09-21,Quarterly,3,4800,10,4320
MS00406,M00211,2024-02-20,2024-03-19,Monthly,1,1800,0,1800
MS00407,M00212,2024-03-02,2024-04-01,Monthly,1,1800,5,1710
MS00408,M00212,2024-04-02,2024-05-01,Monthly,1,1800,15,1530
MS00409,M00213,2024-10-12,2025-04-11,Half-Yearly,6,8500,0,8500
MS00410,M00214,2025-07-29,2025-10-28,Quarterly,3,4800,15,4080
MS00411,M00214,2025-10-29,2025-11-28,Monthly,1,1800,5,1710
MS00412,M00215,2024-03-22,2024-04-21,Monthly,1,1800,0,1800
MS00413,M00216,2024-10-17,2025-10-16,Yearly,12,15000,10,13500
MS00414,M00217,2025-03-25,2025-06-24,Quarterly,3,4800,10,4320
MS00415,M00217,2025-06-25,2025-07-24,Monthly,1,1800,5,1710
MS00416,M00218,2024-05-09,2024-08-08,Quarterly,3,4800,0,4800
MS00417,M00219,2025-04-05,2025-10-04,Half-Yearly,6,8500,0,8500
MS00418,M00220,2024-07-14,2024-08-13,Monthly,1,1800,0,1800
MS00419,M00220,2024-08-14,2024-11-13,Quarterly,3,4800,0,4800
MS00420,M00221,2025-05-30,2025-11-29,Half-Yearly,6,8500,5,8080
MS00421,M00222,2025-01-04,2025-12-31,Yearly,12,15000,0,15000
MS00422,M00223,2024-12-14,2025-01-13,Monthly,1,1800,5,1710
MS00423,M00223,2025-01-14,2025-04-13,Quarterly,3,4800,5,4560
MS00424,M00223,2025-04-14,2025-05-13,Monthly,1,1800,0,1800
MS00425,M00223,2025-05-14,2025-11-13,Half-Yearly,6,8500,5,8080
MS00426,M00223,2025-11-14,2025-12-31,Quarterly,3,4800,5,4560
MS00427,M00224,2024-04-22,2024-05-21,Monthly,1,1800,0,1800
MS00428,M00224,2024-05-22,2024-06-21,Monthly,1,1800,10,1620
MS00429,M00224,2024-06-22,2024-07-21,Monthly,1,1800,0,1800
MS00430,M00224,2024-07-22,2024-08-21,Monthly,1,1800,0,1800
MS00431,M00224,2024-08-22,2025-08-21,Yearly,12,15000,0,15000
MS00432,M00224,2025-08-22,2025-11-21,Quarterly,3,4800,0,4800
MS00433,M00224,2025-11-22,2025-12-21,Monthly,1,1800,10,1620
MS00434,M00225,2024-10-22,2025-01-21,Quarterly,3,4800,0,4800
MS00435,M00225,2025-01-22,2025-02-21,Monthly,1,1800,10,1620
MS00436,M00225,2025-02-22,2025-05-21,Quarterly,3,4800,0,4800
MS00437,M00225,2025-05-22,2025-06-21,Monthly,1,1800,0,1800
MS00438,M00226,2025-06-30,2025-09-29,Quarterly,3,4800,0,4800
MS00439,M00226,2025-09-30,2025-12-31,Half-Yearly,6,8500,5,8080
MS00440,M00227,2024-01-13,2024-04-12,Quarterly,3,4800,5,4560
MS00441,M00228,2025-04-28,2025-05-27,Monthly,1,1800,5,1710
MS00442,M00229,2024-11-10,2024-12-09,Monthly,1,1800,10,1620
MS00443,M00229,2024-12-10,2025-01-09,Monthly,1,1800,10,1620
MS00444,M00230,2025-04-04,2025-05-03,Monthly,1,1800,5,1710
MS00445,M00230,2025-05-04,2025-08-03,Quarterly,3,4800,0,4800
MS00446,M00231,2025-02-27,2025-03-26,Monthly,1,1800,0,1800
MS00447,M00232,2024-10-02,2024-11-01,Monthly,1,1800,0,1800
MS00448,M00232,2024-11-02,2025-02-01,Quarterly,3,4800,0,4800
MS00449,M00232,2025-02-02,2025-03-01,Monthly,1,1800,5,1710
MS00450,M00233,2024-07-15,2024-08-14,Monthly,1,1800,5,1710
MS00451,M00233,2024-08-15,2024-09-14,Monthly,1,1800,10,1620
MS00452,M00234,2025-02-04,2025-08-03,Half-Yearly,6,8500,15,7220
MS00453,M00234,2025-08-04,2025-11-03,Quarterly,3,4800,0,4800
MS00454,M00235,2024-03-30,2024-06-29,Quarterly,3,4800,0,4800
MS00455,M00236,2025-01-07,2025-04-06,Quarterly,3,4800,15,4080
MS00456,M00237,2024-03-01,2024-08-31,Half-Yearly,6,8500,5,8080
MS00457,M00237,2024-09-01,2025-02-28,Half-Yearly,6,8500,0,8500
MS00458,M00237,2025-03-01,2025-12-31,Yearly,12,15000,10,13500
MS00459,M00238,2025-02-18,2025-03-17,Monthly,1,1800,0,1800
MS00460,M00239,2025-02-05,2025-03-04,Monthly,1,1800,0,1800
MS00461,M00239,2025-03-05,2025-09-04,Half-Yearly,6,8500,5,8080
MS00462,M00239,2025-09-05,2025-12-04,Quarterly,3,4800,0,4800
MS00463,M00240,2024-02-23,2024-05-22,Quarterly,3,4800,5,4560
MS00464,M00240,2024-05-23,2024-06-22,Monthly,1,1800,0,1800
MS00465,M00241,2025-04-28,2025-05-27,Monthly,1,1800,5,1710
MS00466,M00241,2025-05-28,2025-12-31,Yearly,12,15000,10,13500
MS00467,M00242,2024-09-22,2024-12-21,Quarterly,3,4800,5,4560
MS00468,M00243,2025-05-17,2025-12-31,Yearly,12,15000,10,13500
MS00469,M00244,2024-01-27,2024-04-26,Quarterly,3,4800,0,4800
MS00470,M00245,2024-04-24,2024-10-23,Half-Yearly,6,8500,0,8500
MS00471,M00245,2024-10-24,2024-11-23,Monthly,1,1800,0,1800
MS00472,M00246,2024-11-11,2024-12-10,Monthly,1,1800,10,1620
MS00473,M00246,2024-12-11,2025-03-10,Quarterly,3,4800,10,4320
MS00474,M00247,2024-04-30,2024-10-29,Half-Yearly,6,8500,0,8500
MS00475,M00247,2024-10-30,2025-04-29,Half-Yearly,6,8500,10,7650
MS00476,M00248,2024-07-29,2025-01-28,Half-Yearly,6,8500,0,8500
MS00477,M00248,2025-01-29,2025-12-31,Yearly,12,15000,5,14250
MS00478,M00249,2025-02-25,2025-05-24,Quarterly,3,4800,10,4320
MS00479,M00250,2024-04-02,2024-05-01,Monthly,1,1800,10,1620
MS00480,M00250,2024-05-02,2024-06-01,Monthly,1,1800,10,1620
MS00481,M00250,2024-06-02,2024-07-01,Monthly,1,1800,5,1710
MS00482,M00251,2025-03-08,2025-04-07,Monthly,1,1800,5,1710
MS00483,M00252,2024-03-06,2024-04-05,Monthly,1,1800,10,1620
MS00484,M00253,2024-04-21,2024-10-20,Half-Yearly,6,8500,10,7650
MS00485,M00254,2025-01-09,2025-07-08,Half-Yearly,6,8500,0,8500
MS00486,M00255,2025-05-21,2025-08-20,Quarterly,3,4800,0,4800
MS00487,M00255,2025-08-21,2025-12-31,Half-Yearly,6,8500,0,8500
MS00488,M00256,2024-04-18,2024-07-17,Quarterly,3,4800,0,4800
MS00489,M00257,2024-07-10,2024-08-09,Monthly,1,1800,10,1620
MS00490,M00258,2025-08-13,2025-09-12,Monthly,1,1800,5,1710
MS00491,M00258,2025-09-13,2025-10-12,Monthly,1,1800,5,1710
MS00492,M00258,2025-10-13,2025-12-31,Half-Yearly,6,8500,5,8080
MS00493,M00259,2025-09-23,2025-10-22,Monthly,1,1800,10,1620
MS00494,M00259,2025-10-23,2025-12-31,Quarterly,3,4800,0,4800
MS00495,M00260,2025-01-05,2025-02-04,Monthly,1,1800,5,1710
MS00496,M00261,2024-10-12,2024-11-11,Monthly,1,1800,5,1710
MS00497,M00261,2024-11-12,2024-12-11,Monthly,1,1800,0,1800
MS00498,M00262,2024-08-09,2025-08-08,Yearly,12,15000,0,15000
MS00499,M00263,2025-01-25,2025-07-24,Half-Yearly,6,8500,0,8500
MS00500,M00263,2025-07-25,2025-08-24,Monthly,1,1800,0,1800
MS00501,M00264,2025-01-12,2025-04-11,Quarterly,3,4800,0,4800
MS00502,M00265,2024-07-07,2024-08-06,Monthly,1,1800,10,1620
MS00503,M00266,2024-01-15,2024-02-14,Monthly,1,1800,5,1710
MS00504,M00266,2024-02-15,2025-02-14,Yearly,12,15000,0,15000
MS00505,M00267,2024-04-06,2025-04-05,Yearly,12,15000,5,14250
MS00506,M00267,2025-04-06,2025-07-05,Quarterly,3,4800,0,4800
MS00507,M00268,2025-09-03,2025-10-02,Monthly,1,1800,10,1620
MS00508,M00269,2024-09-23,2024-10-22,Monthly,1,1800,0,1800
MS00509,M00269,2024-10-23,2024-11-22,Monthly,1,1800,5,1710
MS00510,M00269,2024-11-23,2025-11-22,Yearly,12,15000,0,15000
MS00511,M00269,2025-11-23,2025-12-22,Monthly,1,1800,0,1800
MS00512,M00270,2024-11-03,2024-12-02,Monthly,1,1800,5,1710
MS00513,M00271,2024-10-25,2024-11-24,Monthly,1,1800,0,1800
MS00514,M00271,2024-11-25,2024-12-24,Monthly,1,1800,10,1620
MS00515,M00271,2024-12-25,2025-01-24,Monthly,1,1800,5,1710
MS00516,M00271,2025-01-25,2025-12-31,Yearly,12,15000,10,13500
MS00517,M00272,2025-05-14,2025-08-13,Quarterly,3,4800,0,4800
MS00518,M00272,2025-08-14,2025-12-31,Half-Yearly,6,8500,0,8500
MS00519,M00273,2024-02-11,2024-05-10,Quarterly,3,4800,10,4320
MS00520,M00273,2024-05-11,2024-06-10,Monthly,1,1800,10,1620
MS00521,M00273,2024-06-11,2025-06-10,Yearly,12,15000,0,15000
MS00522,M00274,2024-02-22,2025-02-21,Yearly,12,15000,0,15000
MS00523,M00275,2024-06-24,2024-07-23,Monthly,1,1800,0,1800
MS00524,M00275,2024-07-24,2024-10-23,Quarterly,3,4800,0,4800
MS00525,M00275,2024-10-24,2025-10-23,Yearly,12,15000,10,13500
MS00526,M00275,2025-10-24,2025-12-31,Quarterly,3,4800,0,4800
MS00527,M00276,2024-11-06,2025-11-05,Yearly,12,15000,15,12750
MS00528,M00276,2025-11-06,2025-12-05,Monthly,1,1800,0,1800
MS00529,M00276,2025-12-06,2025-12-31,Monthly,1,1800,0,1800
MS00530,M00277,2025-03-04,2025-04-03,Monthly,1,1800,10,1620
MS00531,M00278,2024-11-09,2025-02-08,Quarterly,3,4800,0,4800
MS00532,M00279,2024-10-08,2024-11-07,Monthly,1,1800,10,1620
MS00533,M00279,2024-11-08,2025-11-07,Yearly,12,15000,0,15000
MS00534,M00280,2025-08-21,2025-09-20,Monthly,1,1800,10,1620
MS00535,M00281,2024-04-12,2024-05-11,Monthly,1,1800,10,1620
MS00536,M00281,2024-05-12,2024-08-11,Quarterly,3,4800,0,4800
MS00537,M00282,2024-12-30,2025-06-29,Half-Yearly,6,8500,0,8500
MS00538,M00283,2024-12-11,2025-12-10,Yearly,12,15000,5,14250
MS00539,M00283,2025-12-11,2025-12-31,Monthly,1,1800,0,1800
MS00540,M00284,2024-10-29,2024-11-28,Monthly,1,1800,10,1620
MS00541,M00285,2025-05-30,2025-08-29,Quarterly,3,4800,0,4800
MS00542,M00285,2025-08-30,2025-12-31,Half-Yearly,6,8500,5,8080
MS00543,M00286,2024-06-19,2024-09-18,Quarterly,3,4800,0,4800
MS00544,M00287,2025-08-31,2025-11-29,Quarterly,3,4800,0,4800
MS00545,M00288,2024-07-30,2024-08-29,Monthly,1,1800,0,1800
MS00546,M00288,2024-08-30,2024-11-29,Quarterly,3,4800,10,4320
MS00547,M00288,2024-11-30,2025-05-29,Half-Yearly,6,8500,10,7650
MS00548,M00288,2025-05-30,2025-06-29,Monthly,1,1800,0,1800
MS00549,M00288,2025-06-30,2025-12-31,Yearly,12,15000,10,13500
MS00550,M00289,2024-12-13,2025-03-12,Quarterly,3,4800,0,4800
MS00551,M00289,2025-03-13,2025-04-12,Monthly,1,1800,0,1800
MS00552,M00289,2025-04-13,2025-05-12,Monthly,1,1800,0,1800
MS00553,M00289,2025-05-13,2025-08-12,Quarterly,3,4800,0,4800
MS00554,M00289,2025-08-13,2025-09-12,Monthly,1,1800,15,1530
MS00555,M00289,2025-09-13,2025-12-12,Quarterly,3,4800,0,4800
MS00556,M00289,2025-12-13,2025-12-31,Quarterly,3,4800,10,4320
MS00557,M00290,2024-11-28,2025-02-27,Quarterly,3,4800,0,4800
MS00558,M00291,2025-06-26,2025-07-25,Monthly,1,1800,5,1710
MS00559,M00292,2024-10-07,2024-11-06,Monthly,1,1800,5,1710
MS00560,M00292,2024-11-07,2024-12-06,Monthly,1,1800,15,1530
MS00561,M00292,2024-12-07,2025-01-06,Monthly,1,1800,5,1710
MS00562,M00292,2025-01-07,2025-02-06,Monthly,1,1800,0,1800
MS00563,M00293,2024-06-30,2024-07-29,Monthly,1,1800,10,1620
MS00564,M00293,2024-07-30,2025-07-29,Yearly,12,15000,0,15000
MS00565,M00293,2025-07-30,2025-12-31,Yearly,12,15000,10,13500
MS00566,M00294,2024-01-14,2024-02-13,Monthly,1,1800,10,1620
MS00567,M00294,2024-02-14,2024-03-13,Monthly,1,1800,5,1710
MS00568,M00295,2024-08-20,2024-11-19,Quarterly,3,4800,5,4560
MS00569,M00296,2025-06-11,2025-07-10,Monthly,1,1800,10,1620
MS00570,M00296,2025-07-11,2025-12-31,Half-Yearly,6,8500,5,8080
MS00571,M00297,2024-01-07,2024-04-06,Quarterly,3,4800,10,4320
MS00572,M00297,2024-04-07,2024-05-06,Monthly,1,1800,0,1800
MS00573,M00298,2025-07-25,2025-10-24,Quarterly,3,4800,0,4800
MS00574,M00298,2025-10-25,2025-12-31,Quarterly,3,4800,0,4800
MS00575,M00299,2024-12-12,2025-01-11,Monthly,1,1800,5,1710
MS00576,M00300,2024-03-30,2024-06-29,Quarterly,3,4800,0,4800
MS00577,M00301,2024-07-11,2024-08-10,Monthly,1,1800,15,1530
MS00578,M00301,2024-08-11,2025-08-10,Yearly,12,15000,10,13500
MS00579,M00302,2024-12-19,2025-01-18,Monthly,1,1800,10,1620
MS00580,M00303,2024-07-20,2024-08-19,Monthly,1,1800,5,1710
MS00581,M00304,2024-03-10,2025-03-09,Yearly,12,15000,10,13500
MS00582,M00304,2025-03-10,2025-06-09,Quarterly,3,4800,0,4800
MS00583,M00304,2025-06-10,2025-12-09,Half-Yearly,6,8500,5,8080
MS00584,M00305,2025-02-28,2025-05-27,Quarterly,3,4800,0,4800
MS00585,M00306,2025-03-04,2025-04-03,Monthly,1,1800,15,1530
MS00586,M00307,2024-03-16,2025-03-15,Yearly,12,15000,10,13500
MS00587,M00307,2025-03-16,2025-06-15,Quarterly,3,4800,10,4320
MS00588,M00307,2025-06-16,2025-12-15,Half-Yearly,6,8500,0,8500
MS00589,M00308,2024-06-28,2024-09-27,Quarterly,3,4800,10,4320
MS00590,M00308,2024-09-28,2024-12-27,Quarterly,3,4800,10,4320
MS00591,M00308,2024-12-28,2025-01-27,Monthly,1,1800,0,1800
MS00592,M00309,2024-06-04,2024-09-03,Quarterly,3,4800,5,4560
MS00593,M00309,2024-09-04,2024-10-03,Monthly,1,1800,10,1620
MS00594,M00310,2025-02-24,2025-03-23,Monthly,1,1800,0,1800
MS00595,M00310,2025-03-24,2025-09-23,Half-Yearly,6,8500,5,8080
MS00596,M00310,2025-09-24,2025-12-23,Quarterly,3,4800,10,4320
MS00597,M00310,2025-12-24,2025-12-31,Monthly,1,1800,0,1800
MS00598,M00311,2025-04-10,2025-07-09,Quarterly,3,4800,5,4560
MS00599,M00312,2025-04-08,2025-05-07,Monthly,1,1800,0,1800
MS00600,M00313,2025-08-21,2025-12-31,Yearly,12,15000,0,15000
MS00601,M00314,2025-05-05,2025-12-31,Yearly,12,15000,5,14250
MS00602,M00315,2024-07-23,2024-08-22,Monthly,1,1800,0,1800
MS00603,M00315,2024-08-23,2024-09-22,Monthly,1,1800,10,1620
MS00604,M00316,2024-03-09,2024-09-08,Half-Yearly,6,8500,0,8500
MS00605,M00316,2024-09-09,2025-03-08,Half-Yearly,6,8500,0,8500
MS00606,M00316,2025-03-09,2025-04-08,Monthly,1,1800,0,1800
MS00607,M00316,2025-04-09,2025-05-08,Monthly,1,1800,10,1620
MS00608,M00316,2025-05-09,2025-08-08,Quarterly,3,4800,5,4560
MS00609,M00316,2025-08-09,2025-11-08,Quarterly,3,4800,0,4800
MS00610,M00316,2025-11-09,2025-12-31,Quarterly,3,4800,15,4080
MS00611,M00317,2025-01-27,2025-02-26,Monthly,1,1800,15,1530
MS00612,M00318,2025-08-07,2025-12-31,Half-Yearly,6,8500,5,8080
MS00613,M00319,2025-09-14,2025-12-13,Quarterly,3,4800,5,4560
MS00614,M00320,2024-05-26,2024-06-25,Monthly,1,1800,15,1530
MS00615,M00321,2024-05-30,2024-08-29,Quarterly,3,4800,0,4800
MS00616,M00322,2024-01-24,2024-02-23,Monthly,1,1800,5,1710
MS00617,M00322,2024-02-24,2024-08-23,Half-Yearly,6,8500,15,7220
MS00618,M00322,2024-08-24,2025-02-23,Half-Yearly,6,8500,10,7650
MS00619,M00322,2025-02-24,2025-03-23,Monthly,1,1800,0,1800
MS00620,M00323,2024-03-31,2024-06-29,Quarterly,3,4800,0,4800
MS00621,M00323,2024-06-30,2024-07-29,Monthly,1,1800,0,1800
MS00622,M00324,2024-12-19,2025-01-18,Monthly,1,1800,10,1620
MS00623,M00325,2024-12-14,2025-06-13,Half-Yearly,6,8500,0,8500
MS00624,M00325,2025-06-14,2025-12-13,Half-Yearly,6,8500,5,8080
MS00625,M00325,2025-12-14,2025-12-31,Monthly,1,1800,5,1710
MS00626,M00326,2024-08-24,2025-08-23,Yearly,12,15000,10,13500
MS00627,M00326,2025-08-24,2025-12-31,Yearly,12,15000,5,14250
MS00628,M00327,2024-07-16,2024-08-15,Monthly,1,1800,10,1620
MS00629,M00327,2024-08-16,2025-08-15,Yearly,12,15000,0,15000
MS00630,M00327,2025-08-16,2025-12-31,Half-Yearly,6,8500,10,7650
MS00631,M00328,2025-06-13,2025-07-12,Monthly,1,1800,0,1800
MS00632,M00329,2024-10-20,2025-10-19,Yearly,12,15000,0,15000
MS00633,M00329,2025-10-20,2025-11-19,Monthly,1,1800,10,1620
MS00634,M00329,2025-11-20,2025-12-31,Yearly,12,15000,0,15000
MS00635,M00330,2025-05-30,2025-11-29,Half-Yearly,6,8500,0,8500
MS00636,M00330,2025-11-30,2025-12-31,Quarterly,3,4800,5,4560
MS00637,M00331,2025-09-06,2025-12-05,Quarterly,3,4800,0,4800
MS00638,M00332,2024-07-21,2024-08-20,Monthly,1,1800,5,1710
MS00639,M00333,2024-05-09,2025-05-08,Yearly,12,15000,0,15000
MS00640,M00333,2025-05-09,2025-08-08,Quarterly,3,4800,0,4800
MS00641,M00334,2025-08-30,2025-11-29,Quarterly,3,4800,0,4800
MS00642,M00334,2025-11-30,2025-12-31,Quarterly,3,4800,10,4320
MS00643,M00335,2025-02-09,2025-03-08,Monthly,1,1800,0,1800
MS00644,M00336,2024-07-04,2025-01-03,Half-Yearly,6,8500,10,7650
MS00645,M00337,2025-01-31,2025-04-29,Quarterly,3,4800,10,4320
MS00646,M00337,2025-04-30,2025-07-29,Quarterly,3,4800,5,4560
MS00647,M00338,2024-11-24,2025-05-23,Half-Yearly,6,8500,0,8500
MS00648,M00339,2025-07-31,2025-12-31,Yearly,12,15000,15,12750
MS00649,M00340,2024-06-12,2025-06-11,Yearly,12,15000,10,13500
MS00650,M00340,2025-06-12,2025-07-11,Monthly,1,1800,10,1620
MS00651,M00341,2025-09-24,2025-12-23,Quarterly,3,4800,15,4080
MS00652,M00341,2025-12-24,2025-12-31,Quarterly,3,4800,0,4800
MS00653,M00342,2025-08-20,2025-09-19,Monthly,1,1800,0,1800
MS00654,M00342,2025-09-20,2025-10-19,Monthly,1,1800,0,1800
MS00655,M00343,2024-04-25,2024-05-24,Monthly,1,1800,0,1800
MS00656,M00343,2024-05-25,2024-06-24,Monthly,1,1800,0,1800
MS00657,M00344,2024-04-15,2024-07-14,Quarterly,3,4800,0,4800
MS00658,M00344,2024-07-15,2024-08-14,Monthly,1,1800,5,1710
MS00659,M00345,2024-12-06,2025-01-05,Monthly,1,1800,0,1800
MS00660,M00346,2024-01-29,2024-02-28,Monthly,1,1800,0,1800
MS00661,M00347,2024-07-09,2024-10-08,Quarterly,3,4800,0,4800
MS00662,M00348,2024-10-04,2024-11-03,Monthly,1,1800,0,1800
MS00663,M00349,2025-09-10,2025-12-09,Quarterly,3,4800,5,4560
MS00664,M00350,2025-09-25,2025-12-24,Quarterly,3,4800,10,4320
MS00665,M00350,2025-12-25,2025-12-31,Monthly,1,1800,10,1620
MS00666,M00351,2024-04-06,2024-10-05,Half-Yearly,6,8500,0,8500
MS00667,M00351,2024-10-06,2025-04-05,Half-Yearly,6,8500,5,8080
MS00668,M00351,2025-04-06,2025-05-05,Monthly,1,1800,10,1620
MS00669,M00352,2025-07-22,2025-08-21,Monthly,1,1800,0,1800
MS00670,M00352,2025-08-22,2025-11-21,Quarterly,3,4800,0,4800
MS00671,M00353,2024-02-28,2024-05-27,Quarterly,3,4800,0,4800
MS00672,M00353,2024-05-28,2024-06-27,Monthly,1,1800,5,1710
MS00673,M00353,2024-06-28,2024-07-27,Monthly,1,1800,5,1710
MS00674,M00353,2024-07-28,2024-10-27,Quarterly,3,4800,10,4320
MS00675,M00353,2024-10-28,2024-11-27,Monthly,1,1800,10,1620
MS00676,M00353,2024-11-28,2024-12-27,Monthly,1,1800,10,1620
MS00677,M00354,2025-04-22,2025-12-31,Yearly,12,15000,0,15000
MS00678,M00355,2025-06-23,2025-07-22,Monthly,1,1800,0,1800
MS00679,M00356,2025-07-22,2025-08-21,Monthly,1,1800,0,1800
MS00680,M00356,2025-08-22,2025-09-21,Monthly,1,1800,0,1800
MS00681,M00357,2024-05-22,2024-06-21,Monthly,1,1800,10,1620
MS00682,M00357,2024-06-22,2024-07-21,Monthly,1,1800,15,1530
MS00683,M00358,2025-07-24,2025-08-23,Monthly,1,1800,0,1800
MS00684,M00359,2024-03-14,2024-06-13,Quarterly,3,4800,0,4800
MS00685,M00359,2024-06-14,2024-07-13,Monthly,1,1800,10,1620
MS00686,M00360,2024-11-27,2024-12-26,Monthly,1,1800,0,1800
MS00687,M00360,2024-12-27,2025-06-26,Half-Yearly,6,8500,10,7650
MS00688,M00360,2025-06-27,2025-12-26,Half-Yearly,6,8500,0,8500
MS00689,M00360,2025-12-27,2025-12-31,Monthly,1,1800,0,1800
MS00690,M00361,2024-10-26,2025-04-25,Half-Yearly,6,8500,0,8500
MS00691,M00361,2025-04-26,2025-10-25,Half-Yearly,6,8500,10,7650
MS00692,M00361,2025-10-26,2025-11-25,Monthly,1,1800,10,1620
MS00693,M00361,2025-11-26,2025-12-25,Monthly,1,1800,0,1800
MS00694,M00361,2025-12-26,2025-12-31,Quarterly,3,4800,10,4320
MS00695,M00362,2024-07-20,2025-07-19,Yearly,12,15000,5,14250
MS00696,M00362,2025-07-20,2025-08-19,Monthly,1,1800,0,1800
MS00697,M00363,2024-01-15,2024-04-14,Quarterly,3,4800,0,4800
MS00698,M00363,2024-04-15,2024-05-14,Monthly,1,1800,0,1800
MS00699,M00363,2024-05-15,2024-06-14,Monthly,1,1800,0,1800
MS00700,M00364,2025-05-07,2025-11-06,Half-Yearly,6,8500,0,8500
MS00701,M00364,2025-11-07,2025-12-31,Quarterly,3,4800,0,4800
MS00702,M00365,2024-08-02,2024-11-01,Quarterly,3,4800,10,4320
MS00703,M00365,2024-11-02,2025-11-01,Yearly,12,15000,10,13500
MS00704,M00365,2025-11-02,2025-12-31,Yearly,12,15000,0,15000
MS00705,M00366,2025-02-26,2025-05-25,Quarterly,3,4800,10,4320
MS00706,M00367,2024-09-18,2024-12-17,Quarterly,3,4800,10,4320
MS00707,M00367,2024-12-18,2025-01-17,Monthly,1,1800,5,1710
MS00708,M00367,2025-01-18,2025-02-17,Monthly,1,1800,10,1620
MS00709,M00368,2024-08-26,2024-11-25,Quarterly,3,4800,0,4800
MS00710,M00368,2024-11-26,2025-02-25,Quarterly,3,4800,10,4320
MS00711,M00368,2025-02-26,2025-08-25,Half-Yearly,6,8500,10,7650
MS00712,M00369,2025-07-19,2025-10-18,Quarterly,3,4800,0,4800
MS00713,M00370,2024-03-01,2024-03-31,Monthly,1,1800,0,1800
MS00714,M00370,2024-04-01,2024-04-30,Monthly,1,1800,5,1710
MS00715,M00371,2025-04-14,2025-05-13,Monthly,1,1800,0,1800
MS00716,M00372,2025-04-21,2025-05-20,Monthly,1,1800,0,1800
MS00717,M00373,2024-08-30,2025-08-29,Yearly,12,15000,5,14250
MS00718,M00373,2025-08-30,2025-11-29,Quarterly,3,4800,10,4320
MS00719,M00374,2024-06-16,2024-07-15,Monthly,1,1800,10,1620
MS00720,M00375,2024-01-04,2024-02-03,Monthly,1,1800,0,1800
MS00721,M00375,2024-02-04,2025-02-03,Yearly,12,15000,0,15000
MS00722,M00375,2025-02-04,2025-03-03,Monthly,1,1800,10,1620
MS00723,M00376,2025-08-20,2025-12-31,Yearly,12,15000,5,14250
MS00724,M00377,2025-08-27,2025-11-26,Quarterly,3,4800,5,4560
MS00725,M00378,2024-06-02,2024-09-01,Quarterly,3,4800,10,4320
MS00726,M00378,2024-09-02,2024-12-01,Quarterly,3,4800,10,4320
MS00727,M00379,2024-01-21,2024-04-20,Quarterly,3,4800,0,4800
MS00728,M00380,2024-03-19,2024-04-18,Monthly,1,1800,15,1530
MS00729,M00380,2024-04-19,2024-05-18,Monthly,1,1800,10,1620
MS00730,M00380,2024-05-19,2024-06-18,Monthly,1,1800,0,1800
MS00731,M00381,2024-02-13,2024-05-12,Quarterly,3,4800,15,4080
MS00732,M00381,2024-05-13,2024-06-12,Monthly,1,1800,0,1800
MS00733,M00381,2024-06-13,2024-07-12,Monthly,1,1800,0,1800
MS00734,M00381,2024-07-13,2025-01-12,Half-Yearly,6,8500,0,8500
MS00735,M00381,2025-01-13,2025-02-12,Monthly,1,1800,5,1710
MS00736,M00382,2025-06-14,2025-12-13,Half-Yearly,6,8500,10,7650
MS00737,M00382,2025-12-14,2025-12-31,Monthly,1,1800,10,1620
MS00738,M00383,2025-07-23,2025-10-22,Quarterly,3,4800,5,4560
MS00739,M00384,2024-04-07,2025-04-06,Yearly,12,15000,0,15000
MS00740,M00384,2025-04-07,2025-10-06,Half-Yearly,6,8500,5,8080
MS00741,M00384,2025-10-07,2025-11-06,Monthly,1,1800,5,1710
MS00742,M00385,2025-04-21,2025-10-20,Half-Yearly,6,8500,0,8500
MS00743,M00385,2025-10-21,2025-12-31,Half-Yearly,6,8500,0,8500
MS00744,M00386,2024-04-24,2024-07-23,Quarterly,3,4800,0,4800
MS00745,M00387,2024-08-22,2024-09-21,Monthly,1,1800,10,1620
MS00746,M00388,2025-01-17,2025-04-16,Quarterly,3,4800,10,4320
MS00747,M00388,2025-04-17,2025-10-16,Half-Yearly,6,8500,0,8500
MS00748,M00389,2025-04-04,2025-05-03,Monthly,1,1800,5,1710
MS00749,M00389,2025-05-04,2025-06-03,Monthly,1,1800,0,1800
MS00750,M00389,2025-06-04,2025-07-03,Monthly,1,1800,0,1800
MS00751,M00390,2025-07-11,2025-08-10,Monthly,1,1800,0,1800
MS00752,M00391,2024-01-29,2024-04-28,Quarterly,3,4800,0,4800
MS00753,M00391,2024-04-29,2024-07-28,Quarterly,3,4800,5,4560
MS00754,M00392,2024-05-05,2024-08-04,Quarterly,3,4800,15,4080
MS00755,M00393,2024-06-27,2025-06-26,Yearly,12,15000,5,14250
MS00756,M00393,2025-06-27,2025-12-26,Half-Yearly,6,8500,10,7650
MS00757,M00393,2025-12-27,2025-12-31,Monthly,1,1800,0,1800
MS00758,M00394,2024-07-16,2025-07-15,Yearly,12,15000,5,14250
MS00759,M00394,2025-07-16,2025-08-15,Monthly,1,1800,0,1800
MS00760,M00395,2025-09-28,2025-12-31,Yearly,12,15000,0,15000
MS00761,M00396,2025-05-10,2025-12-31,Yearly,12,15000,5,14250
MS00762,M00397,2024-07-23,2024-08-22,Monthly,1,1800,0,1800
MS00763,M00398,2025-09-12,2025-10-11,Monthly,1,1800,10,1620
MS00764,M00399,2024-11-14,2024-12-13,Monthly,1,1800,5,1710
MS00765,M00400,2024-11-15,2025-11-14,Yearly,12,15000,0,15000
MS00766,M00401,2024-10-03,2024-11-02,Monthly,1,1800,10,1620
MS00767,M00402,2024-04-01,2024-04-30,Monthly,1,1800,10,1620
MS00768,M00403,2025-08-19,2025-12-31,Half-Yearly,6,8500,0,8500
MS00769,M00404,2024-01-09,2024-07-08,Half-Yearly,6,8500,0,8500
MS00770,M00404,2024-07-09,2025-07-08,Yearly,12,15000,5,14250
MS00771,M00404,2025-07-09,2025-12-31,Half-Yearly,6,8500,0,8500
MS00772,M00405,2024-04-21,2024-07-20,Quarterly,3,4800,0,4800
MS00773,M00406,2024-05-26,2024-11-25,Half-Yearly,6,8500,0,8500
MS00774,M00407,2024-06-27,2025-06-26,Yearly,12,15000,10,13500
MS00775,M00407,2025-06-27,2025-07-26,Monthly,1,1800,10,1620
MS00776,M00408,2024-03-25,2024-04-24,Monthly,1,1800,0,1800
MS00777,M00408,2024-04-25,2024-05-24,Monthly,1,1800,5,1710
MS00778,M00408,2024-05-25,2024-08-24,Quarterly,3,4800,5,4560
MS00779,M00408,2024-08-25,2025-08-24,Yearly,12,15000,0,15000
MS00780,M00408,2025-08-25,2025-11-24,Quarterly,3,4800,5,4560
MS00781,M00408,2025-11-25,2025-12-31,Yearly,12,15000,0,15000
MS00782,M00409,2024-01-12,2024-07-11,Half-Yearly,6,8500,10,7650
MS00783,M00409,2024-07-12,2024-08-11,Monthly,1,1800,0,1800
MS00784,M00409,2024-08-12,2024-11-11,Quarterly,3,4800,5,4560
MS00785,M00409,2024-11-12,2025-02-11,Quarterly,3,4800,10,4320
MS00786,M00409,2025-02-12,2025-03-11,Monthly,1,1800,10,1620
MS00787,M00409,2025-03-12,2025-04-11,Monthly,1,1800,0,1800
MS00788,M00410,2025-03-08,2025-06-07,Quarterly,3,4800,5,4560
MS00789,M00410,2025-06-08,2025-09-07,Quarterly,3,4800,0,4800
MS00790,M00411,2025-09-10,2025-12-31,Yearly,12,15000,5,14250
MS00791,M00412,2024-03-18,2024-09-17,Half-Yearly,6,8500,0,8500
MS00792,M00412,2024-09-18,2025-09-17,Yearly,12,15000,0,15000
MS00793,M00412,2025-09-18,2025-12-17,Quarterly,3,4800,5,4560
MS00794,M00412,2025-12-18,2025-12-31,Monthly,1,1800,5,1710
MS00795,M00413,2024-07-08,2025-07-07,Yearly,12,15000,0,15000
MS00796,M00413,2025-07-08,2025-10-07,Quarterly,3,4800,0,4800
MS00797,M00414,2024-11-19,2024-12-18,Monthly,1,1800,0,1800
MS00798,M00414,2024-12-19,2025-01-18,Monthly,1,1800,0,1800
MS00799,M00414,2025-01-19,2025-02-18,Monthly,1,1800,10,1620
MS00800,M00415,2025-08-14,2025-09-13,Monthly,1,1800,0,1800
MS00801,M00415,2025-09-14,2025-10-13,Monthly,1,1800,5,1710
MS00802,M00415,2025-10-14,2025-12-31,Yearly,12,15000,10,13500
MS00803,M00416,2025-03-18,2025-04-17,Monthly,1,1800,0,1800
MS00804,M00416,2025-04-18,2025-07-17,Quarterly,3,4800,0,4800
MS00805,M00416,2025-07-18,2025-08-17,Monthly,1,1800,5,1710
MS00806,M00416,2025-08-18,2025-12-31,Yearly,12,15000,0,15000
MS00807,M00417,2025-05-03,2025-06-02,Monthly,1,1800,5,1710
MS00808,M00417,2025-06-03,2025-09-02,Quarterly,3,4800,0,4800
MS00809,M00417,2025-09-03,2025-10-02,Monthly,1,1800,5,1710
MS00810,M00418,2025-01-05,2025-04-04,Quarterly,3,4800,15,4080
MS00811,M00418,2025-04-05,2025-12-31,Yearly,12,15000,0,15000
MS00812,M00419,2024-09-23,2024-12-22,Quarterly,3,4800,0,4800
MS00813,M00419,2024-12-23,2025-03-22,Quarterly,3,4800,0,4800
MS00814,M00419,2025-03-23,2025-09-22,Half-Yearly,6,8500,0,8500
MS00815,M00419,2025-09-23,2025-10-22,Monthly,1,1800,10,1620
MS00816,M00420,2024-05-07,2024-08-06,Quarterly,3,4800,0,4800
MS00817,M00420,2024-08-07,2024-09-06,Monthly,1,1800,10,1620
MS00818,M00421,2025-07-05,2025-12-31,Half-Yearly,6,8500,0,8500
MS00819,M00422,2025-05-28,2025-06-27,Monthly,1,1800,0,1800
MS00820,M00423,2024-01-17,2024-04-16,Quarterly,3,4800,10,4320
MS00821,M00423,2024-04-17,2025-04-16,Yearly,12,15000,0,15000
MS00822,M00423,2025-04-17,2025-05-16,Monthly,1,1800,0,1800
MS00823,M00424,2025-04-01,2025-04-30,Monthly,1,1800,0,1800
MS00824,M00424,2025-05-01,2025-10-31,Half-Yearly,6,8500,15,7220
MS00825,M00425,2024-02-23,2024-03-22,Monthly,1,1800,0,1800
MS00826,M00425,2024-03-23,2025-03-22,Yearly,12,15000,0,15000
MS00827,M00426,2025-04-16,2025-10-15,Half-Yearly,6,8500,5,8080
MS00828,M00427,2025-06-10,2025-07-09,Monthly,1,1800,0,1800
MS00829,M00427,2025-07-10,2025-08-09,Monthly,1,1800,10,1620
MS00830,M00427,2025-08-10,2025-12-31,Yearly,12,15000,10,13500
MS00831,M00428,2024-03-24,2024-04-23,Monthly,1,1800,0,1800
MS00832,M00428,2024-04-24,2024-07-23,Quarterly,3,4800,10,4320
MS00833,M00429,2024-10-03,2024-11-02,Monthly,1,1800,10,1620
MS00834,M00430,2024-03-19,2025-03-18,Yearly,12,15000,10,13500
MS00835,M00430,2025-03-19,2025-04-18,Monthly,1,1800,10,1620
MS00836,M00430,2025-04-19,2025-05-18,Monthly,1,1800,0,1800
MS00837,M00430,2025-05-19,2025-06-18,Monthly,1,1800,0,1800
MS00838,M00431,2024-12-27,2025-03-26,Quarterly,3,4800,15,4080
MS00839,M00432,2024-02-21,2024-03-20,Monthly,1,1800,10,1620
MS00840,M00433,2024-09-10,2024-10-09,Monthly,1,1800,15,1530
MS00841,M00434,2025-09-12,2025-10-11,Monthly,1,1800,10,1620
MS00842,M00434,2025-10-12,2025-12-31,Yearly,12,15000,5,14250
MS00843,M00435,2024-07-11,2025-01-10,Half-Yearly,6,8500,5,8080
MS00844,M00435,2025-01-11,2025-07-10,Half-Yearly,6,8500,10,7650
MS00845,M00435,2025-07-11,2025-12-31,Half-Yearly,6,8500,0,8500
MS00846,M00436,2024-03-25,2024-06-24,Quarterly,3,4800,0,4800
MS00847,M00436,2024-06-25,2025-06-24,Yearly,12,15000,10,13500
MS00848,M00436,2025-06-25,2025-09-24,Quarterly,3,4800,10,4320
MS00849,M00437,2024-11-07,2024-12-06,Monthly,1,1800,0,1800
MS00850,M00437,2024-12-07,2025-01-06,Monthly,1,1800,0,1800
MS00851,M00438,2024-11-20,2025-05-19,Half-Yearly,6,8500,10,7650
MS00852,M00438,2025-05-20,2025-06-19,Monthly,1,1800,0,1800
MS00853,M00438,2025-06-20,2025-07-19,Monthly,1,1800,15,1530
MS00854,M00438,2025-07-20,2025-12-31,Half-Yearly,6,8500,0,8500
MS00855,M00439,2025-02-26,2025-08-25,Half-Yearly,6,8500,15,7220
MS00856,M00439,2025-08-26,2025-12-31,Yearly,12,15000,0,15000
MS00857,M00440,2024-07-19,2024-08-18,Monthly,1,1800,5,1710
MS00858,M00441,2025-09-01,2025-12-31,Half-Yearly,6,8500,10,7650
MS00859,M00442,2024-11-28,2025-05-27,Half-Yearly,6,8500,0,8500
MS00860,M00442,2025-05-28,2025-06-27,Monthly,1,1800,0,1800
MS00861,M00442,2025-06-28,2025-09-27,Quarterly,3,4800,0,4800
MS00862,M00442,2025-09-28,2025-10-27,Monthly,1,1800,5,1710
MS00863,M00442,2025-10-28,2025-11-27,Monthly,1,1800,5,1710
MS00864,M00443,2024-07-01,2025-06-30,Yearly,12,15000,0,15000
MS00865,M00444,2025-09-04,2025-12-03,Quarterly,3,4800,10,4320
MS00866,M00444,2025-12-04,2025-12-31,Monthly,1,1800,0,1800
MS00867,M00445,2025-08-13,2025-09-12,Monthly,1,1800,0,1800
MS00868,M00446,2024-11-14,2025-11-13,Yearly,12,15000,5,14250
MS00869,M00446,2025-11-14,2025-12-13,Monthly,1,1800,10,1620
MS00870,M00446,2025-12-14,2025-12-31,Monthly,1,1800,0,1800
MS00871,M00447,2024-01-16,2024-04-15,Quarterly,3,4800,5,4560
MS00872,M00447,2024-04-16,2024-05-15,Monthly,1,1800,0,1800
MS00873,M00447,2024-05-16,2025-05-15,Yearly,12,15000,5,14250
MS00874,M00447,2025-05-16,2025-06-15,Monthly,1,1800,10,1620
MS00875,M00448,2025-01-15,2025-12-31,Yearly,12,15000,0,15000
MS00876,M00449,2024-12-20,2025-01-19,Monthly,1,1800,10,1620
MS00877,M00449,2025-01-20,2025-04-19,Quarterly,3,4800,0,4800
MS00878,M00450,2024-04-04,2024-05-03,Monthly,1,1800,10,1620
MS00879,M00450,2024-05-04,2024-11-03,Half-Yearly,6,8500,0,8500
MS00880,M00450,2024-11-04,2025-05-03,Half-Yearly,6,8500,0,8500
MS00881,M00450,2025-05-04,2025-06-03,Monthly,1,1800,0,1800
MS00882,M00451,2025-02-08,2025-03-07,Monthly,1,1800,0,1800
MS00883,M00451,2025-03-08,2025-04-07,Monthly,1,1800,0,1800
MS00884,M00452,2025-06-20,2025-07-19,Monthly,1,1800,10,1620
MS00885,M00453,2024-03-08,2024-04-07,Monthly,1,1800,10,1620
MS00886,M00454,2025-04-06,2025-07-05,Quarterly,3,4800,0,4800
MS00887,M00455,2024-03-30,2024-04-29,Monthly,1,1800,5,1710
MS00888,M00455,2024-04-30,2024-05-29,Monthly,1,1800,5,1710
MS00889,M00455,2024-05-30,2024-06-29,Monthly,1,1800,10,1620
MS00890,M00455,2024-06-30,2024-07-29,Monthly,1,1800,0,1800
MS00891,M00456,2025-04-22,2025-07-21,Quarterly,3,4800,5,4560
MS00892,M00457,2024-09-24,2024-12-23,Quarterly,3,4800,10,4320
MS00893,M00458,2024-01-05,2024-07-04,Half-Yearly,6,8500,5,8080
MS00894,M00458,2024-07-05,2024-08-04,Monthly,1,1800,0,1800
MS00895,M00459,2025-09-08,2025-12-31,Yearly,12,15000,10,13500
MS00896,M00460,2024-04-15,2024-07-14,Quarterly,3,4800,10,4320
MS00897,M00461,2025-01-15,2025-02-14,Monthly,1,1800,5,1710
MS00898,M00461,2025-02-15,2025-03-14,Monthly,1,1800,0,1800
MS00899,M00461,2025-03-15,2025-04-14,Monthly,1,1800,0,1800
MS00900,M00462,2024-04-25,2024-05-24,Monthly,1,1800,10,1620
MS00901,M00462,2024-05-25,2025-05-24,Yearly,12,15000,10,13500
MS00902,M00463,2025-08-18,2025-11-17,Quarterly,3,4800,5,4560
MS00903,M00463,2025-11-18,2025-12-17,Monthly,1,1800,10,1620
MS00904,M00463,2025-12-18,2025-12-31,Monthly,1,1800,10,1620
MS00905,M00464,2025-04-16,2025-07-15,Quarterly,3,4800,0,4800
MS00906,M00464,2025-07-16,2025-08-15,Monthly,1,1800,5,1710
MS00907,M00465,2025-05-28,2025-11-27,Half-Yearly,6,8500,0,8500
MS00908,M00465,2025-11-28,2025-12-31,Half-Yearly,6,8500,0,8500
MS00909,M00466,2024-10-02,2024-11-01,Monthly,1,1800,10,1620
MS00910,M00466,2024-11-02,2024-12-01,Monthly,1,1800,15,1530
MS00911,M00467,2024-10-25,2025-01-24,Quarterly,3,4800,5,4560
MS00912,M00468,2025-02-08,2025-05-07,Quarterly,3,4800,10,4320
MS00913,M00468,2025-05-08,2025-06-07,Monthly,1,1800,10,1620
MS00914,M00469,2025-05-15,2025-06-14,Monthly,1,1800,5,1710
MS00915,M00470,2024-01-12,2024-02-11,Monthly,1,1800,10,1620
MS00916,M00470,2024-02-12,2024-05-11,Quarterly,3,4800,15,4080
MS00917,M00471,2025-02-27,2025-08-26,Half-Yearly,6,8500,5,8080
MS00918,M00471,2025-08-27,2025-11-26,Quarterly,3,4800,0,4800
MS00919,M00471,2025-11-27,2025-12-31,Quarterly,3,4800,5,4560
MS00920,M00472,2024-03-10,2024-04-09,Monthly,1,1800,0,1800
MS00921,M00472,2024-04-10,2024-05-09,Monthly,1,1800,0,1800
MS00922,M00473,2024-07-02,2024-08-01,Monthly,1,1800,10,1620
MS00923,M00473,2024-08-02,2025-02-01,Half-Yearly,6,8500,5,8080
MS00924,M00474,2025-06-13,2025-12-12,Half-Yearly,6,8500,5,8080
MS00925,M00474,2025-12-13,2025-12-31,Quarterly,3,4800,0,4800
MS00926,M00475,2024-06-08,2024-12-07,Half-Yearly,6,8500,0,8500
MS00927,M00475,2024-12-08,2025-01-07,Monthly,1,1800,5,1710
MS00928,M00476,2025-05-23,2025-08-22,Quarterly,3,4800,10,4320
MS00929,M00476,2025-08-23,2025-12-31,Half-Yearly,6,8500,5,8080
MS00930,M00477,2024-10-22,2024-11-21,Monthly,1,1800,0,1800
MS00931,M00478,2024-05-28,2025-05-27,Yearly,12,15000,0,15000
MS00932,M00478,2025-05-28,2025-06-27,Monthly,1,1800,0,1800
MS00933,M00478,2025-06-28,2025-09-27,Quarterly,3,4800,0,4800
MS00934,M00479,2024-08-01,2024-08-31,Monthly,1,1800,5,1710
MS00935,M00479,2024-09-01,2024-09-30,Monthly,1,1800,0,1800
MS00936,M00480,2024-12-04,2025-12-03,Yearly,12,15000,0,15000
MS00937,M00480,2025-12-04,2025-12-31,Quarterly,3,4800,0,4800
MS00938,M00481,2025-05-03,2025-06-02,Monthly,1,1800,10,1620
MS00939,M00482,2025-01-21,2025-02-20,Monthly,1,1800,10,1620
MS00940,M00482,2025-02-21,2025-05-20,Quarterly,3,4800,10,4320
MS00941,M00482,2025-05-21,2025-06-20,Monthly,1,1800,0,1800
MS00942,M00483,2025-08-18,2025-11-17,Quarterly,3,4800,5,4560
MS00943,M00483,2025-11-18,2025-12-31,Half-Yearly,6,8500,10,7650
MS00944,M00484,2025-07-07,2025-08-06,Monthly,1,1800,0,1800
MS00945,M00484,2025-08-07,2025-12-31,Half-Yearly,6,8500,10,7650
MS00946,M00485,2025-04-25,2025-05-24,Monthly,1,1800,10,1620
MS00947,M00486,2025-01-19,2025-02-18,Monthly,1,1800,0,1800
MS00948,M00486,2025-02-19,2025-05-18,Quarterly,3,4800,0,4800
MS00949,M00486,2025-05-19,2025-08-18,Quarterly,3,4800,10,4320
MS00950,M00487,2024-07-03,2025-01-02,Half-Yearly,6,8500,10,7650
MS00951,M00487,2025-01-03,2025-07-02,Half-Yearly,6,8500,0,8500
MS00952,M00488,2024-09-20,2025-09-19,Yearly,12,15000,5,14250
MS00953,M00488,2025-09-20,2025-10-19,Monthly,1,1800,0,1800
MS00954,M00488,2025-10-20,2025-11-19,Monthly,1,1800,0,1800
MS00955,M00488,2025-11-20,2025-12-31,Yearly,12,15000,5,14250
MS00956,M00489,2024-03-16,2024-04-15,Monthly,1,1800,0,1800
MS00957,M00489,2024-04-16,2024-10-15,Half-Yearly,6,8500,0,8500
MS00958,M00489,2024-10-16,2024-11-15,Monthly,1,1800,0,1800
MS00959,M00489,2024-11-16,2024-12-15,Monthly,1,1800,0,1800
MS00960,M00490,2024-08-26,2024-09-25,Monthly,1,1800,0,1800
MS00961,M00490,2024-09-26,2025-09-25,Yearly,12,15000,5,14250
MS00962,M00490,2025-09-26,2025-12-25,Quarterly,3,4800,10,4320
MS00963,M00490,2025-12-26,2025-12-31,Half-Yearly,6,8500,10,7650
MS00964,M00491,2025-08-14,2025-09-13,Monthly,1,1800,5,1710
MS00965,M00491,2025-09-14,2025-10-13,Monthly,1,1800,0,1800
MS00966,M00491,2025-10-14,2025-12-31,Quarterly,3,4800,5,4560
MS00967,M00492,2024-09-28,2024-10-27,Monthly,1,1800,0,1800
MS00968,M00493,2024-03-13,2025-03-12,Yearly,12,15000,0,15000
MS00969,M00493,2025-03-13,2025-09-12,Half-Yearly,6,8500,5,8080
MS00970,M00493,2025-09-13,2025-10-12,Monthly,1,1800,5,1710
MS00971,M00494,2025-02-19,2025-08-18,Half-Yearly,6,8500,5,8080
MS00972,M00494,2025-08-19,2025-12-31,Half-Yearly,6,8500,5,8080
MS00973,M00495,2025-09-06,2025-12-31,Half-Yearly,6,8500,0,8500
MS00974,M00496,2025-07-07,2025-10-06,Quarterly,3,4800,0,4800
MS00975,M00496,2025-10-07,2025-11-06,Monthly,1,1800,0,1800
MS00976,M00497,2024-06-23,2024-07-22,Monthly,1,1800,10,1620
MS00977,M00498,2024-10-16,2025-04-15,Half-Yearly,6,8500,10,7650
MS00978,M00499,2024-12-04,2025-01-03,Monthly,1,1800,15,1530
MS00979,M00499,2025-01-04,2025-07-03,Half-Yearly,6,8500,5,8080
MS00980,M00499,2025-07-04,2025-10-03,Quarterly,3,4800,0,4800
MS00981,M00499,2025-10-04,2025-11-03,Monthly,1,1800,0,1800
MS00982,M00500,2024-06-07,2024-09-06,Quarterly,3,4800,0,4800
MS00983,M00501,2024-06-20,2024-09-19,Quarterly,3,4800,5,4560
MS00984,M00501,2024-09-20,2024-10-19,Monthly,1,1800,0,1800
MS00985,M00502,2024-05-30,2024-11-29,Half-Yearly,6,8500,10,7650
MS00986,M00502,2024-11-30,2025-05-29,Half-Yearly,6,8500,0,8500
MS00987,M00502,2025-05-30,2025-06-29,Monthly,1,1800,10,1620
MS00988,M00503,2025-09-26,2025-10-25,Monthly,1,1800,10,1620
MS00989,M00504,2025-04-20,2025-05-19,Monthly,1,1800,0,1800
MS00990,M00505,2025-06-04,2025-07-03,Monthly,1,1800,0,1800
MS00991,M00506,2025-09-03,2025-12-02,Quarterly,3,4800,10,4320
MS00992,M00506,2025-12-03,2025-12-31,Quarterly,3,4800,10,4320
MS00993,M00507,2024-03-08,2024-04-07,Monthly,1,1800,5,1710
MS00994,M00508,2025-07-16,2025-08-15,Monthly,1,1800,15,1530
MS00995,M00509,2024-02-12,2024-05-11,Quarterly,3,4800,0,4800
MS00996,M00509,2024-05-12,2024-08-11,Quarterly,3,4800,0,4800
MS00997,M00509,2024-08-12,2024-09-11,Monthly,1,1800,15,1530
MS00998,M00509,2024-09-12,2024-12-11,Quarterly,3,4800,0,4800
MS00999,M00509,2024-12-12,2025-01-11,Monthly,1,1800,10,1620
MS01000,M00510,2024-10-30,2024-11-29,Monthly,1,1800,10,1620
MS01001,M00510,2024-11-30,2025-05-29,Half-Yearly,6,8500,0,8500
MS01002,M00511,2025-01-14,2025-12-31,Yearly,12,15000,10,13500
MS01003,M00512,2024-08-16,2024-11-15,Quarterly,3,4800,10,4320
MS01004,M00512,2024-11-16,2024-12-15,Monthly,1,1800,0,1800
MS01005,M00512,2024-12-16,2025-03-15,Quarterly,3,4800,0,4800
MS01006,M00513,2024-04-03,2024-05-02,Monthly,1,1800,0,1800
MS01007,M00513,2024-05-03,2025-05-02,Yearly,12,15000,5,14250
MS01008,M00513,2025-05-03,2025-11-02,Half-Yearly,6,8500,5,8080
MS01009,M00513,2025-11-03,2025-12-31,Quarterly,3,4800,0,4800
MS01010,M00514,2024-05-02,2024-06-01,Monthly,1,1800,10,1620
MS01011,M00515,2025-06-10,2025-07-09,Monthly,1,1800,5,1710
MS01012,M00515,2025-07-10,2025-08-09,Monthly,1,1800,10,1620
MS01013,M00516,2024-07-22,2024-10-21,Quarterly,3,4800,0,4800
MS01014,M00516,2024-10-22,2024-11-21,Monthly,1,1800,5,1710
MS01015,M00517,2024-07-16,2024-08-15,Monthly,1,1800,0,1800
MS01016,M00517,2024-08-16,2024-09-15,Monthly,1,1800,0,1800
MS01017,M00517,2024-09-16,2024-10-15,Monthly,1,1800,0,1800
MS01018,M00517,2024-10-16,2025-01-15,Quarterly,3,4800,10,4320
MS01019,M00517,2025-01-16,2025-02-15,Monthly,1,1800,5,1710
MS01020,M00517,2025-02-16,2025-03-15,Monthly,1,1800,0,1800
MS01021,M00517,2025-03-16,2025-09-15,Half-Yearly,6,8500,10,7650
MS01022,M00517,2025-09-16,2025-10-15,Monthly,1,1800,15,1530
MS01023,M00518,2025-08-12,2025-12-31,Yearly,12,15000,10,13500
MS01024,M00519,2024-04-01,2024-04-30,Monthly,1,1800,0,1800
MS01025,M00520,2025-08-06,2025-09-05,Monthly,1,1800,5,1710
MS01026,M00521,2025-08-10,2025-12-31,Half-Yearly,6,8500,10,7650
MS01027,M00522,2025-01-16,2025-02-15,Monthly,1,1800,5,1710
MS01028,M00523,2024-04-15,2024-07-14,Quarterly,3,4800,5,4560
MS01029,M00524,2024-04-09,2024-05-08,Monthly,1,1800,0,1800
MS01030,M00525,2024-06-30,2024-09-29,Quarterly,3,4800,10,4320
MS01031,M00525,2024-09-30,2024-12-29,Quarterly,3,4800,0,4800
MS01032,M00525,2024-12-30,2025-01-29,Monthly,1,1800,10,1620
MS01033,M00525,2025-01-30,2025-02-27,Monthly,1,1800,0,1800
MS01034,M00525,2025-02-28,2025-05-27,Quarterly,3,4800,5,4560
MS01035,M00526,2025-01-03,2025-02-02,Monthly,1,1800,5,1710
MS01036,M00526,2025-02-03,2025-05-02,Quarterly,3,4800,10,4320
MS01037,M00526,2025-05-03,2025-12-31,Yearly,12,15000,0,15000
MS01038,M00527,2024-04-08,2024-07-07,Quarterly,3,4800,5,4560
MS01039,M00528,2024-10-17,2024-11-16,Monthly,1,1800,10,1620
MS01040,M00529,2024-03-14,2024-06-13,Quarterly,3,4800,0,4800
MS01041,M00529,2024-06-14,2025-06-13,Yearly,12,15000,0,15000
MS01042,M00529,2025-06-14,2025-07-13,Monthly,1,1800,5,1710
MS01043,M00530,2024-12-10,2025-12-09,Yearly,12,15000,5,14250
MS01044,M00530,2025-12-10,2025-12-31,Monthly,1,1800,0,1800
MS01045,M00531,2024-01-14,2025-01-13,Yearly,12,15000,0,15000
MS01046,M00531,2025-01-14,2025-04-13,Quarterly,3,4800,5,4560
MS01047,M00532,2025-03-28,2025-04-27,Monthly,1,1800,0,1800
MS01048,M00533,2024-02-05,2024-03-04,Monthly,1,1800,5,1710
MS01049,M00533,2024-03-05,2024-06-04,Quarterly,3,4800,15,4080
MS01050,M00533,2024-06-05,2024-07-04,Monthly,1,1800,15,1530
MS01051,M00533,2024-07-05,2025-01-04,Half-Yearly,6,8500,0,8500
MS01052,M00534,2024-05-04,2024-06-03,Monthly,1,1800,0,1800
MS01053,M00535,2024-04-21,2024-07-20,Quarterly,3,4800,0,4800
MS01054,M00535,2024-07-21,2024-08-20,Monthly,1,1800,0,1800
MS01055,M00536,2025-06-14,2025-09-13,Quarterly,3,4800,10,4320
MS01056,M00537,2024-02-04,2025-02-03,Yearly,12,15000,5,14250
MS01057,M00537,2025-02-04,2025-05-03,Quarterly,3,4800,0,4800
MS01058,M00537,2025-05-04,2025-11-03,Half-Yearly,6,8500,5,8080
MS01059,M00537,2025-11-04,2025-12-03,Monthly,1,1800,0,1800
MS01060,M00538,2024-09-30,2024-10-29,Monthly,1,1800,10,1620
MS01061,M00539,2025-01-12,2025-02-11,Monthly,1,1800,10,1620
MS01062,M00540,2024-11-25,2025-05-24,Half-Yearly,6,8500,5,8080
MS01063,M00540,2025-05-25,2025-08-24,Quarterly,3,4800,10,4320
MS01064,M00541,2025-03-10,2025-04-09,Monthly,1,1800,5,1710
MS01065,M00541,2025-04-10,2025-05-09,Monthly,1,1800,0,1800
MS01066,M00541,2025-05-10,2025-08-09,Quarterly,3,4800,0,4800
MS01067,M00542,2025-05-27,2025-08-26,Quarterly,3,4800,0,4800
MS01068,M00543,2024-09-08,2024-10-07,Monthly,1,1800,0,1800
MS01069,M00544,2025-06-12,2025-07-11,Monthly,1,1800,0,1800
MS01070,M00545,2024-07-21,2024-08-20,Monthly,1,1800,0,1800
MS01071,M00546,2025-09-20,2025-12-19,Quarterly,3,4800,5,4560
MS01072,M00547,2024-11-17,2024-12-16,Monthly,1,1800,0,1800
MS01073,M00547,2024-12-17,2025-01-16,Monthly,1,1800,15,1530
MS01074,M00548,2025-04-14,2025-05-13,Monthly,1,1800,0,1800
MS01075,M00548,2025-05-14,2025-08-13,Quarterly,3,4800,0,4800
MS01076,M00549,2025-07-12,2025-08-11,Monthly,1,1800,0,1800
MS01077,M00550,2025-05-20,2025-12-31,Yearly,12,15000,0,15000
MS01078,M00551,2025-06-27,2025-12-31,Yearly,12,15000,5,14250
MS01079,M00552,2024-12-08,2025-03-07,Quarterly,3,4800,10,4320
MS01080,M00552,2025-03-08,2025-04-07,Monthly,1,1800,0,1800
MS01081,M00553,2024-01-28,2024-04-27,Quarterly,3,4800,0,4800
MS01082,M00554,2024-11-10,2024-12-09,Monthly,1,1800,15,1530
MS01083,M00554,2024-12-10,2025-03-09,Quarterly,3,4800,5,4560
MS01084,M00554,2025-03-10,2025-04-09,Monthly,1,1800,0,1800
MS01085,M00555,2024-04-25,2024-10-24,Half-Yearly,6,8500,0,8500
MS01086,M00555,2024-10-25,2025-10-24,Yearly,12,15000,0,15000
MS01087,M00556,2025-07-21,2025-08-20,Monthly,1,1800,0,1800
MS01088,M00557,2024-05-31,2024-06-29,Monthly,1,1800,10,1620
MS01089,M00558,2024-05-25,2024-08-24,Quarterly,3,4800,5,4560
MS01090,M00559,2024-06-08,2024-12-07,Half-Yearly,6,8500,5,8080
MS01091,M00560,2025-02-13,2025-05-12,Quarterly,3,4800,0,4800
MS01092,M00560,2025-05-13,2025-06-12,Monthly,1,1800,0,1800
MS01093,M00560,2025-06-13,2025-07-12,Monthly,1,1800,0,1800
MS01094,M00561,2024-12-30,2025-06-29,Half-Yearly,6,8500,0,8500
MS01095,M00562,2025-08-28,2025-12-31,Yearly,12,15000,10,13500
MS01096,M00563,2024-09-22,2024-10-21,Monthly,1,1800,0,1800
MS01097,M00564,2024-06-29,2024-09-28,Quarterly,3,4800,5,4560
MS01098,M00565,2024-02-01,2025-01-31,Yearly,12,15000,5,14250
MS01099,M00566,2024-01-05,2024-07-04,Half-Yearly,6,8500,0,8500
MS01100,M00567,2024-08-26,2024-09-25,Monthly,1,1800,0,1800
MS01101,M00568,2025-08-13,2025-09-12,Monthly,1,1800,0,1800
MS01102,M00569,2024-11-30,2024-12-29,Monthly,1,1800,0,1800
MS01103,M00569,2024-12-30,2025-03-29,Quarterly,3,4800,0,4800
MS01104,M00569,2025-03-30,2025-09-29,Half-Yearly,6,8500,0,8500
MS01105,M00569,2025-09-30,2025-10-29,Monthly,1,1800,5,1710
MS01106,M00570,2025-07-24,2025-08-23,Monthly,1,1800,0,1800
MS01107,M00570,2025-08-24,2025-09-23,Monthly,1,1800,0,1800
MS01108,M00571,2024-03-05,2024-04-04,Monthly,1,1800,0,1800
MS01109,M00571,2024-04-05,2024-10-04,Half-Yearly,6,8500,0,8500
MS01110,M00571,2024-10-05,2025-01-04,Quarterly,3,4800,0,4800
MS01111,M00571,2025-01-05,2025-02-04,Monthly,1,1800,5,1710
MS01112,M00571,2025-02-05,2025-03-04,Monthly,1,1800,10,1620
MS01113,M00572,2024-02-29,2024-03-28,Monthly,1,1800,10,1620
MS01114,M00572,2024-03-29,2024-04-28,Monthly,1,1800,0,1800
MS01115,M00573,2025-06-15,2025-07-14,Monthly,1,1800,10,1620
MS01116,M00574,2024-03-09,2024-06-08,Quarterly,3,4800,0,4800
MS01117,M00574,2024-06-09,2024-09-08,Quarterly,3,4800,0,4800
MS01118,M00574,2024-09-09,2024-10-08,Monthly,1,1800,10,1620
MS01119,M00575,2024-02-03,2024-05-02,Quarterly,3,4800,5,4560
MS01120,M00575,2024-05-03,2024-06-02,Monthly,1,1800,0,1800
MS01121,M00576,2024-09-14,2024-10-13,Monthly,1,1800,0,1800
MS01122,M00576,2024-10-14,2024-11-13,Monthly,1,1800,5,1710
MS01123,M00577,2025-08-13,2025-09-12,Monthly,1,1800,0,1800
MS01124,M00578,2025-03-15,2025-06-14,Quarterly,3,4800,10,4320
MS01125,M00579,2024-03-04,2024-09-03,Half-Yearly,6,8500,10,7650
MS01126,M00580,2025-06-18,2025-09-17,Quarterly,3,4800,5,4560
MS01127,M00581,2025-06-22,2025-07-21,Monthly,1,1800,0,1800
MS01128,M00582,2025-05-25,2025-08-24,Quarterly,3,4800,0,4800
MS01129,M00582,2025-08-25,2025-09-24,Monthly,1,1800,0,1800
MS01130,M00583,2025-07-29,2025-10-28,Quarterly,3,4800,5,4560
MS01131,M00583,2025-10-29,2025-11-28,Monthly,1,1800,0,1800
MS01132,M00583,2025-11-29,2025-12-31,Quarterly,3,4800,0,4800
MS01133,M00584,2024-06-02,2024-09-01,Quarterly,3,4800,0,4800
MS01134,M00584,2024-09-02,2024-10-01,Monthly,1,1800,0,1800
MS01135,M00585,2025-09-16,2025-12-15,Quarterly,3,4800,10,4320
MS01136,M00586,2024-07-23,2025-07-22,Yearly,12,15000,10,13500
MS01137,M00586,2025-07-23,2025-08-22,Monthly,1,1800,0,1800
MS01138,M00586,2025-08-23,2025-11-22,Quarterly,3,4800,0,4800
MS01139,M00587,2025-05-26,2025-06-25,Monthly,1,1800,10,1620
MS01140,M00587,2025-06-26,2025-07-25,Monthly,1,1800,10,1620
MS01141,M00587,2025-07-26,2025-10-25,Quarterly,3,4800,10,4320
MS01142,M00587,2025-10-26,2025-11-25,Monthly,1,1800,0,1800
MS01143,M00587,2025-11-26,2025-12-31,Yearly,12,15000,10,13500
MS01144,M00588,2025-01-04,2025-04-03,Quarterly,3,4800,10,4320
MS01145,M00588,2025-04-04,2025-05-03,Monthly,1,1800,10,1620
MS01146,M00589,2025-05-12,2025-06-11,Monthly,1,1800,5,1710
MS01147,M00589,2025-06-12,2025-09-11,Quarterly,3,4800,5,4560
MS01148,M00589,2025-09-12,2025-12-31,Half-Yearly,6,8500,0,8500
MS01149,M00590,2025-02-04,2025-05-03,Quarterly,3,4800,0,4800
MS01150,M00590,2025-05-04,2025-06-03,Monthly,1,1800,10,1620
MS01151,M00591,2025-02-13,2025-03-12,Monthly,1,1800,15,1530
MS01152,M00592,2025-01-28,2025-02-27,Monthly,1,1800,0,1800
MS01153,M00593,2025-05-11,2025-06-10,Monthly,1,1800,15,1530
MS01154,M00594,2025-04-16,2025-05-15,Monthly,1,1800,0,1800
MS01155,M00594,2025-05-16,2025-08-15,Quarterly,3,4800,0,4800
MS01156,M00595,2024-03-26,2024-06-25,Quarterly,3,4800,10,4320
MS01157,M00595,2024-06-26,2024-07-25,Monthly,1,1800,10,1620
MS01158,M00595,2024-07-26,2024-08-25,Monthly,1,1800,15,1530
MS01159,M00596,2025-06-11,2025-12-10,Half-Yearly,6,8500,0,8500
MS01160,M00596,2025-12-11,2025-12-31,Monthly,1,1800,0,1800
MS01161,M00597,2024-12-08,2025-06-07,Half-Yearly,6,8500,0,8500
MS01162,M00597,2025-06-08,2025-12-07,Half-Yearly,6,8500,10,7650
MS01163,M00597,2025-12-08,2025-12-31,Quarterly,3,4800,5,4560
MS01164,M00598,2024-07-25,2024-08-24,Monthly,1,1800,5,1710
MS01165,M00599,2024-11-24,2025-11-23,Yearly,12,15000,0,15000
MS01166,M00599,2025-11-24,2025-12-23,Monthly,1,1800,15,1530
MS01167,M00600,2025-09-08,2025-12-31,Yearly,12,15000,5,14250
MS01168,M00601,2025-07-01,2025-09-30,Quarterly,3,4800,0,4800
MS01169,M00601,2025-10-01,2025-10-31,Monthly,1,1800,0,1800
MS01170,M00601,2025-11-01,2025-12-31,Yearly,12,15000,5,14250
MS01171,M00602,2025-06-15,2025-07-14,Monthly,1,1800,10,1620
MS01172,M00602,2025-07-15,2025-08-14,Monthly,1,1800,0,1800
MS01173,M00602,2025-08-15,2025-12-31,Half-Yearly,6,8500,10,7650
MS01174,M00603,2024-10-22,2025-01-21,Quarterly,3,4800,0,4800
MS01175,M00603,2025-01-22,2025-04-21,Quarterly,3,4800,10,4320
MS01176,M00604,2025-05-15,2025-06-14,Monthly,1,1800,5,1710
MS01177,M00604,2025-06-15,2025-07-14,Monthly,1,1800,0,1800
MS01178,M00604,2025-07-15,2025-08-14,Monthly,1,1800,0,1800
MS01179,M00605,2024-09-02,2024-10-01,Monthly,1,1800,0,1800
MS01180,M00606,2025-03-13,2025-09-12,Half-Yearly,6,8500,0,8500
MS01181,M00606,2025-09-13,2025-10-12,Monthly,1,1800,15,1530
MS01182,M00606,2025-10-13,2025-11-12,Monthly,1,1800,5,1710
MS01183,M00607,2025-02-12,2025-03-11,Monthly,1,1800,0,1800
MS01184,M00607,2025-03-12,2025-04-11,Monthly,1,1800,0,1800
MS01185,M00608,2024-06-08,2024-12-07,Half-Yearly,6,8500,5,8080
MS01186,M00608,2024-12-08,2025-03-07,Quarterly,3,4800,0,4800
MS01187,M00609,2024-06-19,2024-07-18,Monthly,1,1800,0,1800
MS01188,M00609,2024-07-19,2025-01-18,Half-Yearly,6,8500,5,8080
MS01189,M00609,2025-01-19,2025-02-18,Monthly,1,1800,10,1620
MS01190,M00609,2025-02-19,2025-03-18,Monthly,1,1800,10,1620
MS01191,M00610,2024-02-09,2024-03-08,Monthly,1,1800,0,1800
MS01192,M00611,2024-03-30,2024-04-29,Monthly,1,1800,10,1620
MS01193,M00612,2024-10-03,2025-04-02,Half-Yearly,6,8500,0,8500
MS01194,M00612,2025-04-03,2025-05-02,Monthly,1,1800,0,1800
MS01195,M00612,2025-05-03,2025-06-02,Monthly,1,1800,0,1800
MS01196,M00613,2024-10-31,2024-11-29,Monthly,1,1800,0,1800
MS01197,M00613,2024-11-30,2025-02-27,Quarterly,3,4800,0,4800
MS01198,M00614,2024-04-15,2024-05-14,Monthly,1,1800,5,1710
MS01199,M00615,2024-09-22,2024-12-21,Quarterly,3,4800,5,4560
MS01200,M00616,2025-01-20,2025-02-19,Monthly,1,1800,0,1800
MS01201,M00617,2024-05-28,2024-11-27,Half-Yearly,6,8500,5,8080
MS01202,M00617,2024-11-28,2024-12-27,Monthly,1,1800,10,1620
MS01203,M00618,2024-08-03,2024-09-02,Monthly,1,1800,0,1800
MS01204,M00619,2024-11-18,2025-02-17,Quarterly,3,4800,15,4080
MS01205,M00619,2025-02-18,2025-03-17,Monthly,1,1800,0,1800
MS01206,M00620,2024-08-21,2024-09-20,Monthly,1,1800,0,1800
MS01207,M00620,2024-09-21,2024-10-20,Monthly,1,1800,10,1620
MS01208,M00620,2024-10-21,2024-11-20,Monthly,1,1800,5,1710
MS01209,M00620,2024-11-21,2025-02-20,Quarterly,3,4800,10,4320
MS01210,M00620,2025-02-21,2025-05-20,Quarterly,3,4800,10,4320
MS01211,M00621,2025-04-15,2025-10-14,Half-Yearly,6,8500,0,8500
MS01212,M00621,2025-10-15,2025-12-31,Quarterly,3,4800,0,4800
MS01213,M00622,2024-07-27,2025-01-26,Half-Yearly,6,8500,0,8500
MS01214,M00623,2024-10-03,2025-10-02,Yearly,12,15000,0,15000
MS01215,M00623,2025-10-03,2025-12-31,Yearly,12,15000,0,15000
MS01216,M00624,2024-08-30,2024-09-29,Monthly,1,1800,0,1800
MS01217,M00624,2024-09-30,2024-10-29,Monthly,1,1800,10,1620
MS01218,M00624,2024-10-30,2024-11-29,Monthly,1,1800,5,1710
MS01219,M00625,2024-04-26,2024-05-25,Monthly,1,1800,10,1620
MS01220,M00625,2024-05-26,2024-11-25,Half-Yearly,6,8500,5,8080
MS01221,M00626,2025-03-13,2025-06-12,Quarterly,3,4800,15,4080
MS01222,M00626,2025-06-13,2025-12-12,Half-Yearly,6,8500,5,8080
MS01223,M00626,2025-12-13,2025-12-31,Yearly,12,15000,10,13500
MS01224,M00627,2024-05-30,2024-06-29,Monthly,1,1800,10,1620
MS01225,M00627,2024-06-30,2025-06-29,Yearly,12,15000,0,15000
MS01226,M00627,2025-06-30,2025-07-29,Monthly,1,1800,5,1710
MS01227,M00627,2025-07-30,2025-12-31,Half-Yearly,6,8500,10,7650
MS01228,M00628,2024-07-08,2025-01-07,Half-Yearly,6,8500,5,8080
MS01229,M00628,2025-01-08,2025-02-07,Monthly,1,1800,0,1800
MS01230,M00628,2025-02-08,2025-05-07,Quarterly,3,4800,5,4560
MS01231,M00628,2025-05-08,2025-12-31,Yearly,12,15000,0,15000
MS01232,M00629,2025-05-20,2025-11-19,Half-Yearly,6,8500,10,7650
MS01233,M00629,2025-11-20,2025-12-19,Monthly,1,1800,10,1620
MS01234,M00630,2025-08-28,2025-12-31,Half-Yearly,6,8500,0,8500
MS01235,M00631,2025-03-03,2025-04-02,Monthly,1,1800,5,1710
MS01236,M00632,2025-08-07,2025-09-06,Monthly,1,1800,0,1800
MS01237,M00632,2025-09-07,2025-10-06,Monthly,1,1800,0,1800
MS01238,M00632,2025-10-07,2025-11-06,Monthly,1,1800,5,1710
MS01239,M00633,2025-06-28,2025-07-27,Monthly,1,1800,0,1800
MS01240,M00634,2024-11-02,2024-12-01,Monthly,1,1800,0,1800
MS01241,M00634,2024-12-02,2025-12-01,Yearly,12,15000,0,15000
MS01242,M00635,2025-05-06,2025-06-05,Monthly,1,1800,0,1800
MS01243,M00635,2025-06-06,2025-12-05,Half-Yearly,6,8500,5,8080
MS01244,M00635,2025-12-06,2025-12-31,Yearly,12,15000,5,14250
MS01245,M00636,2024-07-28,2024-10-27,Quarterly,3,4800,0,4800
MS01246,M00636,2024-10-28,2025-04-27,Half-Yearly,6,8500,0,8500
MS01247,M00636,2025-04-28,2025-07-27,Quarterly,3,4800,0,4800
MS01248,M00636,2025-07-28,2025-10-27,Quarterly,3,4800,0,4800
MS01249,M00636,2025-10-28,2025-12-31,Quarterly,3,4800,0,4800
MS01250,M00637,2024-10-20,2025-10-19,Yearly,12,15000,0,15000
MS01251,M00637,2025-10-20,2025-12-31,Half-Yearly,6,8500,0,8500
MS01252,M00638,2025-09-04,2025-12-03,Quarterly,3,4800,5,4560
MS01253,M00638,2025-12-04,2025-12-31,Monthly,1,1800,10,1620
MS01254,M00639,2025-06-25,2025-12-24,Half-Yearly,6,8500,10,7650
MS01255,M00639,2025-12-25,2025-12-31,Monthly,1,1800,10,1620
MS01256,M00640,2024-11-08,2024-12-07,Monthly,1,1800,10,1620
MS01257,M00640,2024-12-08,2025-12-07,Yearly,12,15000,0,15000
MS01258,M00640,2025-12-08,2025-12-31,Quarterly,3,4800,0,4800
MS01259,M00641,2025-02-20,2025-03-19,Monthly,1,1800,10,1620
MS01260,M00641,2025-03-20,2025-06-19,Quarterly,3,4800,5,4560
MS01261,M00641,2025-06-20,2025-07-19,Monthly,1,1800,0,1800
MS01262,M00642,2024-05-09,2024-11-08,Half-Yearly,6,8500,10,7650
MS01263,M00643,2025-05-28,2025-11-27,Half-Yearly,6,8500,15,7220
MS01264,M00643,2025-11-28,2025-12-31,Yearly,12,15000,0,15000
MS01265,M00644,2024-12-18,2025-03-17,Quarterly,3,4800,0,4800
MS01266,M00644,2025-03-18,2025-06-17,Quarterly,3,4800,5,4560
MS01267,M00645,2024-12-05,2025-01-04,Monthly,1,1800,0,1800
MS01268,M00646,2025-05-03,2025-08-02,Quarterly,3,4800,10,4320
MS01269,M00646,2025-08-03,2025-09-02,Monthly,1,1800,15,1530
MS01270,M00646,2025-09-03,2025-12-02,Quarterly,3,4800,0,4800
MS01271,M00646,2025-12-03,2025-12-31,Half-Yearly,6,8500,0,8500
MS01272,M00647,2025-02-07,2025-08-06,Half-Yearly,6,8500,0,8500
MS01273,M00647,2025-08-07,2025-11-06,Quarterly,3,4800,0,4800
MS01274,M00648,2024-02-16,2024-03-15,Monthly,1,1800,0,1800
MS01275,M00648,2024-03-16,2025-03-15,Yearly,12,15000,0,15000
MS01276,M00649,2024-07-02,2024-08-01,Monthly,1,1800,0,1800
MS01277,M00650,2024-04-22,2024-05-21,Monthly,1,1800,5,1710
MS01278,M00651,2025-04-13,2025-10-12,Half-Yearly,6,8500,5,8080
MS01279,M00651,2025-10-13,2025-11-12,Monthly,1,1800,10,1620
MS01280,M00651,2025-11-13,2025-12-12,Monthly,1,1800,5,1710
MS01281,M00651,2025-12-13,2025-12-31,Quarterly,3,4800,0,4800
MS01282,M00652,2024-01-23,2024-04-22,Quarterly,3,4800,5,4560
MS01283,M00653,2024-05-09,2024-06-08,Monthly,1,1800,0,1800
MS01284,M00653,2024-06-09,2024-07-08,Monthly,1,1800,0,1800
MS01285,M00654,2025-01-16,2025-02-15,Monthly,1,1800,10,1620
MS01286,M00655,2025-03-19,2025-06-18,Quarterly,3,4800,0,4800
MS01287,M00655,2025-06-19,2025-07-18,Monthly,1,1800,5,1710
MS01288,M00656,2024-11-17,2024-12-16,Monthly,1,1800,0,1800
MS01289,M00657,2025-07-03,2025-08-02,Monthly,1,1800,0,1800
MS01290,M00657,2025-08-03,2025-09-02,Monthly,1,1800,0,1800
MS01291,M00658,2025-08-09,2025-11-08,Quarterly,3,4800,5,4560
MS01292,M00658,2025-11-09,2025-12-08,Monthly,1,1800,10,1620
MS01293,M00658,2025-12-09,2025-12-31,Monthly,1,1800,0,1800
MS01294,M00659,2024-03-25,2024-04-24,Monthly,1,1800,10,1620
MS01295,M00659,2024-04-25,2025-04-24,Yearly,12,15000,0,15000
MS01296,M00659,2025-04-25,2025-05-24,Monthly,1,1800,10,1620
MS01297,M00659,2025-05-25,2025-11-24,Half-Yearly,6,8500,10,7650
MS01298,M00659,2025-11-25,2025-12-24,Monthly,1,1800,0,1800
MS01299,M00660,2025-08-30,2025-12-31,Yearly,12,15000,0,15000
MS01300,M00661,2025-01-26,2025-02-25,Monthly,1,1800,0,1800
MS01301,M00661,2025-02-26,2025-08-25,Half-Yearly,6,8500,0,8500
MS01302,M00662,2025-02-09,2025-12-31,Yearly,12,15000,0,15000
MS01303,M00663,2024-03-01,2024-05-31,Quarterly,3,4800,0,4800
MS01304,M00664,2025-01-31,2025-04-29,Quarterly,3,4800,0,4800
MS01305,M00665,2025-04-08,2025-05-07,Monthly,1,1800,0,1800
MS01306,M00666,2025-01-05,2025-02-04,Monthly,1,1800,0,1800
MS01307,M00666,2025-02-05,2025-03-04,Monthly,1,1800,0,1800
MS01308,M00667,2024-02-23,2024-03-22,Monthly,1,1800,5,1710
MS01309,M00667,2024-03-23,2024-04-22,Monthly,1,1800,15,1530
MS01310,M00668,2024-11-29,2025-05-28,Half-Yearly,6,8500,0,8500
MS01311,M00668,2025-05-29,2025-11-28,Half-Yearly,6,8500,10,7650
MS01312,M00668,2025-11-29,2025-12-28,Monthly,1,1800,0,1800
MS01313,M00668,2025-12-29,2025-12-31,Monthly,1,1800,0,1800
MS01314,M00669,2025-08-20,2025-09-19,Monthly,1,1800,5,1710
MS01315,M00670,2025-04-06,2025-07-05,Quarterly,3,4800,0,4800
MS01316,M00670,2025-07-06,2025-12-31,Yearly,12,15000,0,15000
MS01317,M00671,2024-03-28,2024-04-27,Monthly,1,1800,5,1710
MS01318,M00672,2025-09-04,2025-12-03,Quarterly,3,4800,10,4320
MS01319,M00672,2025-12-04,2025-12-31,Half-Yearly,6,8500,10,7650
MS01320,M00673,2025-09-03,2025-10-02,Monthly,1,1800,0,1800
MS01321,M00674,2024-04-18,2024-07-17,Quarterly,3,4800,15,4080
MS01322,M00674,2024-07-18,2025-01-17,Half-Yearly,6,8500,10,7650
MS01323,M00675,2025-05-25,2025-08-24,Quarterly,3,4800,0,4800
MS01324,M00676,2024-09-16,2024-12-15,Quarterly,3,4800,0,4800
MS01325,M00676,2024-12-16,2025-12-15,Yearly,12,15000,0,15000
MS01326,M00676,2025-12-16,2025-12-31,Quarterly,3,4800,15,4080
MS01327,M00677,2025-01-13,2025-02-12,Monthly,1,1800,0,1800
MS01328,M00677,2025-02-13,2025-03-12,Monthly,1,1800,10,1620
MS01329,M00677,2025-03-13,2025-04-12,Monthly,1,1800,10,1620
MS01330,M00677,2025-04-13,2025-05-12,Monthly,1,1800,0,1800
MS01331,M00677,2025-05-13,2025-06-12,Monthly,1,1800,15,1530
MS01332,M00678,2024-10-11,2025-04-10,Half-Yearly,6,8500,5,8080
MS01333,M00678,2025-04-11,2025-10-10,Half-Yearly,6,8500,0,8500
MS01334,M00678,2025-10-11,2025-11-10,Monthly,1,1800,5,1710
MS01335,M00678,2025-11-11,2025-12-10,Monthly,1,1800,0,1800
MS01336,M00678,2025-12-11,2025-12-31,Monthly,1,1800,5,1710
MS01337,M00679,2025-05-14,2025-08-13,Quarterly,3,4800,0,4800
MS01338,M00679,2025-08-14,2025-11-13,Quarterly,3,4800,5,4560
MS01339,M00679,2025-11-14,2025-12-31,Quarterly,3,4800,10,4320
MS01340,M00680,2025-09-27,2025-12-26,Quarterly,3,4800,0,4800
MS01341,M00681,2025-05-22,2025-06-21,Monthly,1,1800,15,1530
MS01342,M00682,2025-08-17,2025-11-16,Quarterly,3,4800,0,4800
MS01343,M00682,2025-11-17,2025-12-16,Monthly,1,1800,0,1800
MS01344,M00682,2025-12-17,2025-12-31,Quarterly,3,4800,10,4320
MS01345,M00683,2025-08-26,2025-09-25,Monthly,1,1800,10,1620
MS01346,M00684,2024-02-27,2024-08-26,Half-Yearly,6,8500,10,7650
MS01347,M00684,2024-08-27,2025-02-26,Half-Yearly,6,8500,5,8080
MS01348,M00685,2024-06-10,2024-07-09,Monthly,1,1800,0,1800
MS01349,M00685,2024-07-10,2024-10-09,Quarterly,3,4800,0,4800
MS01350,M00686,2025-04-05,2025-05-04,Monthly,1,1800,0,1800
MS01351,M00686,2025-05-05,2025-06-04,Monthly,1,1800,0,1800
MS01352,M00687,2025-01-11,2025-12-31,Yearly,12,15000,0,15000
MS01353,M00688,2024-02-01,2024-07-31,Half-Yearly,6,8500,0,8500
MS01354,M00688,2024-08-01,2024-10-31,Quarterly,3,4800,10,4320
MS01355,M00688,2024-11-01,2025-10-31,Yearly,12,15000,15,12750
MS01356,M00688,2025-11-01,2025-12-31,Quarterly,3,4800,0,4800
MS01357,M00689,2024-03-01,2025-02-28,Yearly,12,15000,0,15000
MS01358,M00689,2025-03-01,2025-03-31,Monthly,1,1800,5,1710
MS01359,M00690,2024-11-28,2025-02-27,Quarterly,3,4800,5,4560
MS01360,M00690,2025-02-28,2025-05-27,Quarterly,3,4800,0,4800
MS01361,M00690,2025-05-28,2025-08-27,Quarterly,3,4800,15,4080
MS01362,M00691,2025-01-28,2025-04-27,Quarterly,3,4800,0,4800
MS01363,M00691,2025-04-28,2025-07-27,Quarterly,3,4800,5,4560
MS01364,M00692,2024-04-17,2024-07-16,Quarterly,3,4800,0,4800
MS01365,M00692,2024-07-17,2024-08-16,Monthly,1,1800,5,1710
MS01366,M00693,2024-04-19,2024-07-18,Quarterly,3,4800,5,4560
MS01367,M00694,2024-03-23,2024-04-22,Monthly,1,1800,0,1800
MS01368,M00694,2024-04-23,2025-04-22,Yearly,12,15000,0,15000
MS01369,M00694,2025-04-23,2025-05-22,Monthly,1,1800,5,1710
MS01370,M00694,2025-05-23,2025-12-31,Yearly,12,15000,0,15000
MS01371,M00695,2024-12-26,2025-03-25,Quarterly,3,4800,0,4800
MS01372,M00696,2024-01-06,2024-04-05,Quarterly,3,4800,0,4800
MS01373,M00697,2024-12-31,2025-03-30,Quarterly,3,4800,5,4560
MS01374,M00698,2024-10-30,2025-01-29,Quarterly,3,4800,0,4800
MS01375,M00698,2025-01-30,2025-02-27,Monthly,1,1800,5,1710
MS01376,M00698,2025-02-28,2025-03-27,Monthly,1,1800,10,1620
MS01377,M00698,2025-03-28,2025-04-27,Monthly,1,1800,10,1620
MS01378,M00699,2024-10-24,2025-04-23,Half-Yearly,6,8500,0,8500
MS01379,M00699,2025-04-24,2025-12-31,Yearly,12,15000,0,15000
MS01380,M00700,2025-03-09,2025-04-08,Monthly,1,1800,10,1620
MS01381,M00700,2025-04-09,2025-07-08,Quarterly,3,4800,5,4560
MS01382,M00701,2024-11-29,2024-12-28,Monthly,1,1800,5,1710
MS01383,M00702,2025-04-09,2025-05-08,Monthly,1,1800,5,1710
MS01384,M00702,2025-05-09,2025-06-08,Monthly,1,1800,0,1800
MS01385,M00702,2025-06-09,2025-07-08,Monthly,1,1800,10,1620
MS01386,M00702,2025-07-09,2025-08-08,Monthly,1,1800,5,1710
MS01387,M00703,2025-05-02,2025-06-01,Monthly,1,1800,0,1800
MS01388,M00703,2025-06-02,2025-12-01,Half-Yearly,6,8500,10,7650
MS01389,M00703,2025-12-02,2025-12-31,Monthly,1,1800,5,1710
MS01390,M00704,2025-08-10,2025-09-09,Monthly,1,1800,0,1800
MS01391,M00704,2025-09-10,2025-12-09,Quarterly,3,4800,15,4080
MS01392,M00704,2025-12-10,2025-12-31,Yearly,12,15000,0,15000
MS01393,M00705,2025-05-24,2025-11-23,Half-Yearly,6,8500,5,8080
MS01394,M00705,2025-11-24,2025-12-23,Monthly,1,1800,10,1620
MS01395,M00706,2024-11-26,2024-12-25,Monthly,1,1800,5,1710
MS01396,M00706,2024-12-26,2025-01-25,Monthly,1,1800,10,1620
MS01397,M00706,2025-01-26,2025-02-25,Monthly,1,1800,0,1800
MS01398,M00707,2024-11-09,2024-12-08,Monthly,1,1800,0,1800
MS01399,M00707,2024-12-09,2025-01-08,Monthly,1,1800,0,1800
MS01400,M00707,2025-01-09,2025-02-08,Monthly,1,1800,5,1710
MS01401,M00707,2025-02-09,2025-03-08,Monthly,1,1800,5,1710
MS01402,M00707,2025-03-09,2025-04-08,Monthly,1,1800,15,1530
MS01403,M00708,2024-05-30,2024-08-29,Quarterly,3,4800,5,4560
MS01404,M00709,2025-01-17,2025-02-16,Monthly,1,1800,0,1800
MS01405,M00710,2024-03-29,2024-04-28,Monthly,1,1800,5,1710
MS01406,M00710,2024-04-29,2024-05-28,Monthly,1,1800,5,1710
MS01407,M00711,2025-08-17,2025-11-16,Quarterly,3,4800,0,4800
MS01408,M00711,2025-11-17,2025-12-31,Quarterly,3,4800,0,4800
MS01409,M00712,2025-06-23,2025-09-22,Quarterly,3,4800,0,4800
MS01410,M00712,2025-09-23,2025-12-31,Half-Yearly,6,8500,0,8500
MS01411,M00713,2024-03-17,2025-03-16,Yearly,12,15000,0,15000
MS01412,M00714,2025-05-16,2025-06-15,Monthly,1,1800,0,1800
MS01413,M00715,2024-03-15,2024-04-14,Monthly,1,1800,10,1620
MS01414,M00715,2024-04-15,2024-07-14,Quarterly,3,4800,10,4320
MS01415,M00715,2024-07-15,2024-08-14,Monthly,1,1800,0,1800
MS01416,M00715,2024-08-15,2025-08-14,Yearly,12,15000,5,14250
MS01417,M00715,2025-08-15,2025-09-14,Monthly,1,1800,0,1800
MS01418,M00715,2025-09-15,2025-10-14,Monthly,1,1800,0,1800
MS01419,M00715,2025-10-15,2025-11-14,Monthly,1,1800,5,1710
MS01420,M00715,2025-11-15,2025-12-14,Monthly,1,1800,10,1620
MS01421,M00716,2025-04-05,2025-05-04,Monthly,1,1800,10,1620
MS01422,M00717,2024-02-25,2024-05-24,Quarterly,3,4800,10,4320
MS01423,M00717,2024-05-25,2024-08-24,Quarterly,3,4800,0,4800
MS01424,M00717,2024-08-25,2024-09-24,Monthly,1,1800,0,1800
MS01425,M00717,2024-09-25,2024-12-24,Quarterly,3,4800,0,4800
MS01426,M00717,2024-12-25,2025-01-24,Monthly,1,1800,0,1800
MS01427,M00717,2025-01-25,2025-02-24,Monthly,1,1800,5,1710
MS01428,M00718,2024-11-07,2024-12-06,Monthly,1,1800,0,1800
MS01429,M00719,2025-02-23,2025-05-22,Quarterly,3,4800,15,4080
MS01430,M00720,2025-04-09,2025-07-08,Quarterly,3,4800,0,4800
MS01431,M00720,2025-07-09,2025-10-08,Quarterly,3,4800,5,4560
MS01432,M00721,2024-09-24,2025-09-23,Yearly,12,15000,0,15000
MS01433,M00721,2025-09-24,2025-12-31,Half-Yearly,6,8500,10,7650
MS01434,M00722,2025-08-10,2025-11-09,Quarterly,3,4800,15,4080
MS01435,M00722,2025-11-10,2025-12-09,Monthly,1,1800,0,1800
MS01436,M00722,2025-12-10,2025-12-31,Half-Yearly,6,8500,0,8500
MS01437,M00723,2025-05-09,2025-06-08,Monthly,1,1800,5,1710
MS01438,M00723,2025-06-09,2025-09-08,Quarterly,3,4800,0,4800
MS01439,M00723,2025-09-09,2025-10-08,Monthly,1,1800,5,1710
MS01440,M00724,2024-05-12,2025-05-11,Yearly,12,15000,10,13500
MS01441,M00724,2025-05-12,2025-06-11,Monthly,1,1800,0,1800
MS01442,M00724,2025-06-12,2025-07-11,Monthly,1,1800,10,1620
MS01443,M00725,2025-03-04,2025-04-03,Monthly,1,1800,10,1620
MS01444,M00726,2025-04-11,2025-05-10,Monthly,1,1800,10,1620
MS01445,M00727,2024-07-31,2025-07-30,Yearly,12,15000,10,13500
MS01446,M00727,2025-07-31,2025-08-30,Monthly,1,1800,15,1530
MS01447,M00727,2025-08-31,2025-09-29,Monthly,1,1800,0,1800
MS01448,M00728,2025-04-15,2025-05-14,Monthly,1,1800,10,1620
MS01449,M00729,2025-07-27,2025-08-26,Monthly,1,1800,0,1800
MS01450,M00730,2025-06-05,2025-12-04,Half-Yearly,6,8500,10,7650
MS01451,M00731,2025-05-01,2025-05-31,Monthly,1,1800,10,1620
MS01452,M00732,2025-02-08,2025-05-07,Quarterly,3,4800,5,4560
MS01453,M00732,2025-05-08,2025-08-07,Quarterly,3,4800,5,4560
MS01454,M00732,2025-08-08,2025-12-31,Half-Yearly,6,8500,0,8500
MS01455,M00733,2024-06-21,2024-12-20,Half-Yearly,6,8500,0,8500
MS01456,M00733,2024-12-21,2025-03-20,Quarterly,3,4800,0,4800
MS01457,M00733,2025-03-21,2025-09-20,Half-Yearly,6,8500,0,8500
MS01458,M00733,2025-09-21,2025-10-20,Monthly,1,1800,0,1800
MS01459,M00733,2025-10-21,2025-12-31,Yearly,12,15000,5,14250
MS01460,M00734,2025-05-22,2025-06-21,Monthly,1,1800,5,1710
MS01461,M00735,2024-08-20,2024-09-19,Monthly,1,1800,0,1800
MS01462,M00736,2024-12-05,2025-03-04,Quarterly,3,4800,10,4320
MS01463,M00736,2025-03-05,2025-06-04,Quarterly,3,4800,5,4560
MS01464,M00736,2025-06-05,2025-09-04,Quarterly,3,4800,0,4800
MS01465,M00737,2024-07-19,2024-08-18,Monthly,1,1800,5,1710
MS01466,M00738,2024-07-18,2025-01-17,Half-Yearly,6,8500,0,8500
MS01467,M00739,2024-04-10,2024-05-09,Monthly,1,1800,0,1800
MS01468,M00740,2025-09-05,2025-10-04,Monthly,1,1800,5,1710
MS01469,M00740,2025-10-05,2025-12-31,Yearly,12,15000,10,13500
MS01470,M00741,2024-04-04,2024-10-03,Half-Yearly,6,8500,0,8500
MS01471,M00741,2024-10-04,2025-04-03,Half-Yearly,6,8500,5,8080
MS01472,M00741,2025-04-04,2025-10-03,Half-Yearly,6,8500,5,8080
MS01473,M00742,2024-02-25,2024-03-24,Monthly,1,1800,0,1800
MS01474,M00743,2025-08-20,2025-09-19,Monthly,1,1800,0,1800
MS01475,M00744,2024-12-20,2025-03-19,Quarterly,3,4800,0,4800
MS01476,M00744,2025-03-20,2025-04-19,Monthly,1,1800,0,1800
MS01477,M00744,2025-04-20,2025-10-19,Half-Yearly,6,8500,0,8500
MS01478,M00745,2024-10-06,2025-10-05,Yearly,12,15000,0,15000
MS01479,M00746,2025-04-15,2025-05-14,Monthly,1,1800,5,1710
MS01480,M00747,2024-09-01,2025-02-28,Half-Yearly,6,8500,0,8500
MS01481,M00747,2025-03-01,2025-03-31,Monthly,1,1800,15,1530
MS01482,M00747,2025-04-01,2025-06-30,Quarterly,3,4800,0,4800
MS01483,M00747,2025-07-01,2025-07-31,Monthly,1,1800,0,1800
MS01484,M00748,2024-03-22,2024-04-21,Monthly,1,1800,0,1800
MS01485,M00749,2025-04-10,2025-05-09,Monthly,1,1800,10,1620
MS01486,M00750,2024-04-22,2024-07-21,Quarterly,3,4800,0,4800
MS01487,M00750,2024-07-22,2025-01-21,Half-Yearly,6,8500,10,7650
MS01488,M00750,2025-01-22,2025-02-21,Monthly,1,1800,0,1800
MS01489,M00751,2024-12-18,2025-01-17,Monthly,1,1800,15,1530
MS01490,M00751,2025-01-18,2025-12-31,Yearly,12,15000,0,15000
MS01491,M00752,2025-08-28,2025-09-27,Monthly,1,1800,0,1800
MS01492,M00753,2025-08-20,2025-09-19,Monthly,1,1800,0,1800
MS01493,M00754,2024-08-18,2024-09-17,Monthly,1,1800,0,1800
MS01494,M00754,2024-09-18,2024-10-17,Monthly,1,1800,10,1620
MS01495,M00754,2024-10-18,2025-01-17,Quarterly,3,4800,0,4800
MS01496,M00754,2025-01-18,2025-04-17,Quarterly,3,4800,10,4320
MS01497,M00754,2025-04-18,2025-05-17,Monthly,1,1800,0,1800
MS01498,M00755,2025-05-12,2025-08-11,Quarterly,3,4800,0,4800
MS01499,M00755,2025-08-12,2025-12-31,Half-Yearly,6,8500,0,8500
MS01500,M00756,2025-01-25,2025-04-24,Quarterly,3,4800,0,4800
MS01501,M00756,2025-04-25,2025-07-24,Quarterly,3,4800,5,4560
MS01502,M00757,2024-11-01,2025-01-31,Quarterly,3,4800,0,4800
MS01503,M00757,2025-02-01,2025-04-30,Quarterly,3,4800,0,4800
MS01504,M00758,2024-03-30,2024-04-29,Monthly,1,1800,0,1800
MS01505,M00758,2024-04-30,2024-10-29,Half-Yearly,6,8500,5,8080
MS01506,M00758,2024-10-30,2024-11-29,Monthly,1,1800,10,1620
MS01507,M00759,2024-08-28,2024-09-27,Monthly,1,1800,10,1620
MS01508,M00760,2025-02-19,2025-03-18,Monthly,1,1800,0,1800
MS01509,M00761,2025-09-21,2025-10-20,Monthly,1,1800,10,1620
MS01510,M00762,2024-01-04,2024-02-03,Monthly,1,1800,0,1800
MS01511,M00763,2025-04-02,2025-05-01,Monthly,1,1800,0,1800
MS01512,M00763,2025-05-02,2025-11-01,Half-Yearly,6,8500,0,8500
MS01513,M00763,2025-11-02,2025-12-31,Half-Yearly,6,8500,0,8500
MS01514,M00764,2025-06-23,2025-07-22,Monthly,1,1800,10,1620
MS01515,M00764,2025-07-23,2025-08-22,Monthly,1,1800,0,1800
MS01516,M00765,2025-08-29,2025-12-31,Half-Yearly,6,8500,0,8500
MS01517,M00766,2024-09-27,2024-10-26,Monthly,1,1800,0,1800
MS01518,M00766,2024-10-27,2025-10-26,Yearly,12,15000,0,15000
MS01519,M00767,2024-03-16,2024-04-15,Monthly,1,1800,10,1620
MS01520,M00767,2024-04-16,2024-05-15,Monthly,1,1800,10,1620
MS01521,M00767,2024-05-16,2024-11-15,Half-Yearly,6,8500,10,7650
MS01522,M00768,2024-06-21,2024-12-20,Half-Yearly,6,8500,0,8500
MS01523,M00768,2024-12-21,2025-03-20,Quarterly,3,4800,0,4800
MS01524,M00768,2025-03-21,2025-04-20,Monthly,1,1800,5,1710
MS01525,M00768,2025-04-21,2025-05-20,Monthly,1,1800,15,1530
MS01526,M00769,2025-06-26,2025-07-25,Monthly,1,1800,0,1800
MS01527,M00770,2025-07-14,2025-08-13,Monthly,1,1800,5,1710
MS01528,M00771,2025-02-10,2025-03-09,Monthly,1,1800,0,1800
MS01529,M00771,2025-03-10,2025-04-09,Monthly,1,1800,5,1710
MS01530,M00771,2025-04-10,2025-12-31,Yearly,12,15000,5,14250
MS01531,M00772,2024-03-19,2024-06-18,Quarterly,3,4800,0,4800
MS01532,M00772,2024-06-19,2024-09-18,Quarterly,3,4800,0,4800
MS01533,M00772,2024-09-19,2024-10-18,Monthly,1,1800,0,1800
MS01534,M00773,2024-03-18,2025-03-17,Yearly,12,15000,5,14250
MS01535,M00774,2024-11-01,2025-01-31,Quarterly,3,4800,0,4800
MS01536,M00775,2025-01-10,2025-02-09,Monthly,1,1800,0,1800
MS01537,M00776,2024-01-21,2024-04-20,Quarterly,3,4800,10,4320
MS01538,M00776,2024-04-21,2024-10-20,Half-Yearly,6,8500,0,8500
MS01539,M00776,2024-10-21,2025-10-20,Yearly,12,15000,0,15000
MS01540,M00776,2025-10-21,2025-12-31,Yearly,12,15000,10,13500
MS01541,M00777,2025-03-13,2025-04-12,Monthly,1,1800,10,1620
MS01542,M00778,2024-12-13,2025-03-12,Quarterly,3,4800,0,4800
MS01543,M00778,2025-03-13,2025-12-31,Yearly,12,15000,0,15000
MS01544,M00779,2024-01-08,2024-02-07,Monthly,1,1800,0,1800
MS01545,M00780,2024-03-02,2024-09-01,Half-Yearly,6,8500,0,8500
MS01546,M00780,2024-09-02,2024-12-01,Quarterly,3,4800,0,4800
MS01547,M00780,2024-12-02,2025-03-01,Quarterly,3,4800,0,4800
MS01548,M00781,2024-10-16,2024-11-15,Monthly,1,1800,5,1710
MS01549,M00782,2025-04-06,2025-10-05,Half-Yearly,6,8500,5,8080
MS01550,M00782,2025-10-06,2025-11-05,Monthly,1,1800,0,1800
MS01551,M00782,2025-11-06,2025-12-31,Quarterly,3,4800,0,4800
MS01552,M00783,2025-06-10,2025-09-09,Quarterly,3,4800,5,4560
MS01553,M00783,2025-09-10,2025-10-09,Monthly,1,1800,5,1710
MS01554,M00784,2024-10-02,2025-01-01,Quarterly,3,4800,0,4800
MS01555,M00785,2024-07-07,2024-08-06,Monthly,1,1800,0,1800
MS01556,M00785,2024-08-07,2024-09-06,Monthly,1,1800,5,1710
MS01557,M00786,2025-09-09,2025-12-31,Half-Yearly,6,8500,5,8080
MS01558,M00787,2024-10-19,2025-01-18,Quarterly,3,4800,10,4320
MS01559,M00787,2025-01-19,2025-02-18,Monthly,1,1800,5,1710
MS01560,M00788,2024-07-20,2024-08-19,Monthly,1,1800,10,1620
MS01561,M00788,2024-08-20,2024-09-19,Monthly,1,1800,10,1620
MS01562,M00789,2024-10-09,2025-01-08,Quarterly,3,4800,0,4800
MS01563,M00790,2024-01-08,2024-02-07,Monthly,1,1800,0,1800
MS01564,M00791,2024-07-11,2024-08-10,Monthly,1,1800,5,1710
MS01565,M00792,2024-11-24,2024-12-23,Monthly,1,1800,0,1800
MS01566,M00792,2024-12-24,2025-03-23,Quarterly,3,4800,5,4560
MS01567,M00793,2025-08-08,2025-11-07,Quarterly,3,4800,15,4080
MS01568,M00793,2025-11-08,2025-12-07,Monthly,1,1800,0,1800
MS01569,M00794,2025-04-15,2025-05-14,Monthly,1,1800,0,1800
MS01570,M00794,2025-05-15,2025-06-14,Monthly,1,1800,5,1710
MS01571,M00795,2025-05-13,2025-06-12,Monthly,1,1800,5,1710
MS01572,M00795,2025-06-13,2025-07-12,Monthly,1,1800,0,1800
MS01573,M00796,2024-12-13,2025-03-12,Quarterly,3,4800,5,4560
MS01574,M00797,2024-03-11,2024-04-10,Monthly,1,1800,10,1620
MS01575,M00798,2024-09-06,2024-10-05,Monthly,1,1800,0,1800
MS01576,M00798,2024-10-06,2024-11-05,Monthly,1,1800,0,1800
MS01577,M00798,2024-11-06,2025-11-05,Yearly,12,15000,10,13500
MS01578,M00798,2025-11-06,2025-12-31,Half-Yearly,6,8500,15,7220
MS01579,M00799,2025-09-28,2025-12-27,Quarterly,3,4800,5,4560
MS01580,M00800,2024-01-29,2024-07-28,Half-Yearly,6,8500,0,8500
MS01581,M00800,2024-07-29,2024-08-28,Monthly,1,1800,0,1800
MS01582,M00801,2025-07-14,2025-10-13,Quarterly,3,4800,0,4800
MS01583,M00801,2025-10-14,2025-12-31,Quarterly,3,4800,0,4800
MS01584,M00802,2025-03-12,2025-04-11,Monthly,1,1800,5,1710
MS01585,M00802,2025-04-12,2025-12-31,Yearly,12,15000,10,13500
MS01586,M00803,2024-06-30,2024-09-29,Quarterly,3,4800,10,4320
MS01587,M00803,2024-09-30,2024-12-29,Quarterly,3,4800,10,4320
MS01588,M00803,2024-12-30,2025-12-29,Yearly,12,15000,0,15000
MS01589,M00804,2025-05-11,2025-12-31,Yearly,12,15000,0,15000
MS01590,M00805,2025-06-17,2025-09-16,Quarterly,3,4800,10,4320
MS01591,M00805,2025-09-17,2025-10-16,Monthly,1,1800,10,1620
MS01592,M00805,2025-10-17,2025-12-31,Quarterly,3,4800,5,4560
MS01593,M00806,2024-01-28,2024-02-27,Monthly,1,1800,15,1530
MS01594,M00807,2024-03-08,2025-03-07,Yearly,12,15000,0,15000
MS01595,M00807,2025-03-08,2025-09-07,Half-Yearly,6,8500,10,7650
MS01596,M00807,2025-09-08,2025-10-07,Monthly,1,1800,0,1800
MS01597,M00807,2025-10-08,2025-12-31,Quarterly,3,4800,15,4080
MS01598,M00808,2025-02-28,2025-03-27,Monthly,1,1800,0,1800
MS01599,M00808,2025-03-28,2025-04-27,Monthly,1,1800,10,1620
MS01600,M00808,2025-04-28,2025-05-27,Monthly,1,1800,5,1710
MS01601,M00808,2025-05-28,2025-06-27,Monthly,1,1800,5,1710
MS01602,M00808,2025-06-28,2025-09-27,Quarterly,3,4800,5,4560
MS01603,M00809,2025-09-29,2025-10-28,Monthly,1,1800,0,1800
MS01604,M00810,2024-01-16,2024-02-15,Monthly,1,1800,0,1800
MS01605,M00810,2024-02-16,2024-03-15,Monthly,1,1800,0,1800
MS01606,M00811,2025-02-28,2025-03-27,Monthly,1,1800,5,1710
MS01607,M00811,2025-03-28,2025-04-27,Monthly,1,1800,10,1620
MS01608,M00812,2024-03-28,2025-03-27,Yearly,12,15000,0,15000
MS01609,M00812,2025-03-28,2025-06-27,Quarterly,3,4800,0,4800
MS01610,M00812,2025-06-28,2025-07-27,Monthly,1,1800,0,1800
MS01611,M00813,2025-02-18,2025-08-17,Half-Yearly,6,8500,5,8080
MS01612,M00813,2025-08-18,2025-12-31,Half-Yearly,6,8500,5,8080
MS01613,M00814,2025-02-01,2025-04-30,Quarterly,3,4800,15,4080
MS01614,M00814,2025-05-01,2025-07-31,Quarterly,3,4800,10,4320
MS01615,M00815,2024-02-27,2025-02-26,Yearly,12,15000,0,15000
MS01616,M00815,2025-02-27,2025-03-26,Monthly,1,1800,5,1710
MS01617,M00815,2025-03-27,2025-04-26,Monthly,1,1800,10,1620
MS01618,M00816,2025-03-10,2025-06-09,Quarterly,3,4800,0,4800
MS01619,M00816,2025-06-10,2025-07-09,Monthly,1,1800,0,1800
MS01620,M00817,2025-07-26,2025-10-25,Quarterly,3,4800,0,4800
MS01621,M00818,2025-07-04,2025-08-03,Monthly,1,1800,0,1800
MS01622,M00818,2025-08-04,2025-09-03,Monthly,1,1800,5,1710
MS01623,M00819,2024-01-19,2024-04-18,Quarterly,3,4800,10,4320
MS01624,M00820,2024-06-05,2024-12-04,Half-Yearly,6,8500,15,7220
MS01625,M00821,2024-06-02,2024-12-01,Half-Yearly,6,8500,0,8500
MS01626,M00821,2024-12-02,2025-03-01,Quarterly,3,4800,10,4320
MS01627,M00822,2024-10-16,2025-01-15,Quarterly,3,4800,10,4320
MS01628,M00823,2024-04-01,2024-06-30,Quarterly,3,4800,0,4800
MS01629,M00823,2024-07-01,2024-07-31,Monthly,1,1800,0,1800
MS01630,M00824,2025-06-29,2025-07-28,Monthly,1,1800,10,1620
MS01631,M00824,2025-07-29,2025-10-28,Quarterly,3,4800,0,4800
MS01632,M00825,2025-05-10,2025-06-09,Monthly,1,1800,5,1710
MS01633,M00826,2025-05-30,2025-08-29,Quarterly,3,4800,5,4560
MS01634,M00827,2024-05-06,2024-11-05,Half-Yearly,6,8500,0,8500
MS01635,M00828,2024-01-10,2024-02-09,Monthly,1,1800,0,1800
MS01636,M00828,2024-02-10,2024-03-09,Monthly,1,1800,0,1800
MS01637,M00829,2025-08-03,2025-11-02,Quarterly,3,4800,15,4080
MS01638,M00829,2025-11-03,2025-12-31,Quarterly,3,4800,0,4800
MS01639,M00830,2024-07-03,2024-08-02,Monthly,1,1800,5,1710
MS01640,M00831,2025-02-22,2025-03-21,Monthly,1,1800,0,1800
MS01641,M00831,2025-03-22,2025-04-21,Monthly,1,1800,5,1710
MS01642,M00832,2025-08-03,2025-12-31,Half-Yearly,6,8500,15,7220
MS01643,M00833,2024-01-24,2025-01-23,Yearly,12,15000,10,13500
MS01644,M00833,2025-01-24,2025-07-23,Half-Yearly,6,8500,5,8080
MS01645,M00833,2025-07-24,2025-10-23,Quarterly,3,4800,10,4320
MS01646,M00834,2024-01-04,2024-07-03,Half-Yearly,6,8500,0,8500
MS01647,M00835,2024-01-04,2024-04-03,Quarterly,3,4800,10,4320
MS01648,M00836,2024-04-09,2024-05-08,Monthly,1,1800,0,1800
MS01649,M00837,2024-02-02,2025-02-01,Yearly,12,15000,10,13500
MS01650,M00837,2025-02-02,2025-03-01,Monthly,1,1800,5,1710
MS01651,M00837,2025-03-02,2025-12-31,Yearly,12,15000,5,14250
MS01652,M00838,2025-06-07,2025-09-06,Quarterly,3,4800,15,4080
MS01653,M00838,2025-09-07,2025-10-06,Monthly,1,1800,5,1710
MS01654,M00838,2025-10-07,2025-11-06,Monthly,1,1800,10,1620
MS01655,M00838,2025-11-07,2025-12-31,Quarterly,3,4800,0,4800
MS01656,M00839,2025-01-21,2025-04-20,Quarterly,3,4800,5,4560
MS01657,M00839,2025-04-21,2025-05-20,Monthly,1,1800,10,1620
MS01658,M00840,2025-09-17,2025-10-16,Monthly,1,1800,0,1800
MS01659,M00841,2025-05-26,2025-06-25,Monthly,1,1800,15,1530
MS01660,M00842,2025-09-06,2025-10-05,Monthly,1,1800,0,1800
MS01661,M00843,2024-06-01,2024-06-30,Monthly,1,1800,5,1710
MS01662,M00843,2024-07-01,2024-09-30,Quarterly,3,4800,10,4320
MS01663,M00844,2024-07-02,2024-08-01,Monthly,1,1800,5,1710
MS01664,M00845,2025-06-25,2025-07-24,Monthly,1,1800,10,1620
MS01665,M00846,2024-06-05,2024-07-04,Monthly,1,1800,15,1530
MS01666,M00846,2024-07-05,2024-08-04,Monthly,1,1800,0,1800
MS01667,M00846,2024-08-05,2024-09-04,Monthly,1,1800,0,1800
MS01668,M00847,2024-02-06,2024-05-05,Quarterly,3,4800,0,4800
MS01669,M00848,2025-03-02,2025-06-01,Quarterly,3,4800,5,4560
MS01670,M00849,2025-05-26,2025-06-25,Monthly,1,1800,0,1800
MS01671,M00849,2025-06-26,2025-07-25,Monthly,1,1800,5,1710
MS01672,M00849,2025-07-26,2025-10-25,Quarterly,3,4800,10,4320
MS01673,M00850,2025-09-09,2025-12-08,Quarterly,3,4800,5,4560
MS01674,M00851,2025-08-14,2025-11-13,Quarterly,3,4800,0,4800
MS01675,M00851,2025-11-14,2025-12-13,Monthly,1,1800,5,1710
MS01676,M00851,2025-12-14,2025-12-31,Monthly,1,1800,0,1800
MS01677,M00852,2024-03-17,2024-04-16,Monthly,1,1800,0,1800
MS01678,M00852,2024-04-17,2024-05-16,Monthly,1,1800,10,1620
MS01679,M00852,2024-05-17,2024-06-16,Monthly,1,1800,15,1530
MS01680,M00852,2024-06-17,2024-09-16,Quarterly,3,4800,5,4560
MS01681,M00852,2024-09-17,2024-10-16,Monthly,1,1800,0,1800
MS01682,M00852,2024-10-17,2024-11-16,Monthly,1,1800,5,1710
MS01683,M00852,2024-11-17,2024-12-16,Monthly,1,1800,5,1710
MS01684,M00852,2024-12-17,2025-03-16,Quarterly,3,4800,0,4800
MS01685,M00853,2025-05-07,2025-11-06,Half-Yearly,6,8500,5,8080
MS01686,M00854,2025-06-23,2025-07-22,Monthly,1,1800,0,1800
MS01687,M00854,2025-07-23,2025-08-22,Monthly,1,1800,10,1620
MS01688,M00854,2025-08-23,2025-09-22,Monthly,1,1800,10,1620
MS01689,M00854,2025-09-23,2025-12-22,Quarterly,3,4800,0,4800
MS01690,M00855,2025-03-21,2025-04-20,Monthly,1,1800,5,1710
MS01691,M00856,2025-06-07,2025-12-31,Yearly,12,15000,15,12750
MS01692,M00857,2025-06-18,2025-07-17,Monthly,1,1800,0,1800
MS01693,M00858,2024-10-11,2025-01-10,Quarterly,3,4800,10,4320
MS01694,M00859,2024-01-26,2024-02-25,Monthly,1,1800,0,1800
MS01695,M00859,2024-02-26,2024-05-25,Quarterly,3,4800,5,4560
MS01696,M00859,2024-05-26,2024-11-25,Half-Yearly,6,8500,0,8500
MS01697,M00859,2024-11-26,2024-12-25,Monthly,1,1800,5,1710
MS01698,M00859,2024-12-26,2025-06-25,Half-Yearly,6,8500,10,7650
MS01699,M00859,2025-06-26,2025-12-31,Yearly,12,15000,0,15000
MS01700,M00860,2024-05-08,2024-06-07,Monthly,1,1800,5,1710
MS01701,M00860,2024-06-08,2025-06-07,Yearly,12,15000,5,14250
MS01702,M00861,2024-03-13,2024-04-12,Monthly,1,1800,10,1620
MS01703,M00861,2024-04-13,2024-07-12,Quarterly,3,4800,10,4320
MS01704,M00861,2024-07-13,2025-07-12,Yearly,12,15000,5,14250
MS01705,M00861,2025-07-13,2025-08-12,Monthly,1,1800,0,1800
MS01706,M00861,2025-08-13,2025-11-12,Quarterly,3,4800,0,4800
MS01707,M00862,2024-03-20,2025-03-19,Yearly,12,15000,0,15000
MS01708,M00862,2025-03-20,2025-04-19,Monthly,1,1800,0,1800
MS01709,M00862,2025-04-20,2025-10-19,Half-Yearly,6,8500,10,7650
MS01710,M00862,2025-10-20,2025-11-19,Monthly,1,1800,0,1800
MS01711,M00863,2025-03-20,2025-04-19,Monthly,1,1800,10,1620
MS01712,M00864,2024-11-17,2024-12-16,Monthly,1,1800,10,1620
MS01713,M00865,2024-12-10,2025-03-09,Quarterly,3,4800,10,4320
MS01714,M00865,2025-03-10,2025-06-09,Quarterly,3,4800,0,4800
MS01715,M00866,2025-04-20,2025-05-19,Monthly,1,1800,0,1800
MS01716,M00866,2025-05-20,2025-06-19,Monthly,1,1800,0,1800
MS01717,M00866,2025-06-20,2025-12-19,Half-Yearly,6,8500,5,8080
MS01718,M00866,2025-12-20,2025-12-31,Half-Yearly,6,8500,10,7650
MS01719,M00867,2024-12-15,2025-03-14,Quarterly,3,4800,0,4800
MS01720,M00867,2025-03-15,2025-06-14,Quarterly,3,4800,0,4800
MS01721,M00867,2025-06-15,2025-07-14,Monthly,1,1800,5,1710
MS01722,M00867,2025-07-15,2025-12-31,Half-Yearly,6,8500,5,8080
MS01723,M00868,2025-02-05,2025-08-04,Half-Yearly,6,8500,0,8500
MS01724,M00868,2025-08-05,2025-11-04,Quarterly,3,4800,0,4800
MS01725,M00868,2025-11-05,2025-12-04,Monthly,1,1800,10,1620
MS01726,M00869,2024-02-24,2024-03-23,Monthly,1,1800,0,1800
MS01727,M00870,2025-06-27,2025-07-26,Monthly,1,1800,0,1800
MS01728,M00871,2024-10-13,2024-11-12,Monthly,1,1800,15,1530
MS01729,M00871,2024-11-13,2025-05-12,Half-Yearly,6,8500,0,8500
MS01730,M00871,2025-05-13,2025-06-12,Monthly,1,1800,15,1530
MS01731,M00872,2024-04-09,2024-05-08,Monthly,1,1800,15,1530
MS01732,M00872,2024-05-09,2024-06-08,Monthly,1,1800,0,1800
MS01733,M00873,2025-06-02,2025-07-01,Monthly,1,1800,0,1800
MS01734,M00874,2025-04-13,2025-07-12,Quarterly,3,4800,0,4800
MS01735,M00874,2025-07-13,2025-08-12,Monthly,1,1800,5,1710
MS01736,M00874,2025-08-13,2025-11-12,Quarterly,3,4800,10,4320
MS01737,M00874,2025-11-13,2025-12-12,Monthly,1,1800,0,1800
MS01738,M00875,2024-02-03,2024-08-02,Half-Yearly,6,8500,10,7650
MS01739,M00876,2024-05-03,2024-11-02,Half-Yearly,6,8500,15,7220
MS01740,M00876,2024-11-03,2024-12-02,Monthly,1,1800,5,1710
MS01741,M00876,2024-12-03,2025-01-02,Monthly,1,1800,0,1800
MS01742,M00876,2025-01-03,2025-04-02,Quarterly,3,4800,0,4800
MS01743,M00876,2025-04-03,2025-12-31,Yearly,12,15000,5,14250
MS01744,M00877,2024-01-11,2024-02-10,Monthly,1,1800,0,1800
MS01745,M00878,2024-06-21,2024-07-20,Monthly,1,1800,15,1530
MS01746,M00878,2024-07-21,2025-01-20,Half-Yearly,6,8500,0,8500
MS01747,M00878,2025-01-21,2025-02-20,Monthly,1,1800,0,1800
MS01748,M00879,2024-03-04,2024-06-03,Quarterly,3,4800,0,4800
MS01749,M00880,2025-03-28,2025-04-27,Monthly,1,1800,10,1620
MS01750,M00880,2025-04-28,2025-05-27,Monthly,1,1800,0,1800
MS01751,M00880,2025-05-28,2025-12-31,Yearly,12,15000,0,15000
MS01752,M00881,2024-11-29,2025-05-28,Half-Yearly,6,8500,0,8500
MS01753,M00881,2025-05-29,2025-08-28,Quarterly,3,4800,0,4800
MS01754,M00882,2025-09-17,2025-12-16,Quarterly,3,4800,0,4800
MS01755,M00882,2025-12-17,2025-12-31,Monthly,1,1800,5,1710
MS01756,M00883,2025-04-23,2025-10-22,Half-Yearly,6,8500,0,8500
MS01757,M00884,2025-01-25,2025-02-24,Monthly,1,1800,10,1620
MS01758,M00884,2025-02-25,2025-08-24,Half-Yearly,6,8500,5,8080
MS01759,M00884,2025-08-25,2025-09-24,Monthly,1,1800,10,1620
MS01760,M00885,2024-11-20,2025-02-19,Quarterly,3,4800,0,4800
MS01761,M00885,2025-02-20,2025-03-19,Monthly,1,1800,5,1710
MS01762,M00885,2025-03-20,2025-09-19,Half-Yearly,6,8500,5,8080
MS01763,M00885,2025-09-20,2025-12-19,Quarterly,3,4800,0,4800
MS01764,M00885,2025-12-20,2025-12-31,Monthly,1,1800,0,1800
MS01765,M00886,2024-02-04,2024-05-03,Quarterly,3,4800,10,4320
MS01766,M00886,2024-05-04,2025-05-03,Yearly,12,15000,10,13500
MS01767,M00886,2025-05-04,2025-06-03,Monthly,1,1800,10,1620
MS01768,M00886,2025-06-04,2025-07-03,Monthly,1,1800,15,1530
MS01769,M00887,2024-02-14,2024-08-13,Half-Yearly,6,8500,10,7650
MS01770,M00887,2024-08-14,2024-11-13,Quarterly,3,4800,10,4320
MS01771,M00887,2024-11-14,2024-12-13,Monthly,1,1800,0,1800
MS01772,M00888,2025-01-28,2025-04-27,Quarterly,3,4800,10,4320
MS01773,M00888,2025-04-28,2025-07-27,Quarterly,3,4800,0,4800
MS01774,M00889,2024-01-03,2024-04-02,Quarterly,3,4800,10,4320
MS01775,M00889,2024-04-03,2024-05-02,Monthly,1,1800,0,1800
MS01776,M00890,2024-01-28,2024-02-27,Monthly,1,1800,10,1620
MS01777,M00890,2024-02-28,2024-05-27,Quarterly,3,4800,0,4800
MS01778,M00890,2024-05-28,2024-08-27,Quarterly,3,4800,0,4800
MS01779,M00890,2024-08-28,2024-11-27,Quarterly,3,4800,0,4800
MS01780,M00890,2024-11-28,2025-02-27,Quarterly,3,4800,0,4800
MS01781,M00890,2025-02-28,2025-03-27,Monthly,1,1800,0,1800
MS01782,M00890,2025-03-28,2025-06-27,Quarterly,3,4800,0,4800
MS01783,M00891,2024-05-19,2024-11-18,Half-Yearly,6,8500,0,8500
MS01784,M00891,2024-11-19,2024-12-18,Monthly,1,1800,0,1800
MS01785,M00892,2025-07-18,2025-08-17,Monthly,1,1800,0,1800
MS01786,M00893,2024-10-19,2025-10-18,Yearly,12,15000,5,14250
MS01787,M00893,2025-10-19,2025-12-31,Half-Yearly,6,8500,10,7650
MS01788,M00894,2025-03-28,2025-09-27,Half-Yearly,6,8500,5,8080
MS01789,M00894,2025-09-28,2025-10-27,Monthly,1,1800,0,1800
MS01790,M00894,2025-10-28,2025-11-27,Monthly,1,1800,0,1800
MS01791,M00895,2024-09-19,2024-10-18,Monthly,1,1800,0,1800
MS01792,M00896,2024-04-20,2024-05-19,Monthly,1,1800,10,1620
MS01793,M00897,2024-08-24,2024-11-23,Quarterly,3,4800,0,4800
MS01794,M00897,2024-11-24,2025-02-23,Quarterly,3,4800,0,4800
MS01795,M00897,2025-02-24,2025-03-23,Monthly,1,1800,5,1710
MS01796,M00898,2024-02-28,2024-05-27,Quarterly,3,4800,5,4560
MS01797,M00898,2024-05-28,2025-05-27,Yearly,12,15000,10,13500
MS01798,M00898,2025-05-28,2025-08-27,Quarterly,3,4800,0,4800
MS01799,M00899,2025-05-06,2025-06-05,Monthly,1,1800,0,1800
MS01800,M00900,2024-04-27,2024-07-26,Quarterly,3,4800,0,4800
MS01801,M00901,2024-08-28,2025-02-27,Half-Yearly,6,8500,0,8500
MS01802,M00901,2025-02-28,2025-05-27,Quarterly,3,4800,5,4560
MS01803,M00902,2025-09-17,2025-12-16,Quarterly,3,4800,5,4560
MS01804,M00903,2025-01-12,2025-02-11,Monthly,1,1800,0,1800
MS01805,M00904,2024-10-19,2025-04-18,Half-Yearly,6,8500,0,8500
MS01806,M00904,2025-04-19,2025-05-18,Monthly,1,1800,0,1800
MS01807,M00904,2025-05-19,2025-08-18,Quarterly,3,4800,0,4800
MS01808,M00905,2024-12-12,2025-12-11,Yearly,12,15000,15,12750
MS01809,M00906,2025-05-15,2025-06-14,Monthly,1,1800,5,1710
MS01810,M00907,2024-06-11,2024-07-10,Monthly,1,1800,10,1620
MS01811,M00908,2025-02-10,2025-05-09,Quarterly,3,4800,0,4800
MS01812,M00908,2025-05-10,2025-11-09,Half-Yearly,6,8500,0,8500
MS01813,M00908,2025-11-10,2025-12-31,Quarterly,3,4800,5,4560
MS01814,M00909,2025-07-10,2025-08-09,Monthly,1,1800,10,1620
MS01815,M00910,2024-12-31,2025-01-30,Monthly,1,1800,10,1620
MS01816,M00910,2025-01-31,2025-04-29,Quarterly,3,4800,5,4560
MS01817,M00911,2024-10-11,2025-04-10,Half-Yearly,6,8500,0,8500
MS01818,M00911,2025-04-11,2025-10-10,Half-Yearly,6,8500,0,8500
MS01819,M00911,2025-10-11,2025-11-10,Monthly,1,1800,0,1800
MS01820,M00912,2024-04-02,2024-07-01,Quarterly,3,4800,10,4320
MS01821,M00912,2024-07-02,2024-08-01,Monthly,1,1800,0,1800
MS01822,M00912,2024-08-02,2024-11-01,Quarterly,3,4800,0,4800
MS01823,M00912,2024-11-02,2025-11-01,Yearly,12,15000,0,15000
MS01824,M00912,2025-11-02,2025-12-31,Half-Yearly,6,8500,5,8080
MS01825,M00913,2024-06-07,2025-06-06,Yearly,12,15000,5,14250
MS01826,M00913,2025-06-07,2025-07-06,Monthly,1,1800,15,1530
MS01827,M00913,2025-07-07,2025-12-31,Half-Yearly,6,8500,0,8500
MS01828,M00914,2025-08-26,2025-12-31,Half-Yearly,6,8500,15,7220
MS01829,M00915,2024-12-11,2025-01-10,Monthly,1,1800,5,1710
MS01830,M00916,2024-07-11,2024-08-10,Monthly,1,1800,0,1800
MS01831,M00917,2024-09-23,2024-10-22,Monthly,1,1800,0,1800
MS01832,M00917,2024-10-23,2024-11-22,Monthly,1,1800,5,1710
MS01833,M00917,2024-11-23,2025-02-22,Quarterly,3,4800,0,4800
MS01834,M00917,2025-02-23,2025-08-22,Half-Yearly,6,8500,5,8080
MS01835,M00917,2025-08-23,2025-09-22,Monthly,1,1800,5,1710
MS01836,M00918,2025-01-03,2025-04-02,Quarterly,3,4800,10,4320
MS01837,M00918,2025-04-03,2025-12-31,Yearly,12,15000,0,15000
MS01838,M00919,2024-12-08,2025-03-07,Quarterly,3,4800,0,4800
MS01839,M00919,2025-03-08,2025-04-07,Monthly,1,1800,10,1620
MS01840,M00920,2025-03-22,2025-06-21,Quarterly,3,4800,0,4800
MS01841,M00920,2025-06-22,2025-12-21,Half-Yearly,6,8500,5,8080
MS01842,M00920,2025-12-22,2025-12-31,Monthly,1,1800,0,1800
MS01843,M00921,2024-06-13,2024-09-12,Quarterly,3,4800,10,4320
MS01844,M00922,2025-02-18,2025-03-17,Monthly,1,1800,0,1800
MS01845,M00923,2024-10-09,2024-11-08,Monthly,1,1800,5,1710
MS01846,M00924,2025-08-23,2025-09-22,Monthly,1,1800,0,1800
MS01847,M00924,2025-09-23,2025-12-22,Quarterly,3,4800,0,4800
MS01848,M00924,2025-12-23,2025-12-31,Monthly,1,1800,10,1620
MS01849,M00925,2024-04-10,2025-04-09,Yearly,12,15000,10,13500
MS01850,M00925,2025-04-10,2025-05-09,Monthly,1,1800,5,1710
MS01851,M00926,2024-04-04,2024-10-03,Half-Yearly,6,8500,0,8500
MS01852,M00927,2024-10-21,2024-11-20,Monthly,1,1800,5,1710
MS01853,M00928,2024-11-20,2025-02-19,Quarterly,3,4800,10,4320
MS01854,M00929,2025-03-16,2025-09-15,Half-Yearly,6,8500,10,7650
MS01855,M00929,2025-09-16,2025-10-15,Monthly,1,1800,10,1620
MS01856,M00930,2024-09-14,2024-12-13,Quarterly,3,4800,0,4800
MS01857,M00930,2024-12-14,2025-01-13,Monthly,1,1800,15,1530
MS01858,M00930,2025-01-14,2025-02-13,Monthly,1,1800,0,1800
MS01859,M00931,2025-08-05,2025-09-04,Monthly,1,1800,5,1710
MS01860,M00931,2025-09-05,2025-10-04,Monthly,1,1800,0,1800
MS01861,M00931,2025-10-05,2025-12-31,Half-Yearly,6,8500,10,7650
MS01862,M00932,2024-10-29,2025-04-28,Half-Yearly,6,8500,0,8500
MS01863,M00933,2024-03-23,2024-04-22,Monthly,1,1800,10,1620
MS01864,M00934,2024-03-17,2024-04-16,Monthly,1,1800,0,1800
MS01865,M00934,2024-04-17,2024-05-16,Monthly,1,1800,5,1710
MS01866,M00935,2025-09-13,2025-10-12,Monthly,1,1800,5,1710
MS01867,M00936,2024-03-26,2024-04-25,Monthly,1,1800,0,1800
MS01868,M00936,2024-04-26,2024-07-25,Quarterly,3,4800,0,4800
MS01869,M00936,2024-07-26,2024-08-25,Monthly,1,1800,10,1620
MS01870,M00937,2025-08-27,2025-09-26,Monthly,1,1800,5,1710
MS01871,M00938,2024-06-26,2024-07-25,Monthly,1,1800,0,1800
MS01872,M00938,2024-07-26,2024-08-25,Monthly,1,1800,10,1620
MS01873,M00939,2024-02-29,2024-05-28,Quarterly,3,4800,0,4800
MS01874,M00940,2024-07-13,2024-08-12,Monthly,1,1800,0,1800
MS01875,M00940,2024-08-13,2025-02-12,Half-Yearly,6,8500,5,8080
MS01876,M00940,2025-02-13,2025-05-12,Quarterly,3,4800,0,4800
MS01877,M00940,2025-05-13,2025-11-12,Half-Yearly,6,8500,10,7650
MS01878,M00940,2025-11-13,2025-12-12,Monthly,1,1800,15,1530
MS01879,M00940,2025-12-13,2025-12-31,Monthly,1,1800,0,1800
MS01880,M00941,2025-01-27,2025-04-26,Quarterly,3,4800,5,4560
MS01881,M00941,2025-04-27,2025-05-26,Monthly,1,1800,5,1710
MS01882,M00941,2025-05-27,2025-06-26,Monthly,1,1800,0,1800
MS01883,M00942,2024-09-30,2025-09-29,Yearly,12,15000,0,15000
MS01884,M00942,2025-09-30,2025-12-31,Half-Yearly,6,8500,0,8500
MS01885,M00943,2025-05-16,2025-08-15,Quarterly,3,4800,5,4560
MS01886,M00943,2025-08-16,2025-09-15,Monthly,1,1800,10,1620
MS01887,M00944,2025-01-24,2025-02-23,Monthly,1,1800,5,1710
MS01888,M00945,2024-09-12,2025-03-11,Half-Yearly,6,8500,5,8080
MS01889,M00945,2025-03-12,2025-04-11,Monthly,1,1800,0,1800
MS01890,M00946,2025-02-08,2025-08-07,Half-Yearly,6,8500,10,7650
MS01891,M00946,2025-08-08,2025-12-31,Yearly,12,15000,15,12750
MS01892,M00947,2025-09-11,2025-12-31,Yearly,12,15000,0,15000
MS01893,M00948,2024-09-19,2024-10-18,Monthly,1,1800,0,1800
MS01894,M00948,2024-10-19,2025-01-18,Quarterly,3,4800,0,4800
MS01895,M00948,2025-01-19,2025-02-18,Monthly,1,1800,5,1710
MS01896,M00949,2024-04-07,2024-05-06,Monthly,1,1800,10,1620
MS01897,M00950,2024-09-17,2024-12-16,Quarterly,3,4800,5,4560
MS01898,M00950,2024-12-17,2025-12-16,Yearly,12,15000,0,15000
MS01899,M00951,2025-06-19,2025-07-18,Monthly,1,1800,0,1800
MS01900,M00952,2024-05-18,2024-11-17,Half-Yearly,6,8500,10,7650
MS01901,M00953,2025-08-28,2025-12-31,Half-Yearly,6,8500,5,8080
MS01902,M00954,2025-01-10,2025-02-09,Monthly,1,1800,0,1800
MS01903,M00954,2025-02-10,2025-05-09,Quarterly,3,4800,5,4560
MS01904,M00955,2025-01-18,2025-02-17,Monthly,1,1800,10,1620
MS01905,M00956,2024-07-21,2025-07-20,Yearly,12,15000,0,15000
MS01906,M00956,2025-07-21,2025-12-31,Half-Yearly,6,8500,5,8080
MS01907,M00957,2025-08-10,2025-09-09,Monthly,1,1800,0,1800
MS01908,M00958,2024-01-24,2024-04-23,Quarterly,3,4800,5,4560
MS01909,M00959,2024-07-09,2024-08-08,Monthly,1,1800,0,1800
MS01910,M00960,2024-09-23,2025-03-22,Half-Yearly,6,8500,5,8080
MS01911,M00961,2024-10-31,2025-10-30,Yearly,12,15000,15,12750
MS01912,M00961,2025-10-31,2025-11-29,Monthly,1,1800,0,1800
MS01913,M00962,2024-10-29,2024-11-28,Monthly,1,1800,0,1800
MS01914,M00962,2024-11-29,2025-11-28,Yearly,12,15000,0,15000
MS01915,M00963,2024-04-04,2025-04-03,Yearly,12,15000,5,14250
MS01916,M00963,2025-04-04,2025-10-03,Half-Yearly,6,8500,5,8080
MS01917,M00963,2025-10-04,2025-12-31,Quarterly,3,4800,0,4800
MS01918,M00964,2024-05-23,2025-05-22,Yearly,12,15000,5,14250
MS01919,M00965,2024-03-01,2024-03-31,Monthly,1,1800,10,1620
MS01920,M00966,2024-12-31,2025-01-30,Monthly,1,1800,10,1620
MS01921,M00967,2024-08-11,2024-09-10,Monthly,1,1800,10,1620
MS01922,M00967,2024-09-11,2024-10-10,Monthly,1,1800,0,1800
MS01923,M00968,2024-12-26,2025-01-25,Monthly,1,1800,0,1800
MS01924,M00969,2025-01-11,2025-04-10,Quarterly,3,4800,10,4320
MS01925,M00969,2025-04-11,2025-05-10,Monthly,1,1800,10,1620
MS01926,M00969,2025-05-11,2025-06-10,Monthly,1,1800,15,1530
MS01927,M00969,2025-06-11,2025-07-10,Monthly,1,1800,5,1710
MS01928,M00969,2025-07-11,2025-10-10,Quarterly,3,4800,0,4800
MS01929,M00969,2025-10-11,2025-11-10,Monthly,1,1800,0,1800
MS01930,M00970,2025-03-23,2025-12-31,Yearly,12,15000,10,13500
MS01931,M00971,2024-12-15,2025-12-14,Yearly,12,15000,10,13500
MS01932,M00971,2025-12-15,2025-12-31,Monthly,1,1800,0,1800
MS01933,M00972,2025-02-17,2025-05-16,Quarterly,3,4800,0,4800
MS01934,M00973,2025-01-09,2025-02-08,Monthly,1,1800,0,1800
MS01935,M00974,2025-02-20,2025-05-19,Quarterly,3,4800,0,4800
MS01936,M00974,2025-05-20,2025-08-19,Quarterly,3,4800,5,4560
MS01937,M00975,2025-01-28,2025-07-27,Half-Yearly,6,8500,5,8080
MS01938,M00976,2024-07-20,2025-01-19,Half-Yearly,6,8500,5,8080
MS01939,M00976,2025-01-20,2025-04-19,Quarterly,3,4800,0,4800
MS01940,M00976,2025-04-20,2025-05-19,Monthly,1,1800,5,1710
MS01941,M00976,2025-05-20,2025-08-19,Quarterly,3,4800,0,4800
MS01942,M00977,2024-06-06,2024-07-05,Monthly,1,1800,10,1620
MS01943,M00978,2025-05-17,2025-06-16,Monthly,1,1800,10,1620
MS01944,M00979,2024-08-06,2025-02-05,Half-Yearly,6,8500,15,7220
MS01945,M00979,2025-02-06,2025-12-31,Yearly,12,15000,10,13500
MS01946,M00980,2024-12-16,2025-06-15,Half-Yearly,6,8500,10,7650
MS01947,M00980,2025-06-16,2025-09-15,Quarterly,3,4800,0,4800
MS01948,M00981,2024-05-05,2024-06-04,Monthly,1,1800,10,1620
MS01949,M00982,2024-10-02,2024-11-01,Monthly,1,1800,0,1800
MS01950,M00982,2024-11-02,2025-02-01,Quarterly,3,4800,0,4800
MS01951,M00982,2025-02-02,2025-03-01,Monthly,1,1800,0,1800
MS01952,M00982,2025-03-02,2025-04-01,Monthly,1,1800,5,1710
MS01953,M00983,2024-12-03,2025-12-02,Yearly,12,15000,0,15000
MS01954,M00983,2025-12-03,2025-12-31,Monthly,1,1800,5,1710
MS01955,M00984,2025-02-03,2025-03-02,Monthly,1,1800,5,1710
MS01956,M00984,2025-03-03,2025-06-02,Quarterly,3,4800,5,4560
MS01957,M00985,2024-12-01,2024-12-31,Monthly,1,1800,0,1800
MS01958,M00986,2024-08-18,2024-09-17,Monthly,1,1800,0,1800
MS01959,M00986,2024-09-18,2024-10-17,Monthly,1,1800,0,1800
MS01960,M00987,2025-09-05,2025-12-31,Half-Yearly,6,8500,0,8500
MS01961,M00988,2024-11-23,2025-11-22,Yearly,12,15000,0,15000
MS01962,M00988,2025-11-23,2025-12-22,Monthly,1,1800,15,1530
MS01963,M00988,2025-12-23,2025-12-31,Monthly,1,1800,15,1530
MS01964,M00989,2025-05-30,2025-06-29,Monthly,1,1800,10,1620
MS01965,M00990,2025-04-15,2025-07-14,Quarterly,3,4800,0,4800
MS01966,M00990,2025-07-15,2025-12-31,Yearly,12,15000,0,15000
MS01967,M00991,2024-12-22,2025-01-21,Monthly,1,1800,0,1800
MS01968,M00992,2025-07-19,2025-08-18,Monthly,1,1800,0,1800
MS01969,M00992,2025-08-19,2025-09-18,Monthly,1,1800,0,1800
MS01970,M00992,2025-09-19,2025-12-31,Half-Yearly,6,8500,0,8500
MS01971,M00993,2024-03-22,2024-06-21,Quarterly,3,4800,10,4320
MS01972,M00994,2025-08-10,2025-12-31,Yearly,12,15000,0,15000
MS01973,M00995,2025-06-26,2025-07-25,Monthly,1,1800,0,1800
MS01974,M00996,2024-11-17,2025-02-16,Quarterly,3,4800,10,4320
MS01975,M00997,2025-04-12,2025-10-11,Half-Yearly,6,8500,0,8500
MS01976,M00998,2024-11-27,2024-12-26,Monthly,1,1800,0,1800
MS01977,M00999,2024-06-20,2025-06-19,Yearly,12,15000,10,13500
MS01978,M00999,2025-06-20,2025-12-19,Half-Yearly,6,8500,0,8500
MS01979,M00999,2025-12-20,2025-12-31,Monthly,1,1800,0,1800
MS01980,M01000,2025-05-25,2025-11-24,Half-Yearly,6,8500,15,7220
MS01981,M01000,2025-11-25,2025-12-24,Monthly,1,1800,0,1800
MS01982,M01001,2024-06-05,2024-09-04,Quarterly,3,4800,5,4560
MS01983,M01001,2024-09-05,2024-10-04,Monthly,1,1800,10,1620
MS01984,M01002,2024-07-19,2024-08-18,Monthly,1,1800,0,1800
MS01985,M01002,2024-08-19,2024-09-18,Monthly,1,1800,0,1800
MS01986,M01003,2024-11-27,2024-12-26,Monthly,1,1800,0,1800
MS01987,M01004,2025-06-18,2025-07-17,Monthly,1,1800,0,1800
MS01988,M01005,2024-09-01,2024-09-30,Monthly,1,1800,10,1620
MS01989,M01005,2024-10-01,2024-10-31,Monthly,1,1800,0,1800
MS01990,M01006,2024-11-11,2024-12-10,Monthly,1,1800,10,1620
MS01991,M01006,2024-12-11,2025-03-10,Quarterly,3,4800,0,4800
MS01992,M01006,2025-03-11,2025-06-10,Quarterly,3,4800,0,4800
MS01993,M01006,2025-06-11,2025-09-10,Quarterly,3,4800,5,4560
MS01994,M01007,2024-01-27,2024-02-26,Monthly,1,1800,0,1800
MS01995,M01007,2024-02-27,2024-03-26,Monthly,1,1800,0,1800
MS01996,M01007,2024-03-27,2024-04-26,Monthly,1,1800,5,1710
MS01997,M01007,2024-04-27,2024-05-26,Monthly,1,1800,0,1800
MS01998,M01007,2024-05-27,2024-11-26,Half-Yearly,6,8500,0,8500
MS01999,M01007,2024-11-27,2025-05-26,Half-Yearly,6,8500,0,8500
MS02000,M01007,2025-05-27,2025-11-26,Half-Yearly,6,8500,5,8080
MS02001,M01008,2024-03-14,2024-09-13,Half-Yearly,6,8500,5,8080
MS02002,M01008,2024-09-14,2024-12-13,Quarterly,3,4800,0,4800
MS02003,M01008,2024-12-14,2025-12-13,Yearly,12,15000,0,15000
MS02004,M01009,2024-02-05,2024-05-04,Quarterly,3,4800,0,4800
MS02005,M01010,2024-02-15,2024-05-14,Quarterly,3,4800,0,4800
MS02006,M01010,2024-05-15,2024-06-14,Monthly,1,1800,0,1800
MS02007,M01011,2025-07-08,2025-12-31,Yearly,12,15000,5,14250
MS02008,M01012,2025-06-21,2025-12-20,Half-Yearly,6,8500,0,8500
MS02009,M01013,2025-06-08,2025-12-07,Half-Yearly,6,8500,0,8500
MS02010,M01013,2025-12-08,2025-12-31,Half-Yearly,6,8500,15,7220
MS02011,M01014,2024-02-05,2024-03-04,Monthly,1,1800,10,1620
MS02012,M01014,2024-03-05,2024-09-04,Half-Yearly,6,8500,5,8080
MS02013,M01015,2024-02-19,2025-02-18,Yearly,12,15000,0,15000
MS02014,M01016,2024-06-28,2024-09-27,Quarterly,3,4800,0,4800
MS02015,M01016,2024-09-28,2024-12-27,Quarterly,3,4800,0,4800
MS02016,M01016,2024-12-28,2025-03-27,Quarterly,3,4800,0,4800
MS02017,M01016,2025-03-28,2025-09-27,Half-Yearly,6,8500,0,8500
MS02018,M01016,2025-09-28,2025-10-27,Monthly,1,1800,10,1620
MS02019,M01016,2025-10-28,2025-12-31,Half-Yearly,6,8500,5,8080
MS02020,M01017,2024-12-26,2025-03-25,Quarterly,3,4800,5,4560
MS02021,M01017,2025-03-26,2025-06-25,Quarterly,3,4800,5,4560
MS02022,M01017,2025-06-26,2025-07-25,Monthly,1,1800,5,1710
MS02023,M01017,2025-07-26,2025-10-25,Quarterly,3,4800,5,4560
MS02024,M01017,2025-10-26,2025-12-31,Quarterly,3,4800,0,4800
MS02025,M01018,2024-08-01,2025-01-31,Half-Yearly,6,8500,0,8500
MS02026,M01018,2025-02-01,2025-04-30,Quarterly,3,4800,10,4320
MS02027,M01018,2025-05-01,2025-05-31,Monthly,1,1800,0,1800
MS02028,M01019,2024-11-07,2024-12-06,Monthly,1,1800,10,1620
MS02029,M01020,2024-04-20,2024-10-19,Half-Yearly,6,8500,15,7220
MS02030,M01020,2024-10-20,2025-01-19,Quarterly,3,4800,5,4560
MS02031,M01021,2025-04-11,2025-07-10,Quarterly,3,4800,0,4800
MS02032,M01022,2024-07-19,2024-08-18,Monthly,1,1800,15,1530
MS02033,M01022,2024-08-19,2024-11-18,Quarterly,3,4800,15,4080
MS02034,M01023,2024-02-12,2024-05-11,Quarterly,3,4800,0,4800
MS02035,M01023,2024-05-12,2024-06-11,Monthly,1,1800,5,1710
MS02036,M01023,2024-06-12,2024-07-11,Monthly,1,1800,0,1800
MS02037,M01024,2025-04-18,2025-10-17,Half-Yearly,6,8500,0,8500
MS02038,M01025,2025-07-29,2025-08-28,Monthly,1,1800,0,1800
MS02039,M01025,2025-08-29,2025-12-31,Half-Yearly,6,8500,0,8500
MS02040,M01026,2024-01-10,2025-01-09,Yearly,12,15000,10,13500
MS02041,M01026,2025-01-10,2025-07-09,Half-Yearly,6,8500,5,8080
MS02042,M01026,2025-07-10,2025-12-31,Half-Yearly,6,8500,0,8500
MS02043,M01027,2024-10-05,2025-10-04,Yearly,12,15000,0,15000
MS02044,M01027,2025-10-05,2025-11-04,Monthly,1,1800,10,1620
MS02045,M01028,2025-06-11,2025-07-10,Monthly,1,1800,0,1800
MS02046,M01029,2025-03-26,2025-06-25,Quarterly,3,4800,0,4800
MS02047,M01029,2025-06-26,2025-09-25,Quarterly,3,4800,0,4800
MS02048,M01030,2024-09-21,2024-10-20,Monthly,1,1800,10,1620
MS02049,M01031,2024-08-25,2024-11-24,Quarterly,3,4800,10,4320
MS02050,M01031,2024-11-25,2024-12-24,Monthly,1,1800,5,1710
MS02051,M01032,2025-03-28,2025-09-27,Half-Yearly,6,8500,0,8500
MS02052,M01033,2024-04-08,2024-05-07,Monthly,1,1800,0,1800
MS02053,M01033,2024-05-08,2025-05-07,Yearly,12,15000,5,14250
MS02054,M01033,2025-05-08,2025-11-07,Half-Yearly,6,8500,0,8500
MS02055,M01033,2025-11-08,2025-12-07,Monthly,1,1800,0,1800
MS02056,M01033,2025-12-08,2025-12-31,Monthly,1,1800,10,1620
MS02057,M01034,2024-06-01,2025-05-31,Yearly,12,15000,0,15000
MS02058,M01034,2025-06-01,2025-06-30,Monthly,1,1800,0,1800
MS02059,M01035,2025-01-18,2025-02-17,Monthly,1,1800,5,1710
MS02060,M01036,2025-03-02,2025-04-01,Monthly,1,1800,15,1530
MS02061,M01036,2025-04-02,2025-12-31,Yearly,12,15000,5,14250
MS02062,M01037,2024-03-17,2024-04-16,Monthly,1,1800,0,1800
MS02063,M01038,2024-11-20,2024-12-19,Monthly,1,1800,10,1620
MS02064,M01038,2024-12-20,2025-12-19,Yearly,12,15000,0,15000
MS02065,M01038,2025-12-20,2025-12-31,Half-Yearly,6,8500,0,8500
MS02066,M01039,2024-08-20,2024-11-19,Quarterly,3,4800,5,4560
MS02067,M01040,2024-11-16,2024-12-15,Monthly,1,1800,10,1620
MS02068,M01041,2025-09-03,2025-12-31,Half-Yearly,6,8500,0,8500
MS02069,M01042,2024-02-18,2025-02-17,Yearly,12,15000,10,13500
MS02070,M01042,2025-02-18,2025-12-31,Yearly,12,15000,0,15000
MS02071,M01043,2025-09-27,2025-12-26,Quarterly,3,4800,10,4320
MS02072,M01044,2024-10-13,2025-01-12,Quarterly,3,4800,0,4800
MS02073,M01045,2025-05-07,2025-11-06,Half-Yearly,6,8500,0,8500
MS02074,M01046,2024-09-27,2024-10-26,Monthly,1,1800,0,1800
MS02075,M01047,2024-07-17,2024-10-16,Quarterly,3,4800,10,4320
MS02076,M01048,2025-05-06,2025-08-05,Quarterly,3,4800,0,4800
MS02077,M01049,2025-03-14,2025-06-13,Quarterly,3,4800,5,4560
MS02078,M01049,2025-06-14,2025-07-13,Monthly,1,1800,0,1800
MS02079,M01050,2024-04-01,2024-09-30,Half-Yearly,6,8500,0,8500
MS02080,M01050,2024-10-01,2024-10-31,Monthly,1,1800,10,1620
MS02081,M01050,2024-11-01,2025-01-31,Quarterly,3,4800,5,4560
MS02082,M01050,2025-02-01,2025-04-30,Quarterly,3,4800,10,4320
MS02083,M01050,2025-05-01,2025-05-31,Monthly,1,1800,0,1800
MS02084,M01051,2025-03-26,2025-12-31,Yearly,12,15000,5,14250
MS02085,M01052,2025-04-25,2025-07-24,Quarterly,3,4800,0,4800
MS02086,M01052,2025-07-25,2025-10-24,Quarterly,3,4800,5,4560
MS02087,M01052,2025-10-25,2025-12-31,Quarterly,3,4800,0,4800
MS02088,M01053,2024-09-04,2024-12-03,Quarterly,3,4800,10,4320
MS02089,M01054,2025-08-13,2025-09-12,Monthly,1,1800,10,1620
MS02090,M01054,2025-09-13,2025-10-12,Monthly,1,1800,10,1620
MS02091,M01055,2025-02-12,2025-12-31,Yearly,12,15000,0,15000
MS02092,M01056,2024-07-31,2025-01-30,Half-Yearly,6,8500,10,7650
MS02093,M01056,2025-01-31,2025-02-27,Monthly,1,1800,5,1710
MS02094,M01056,2025-02-28,2025-03-27,Monthly,1,1800,5,1710
MS02095,M01056,2025-03-28,2025-06-27,Quarterly,3,4800,5,4560
MS02096,M01056,2025-06-28,2025-07-27,Monthly,1,1800,10,1620
MS02097,M01057,2024-01-07,2025-01-06,Yearly,12,15000,0,15000
MS02098,M01057,2025-01-07,2025-12-31,Yearly,12,15000,0,15000
MS02099,M01058,2025-03-06,2025-12-31,Yearly,12,15000,0,15000
MS02100,M01059,2024-05-13,2025-05-12,Yearly,12,15000,0,15000
MS02101,M01059,2025-05-13,2025-11-12,Half-Yearly,6,8500,10,7650
MS02102,M01059,2025-11-13,2025-12-12,Monthly,1,1800,10,1620
MS02103,M01060,2025-04-27,2025-05-26,Monthly,1,1800,0,1800
MS02104,M01061,2024-12-01,2024-12-31,Monthly,1,1800,10,1620
MS02105,M01062,2024-10-24,2024-11-23,Monthly,1,1800,10,1620
MS02106,M01063,2024-04-14,2024-07-13,Quarterly,3,4800,15,4080
MS02107,M01063,2024-07-14,2025-07-13,Yearly,12,15000,0,15000
MS02108,M01063,2025-07-14,2025-10-13,Quarterly,3,4800,0,4800
MS02109,M01064,2025-03-29,2025-04-28,Monthly,1,1800,0,1800
MS02110,M01065,2024-04-15,2024-05-14,Monthly,1,1800,0,1800
MS02111,M01065,2024-05-15,2025-05-14,Yearly,12,15000,10,13500
MS02112,M01065,2025-05-15,2025-08-14,Quarterly,3,4800,5,4560
MS02113,M01065,2025-08-15,2025-09-14,Monthly,1,1800,5,1710
MS02114,M01065,2025-09-15,2025-12-31,Half-Yearly,6,8500,0,8500
MS02115,M01066,2024-09-23,2024-10-22,Monthly,1,1800,10,1620
MS02116,M01067,2025-06-17,2025-07-16,Monthly,1,1800,0,1800
MS02117,M01068,2025-08-10,2025-09-09,Monthly,1,1800,0,1800
MS02118,M01069,2025-09-23,2025-10-22,Monthly,1,1800,0,1800
MS02119,M01069,2025-10-23,2025-11-22,Monthly,1,1800,10,1620
MS02120,M01069,2025-11-23,2025-12-22,Monthly,1,1800,5,1710
MS02121,M01070,2025-09-03,2025-10-02,Monthly,1,1800,5,1710
MS02122,M01071,2024-12-20,2025-01-19,Monthly,1,1800,0,1800
MS02123,M01072,2024-05-07,2024-06-06,Monthly,1,1800,0,1800
MS02124,M01073,2025-06-19,2025-07-18,Monthly,1,1800,0,1800
MS02125,M01073,2025-07-19,2025-12-31,Half-Yearly,6,8500,10,7650
MS02126,M01074,2025-05-26,2025-06-25,Monthly,1,1800,15,1530
MS02127,M01075,2025-09-23,2025-12-22,Quarterly,3,4800,0,4800
MS02128,M01075,2025-12-23,2025-12-31,Monthly,1,1800,10,1620
MS02129,M01076,2025-02-19,2025-03-18,Monthly,1,1800,5,1710
MS02130,M01077,2024-03-31,2024-09-29,Half-Yearly,6,8500,0,8500
MS02131,M01077,2024-09-30,2025-09-29,Yearly,12,15000,0,15000
MS02132,M01077,2025-09-30,2025-10-29,Monthly,1,1800,5,1710
MS02133,M01077,2025-10-30,2025-12-31,Quarterly,3,4800,15,4080
MS02134,M01078,2024-11-16,2025-11-15,Yearly,12,15000,10,13500
MS02135,M01079,2024-10-12,2025-01-11,Quarterly,3,4800,10,4320
MS02136,M01079,2025-01-12,2025-02-11,Monthly,1,1800,10,1620
MS02137,M01080,2025-06-21,2025-12-31,Yearly,12,15000,0,15000
MS02138,M01081,2024-09-07,2025-03-06,Half-Yearly,6,8500,5,8080
MS02139,M01081,2025-03-07,2025-09-06,Half-Yearly,6,8500,5,8080
MS02140,M01081,2025-09-07,2025-12-06,Quarterly,3,4800,0,4800
MS02141,M01081,2025-12-07,2025-12-31,Monthly,1,1800,0,1800
MS02142,M01082,2024-07-28,2024-08-27,Monthly,1,1800,10,1620
MS02143,M01083,2024-02-21,2024-03-20,Monthly,1,1800,15,1530
MS02144,M01083,2024-03-21,2024-06-20,Quarterly,3,4800,10,4320
MS02145,M01084,2025-06-17,2025-07-16,Monthly,1,1800,10,1620
MS02146,M01085,2025-04-26,2025-05-25,Monthly,1,1800,5,1710
MS02147,M01085,2025-05-26,2025-06-25,Monthly,1,1800,0,1800
MS02148,M01085,2025-06-26,2025-09-25,Quarterly,3,4800,0,4800
MS02149,M01085,2025-09-26,2025-10-25,Monthly,1,1800,0,1800
MS02150,M01086,2024-01-27,2024-04-26,Quarterly,3,4800,0,4800
MS02151,M01086,2024-04-27,2024-05-26,Monthly,1,1800,5,1710
MS02152,M01086,2024-05-27,2024-08-26,Quarterly,3,4800,5,4560
MS02153,M01086,2024-08-27,2024-09-26,Monthly,1,1800,0,1800
MS02154,M01086,2024-09-27,2024-10-26,Monthly,1,1800,15,1530
MS02155,M01086,2024-10-27,2024-11-26,Monthly,1,1800,10,1620
MS02156,M01087,2024-10-03,2024-11-02,Monthly,1,1800,5,1710
MS02157,M01087,2024-11-03,2025-05-02,Half-Yearly,6,8500,5,8080
MS02158,M01087,2025-05-03,2025-06-02,Monthly,1,1800,0,1800
MS02159,M01088,2024-11-02,2024-12-01,Monthly,1,1800,5,1710
MS02160,M01088,2024-12-02,2025-06-01,Half-Yearly,6,8500,0,8500
MS02161,M01089,2024-10-26,2024-11-25,Monthly,1,1800,0,1800
MS02162,M01089,2024-11-26,2025-02-25,Quarterly,3,4800,0,4800
MS02163,M01089,2025-02-26,2025-03-25,Monthly,1,1800,0,1800
MS02164,M01090,2025-08-09,2025-09-08,Monthly,1,1800,10,1620
MS02165,M01091,2024-04-06,2024-07-05,Quarterly,3,4800,0,4800
MS02166,M01091,2024-07-06,2025-01-05,Half-Yearly,6,8500,0,8500
MS02167,M01091,2025-01-06,2025-02-05,Monthly,1,1800,0,1800
MS02168,M01091,2025-02-06,2025-03-05,Monthly,1,1800,5,1710
MS02169,M01091,2025-03-06,2025-04-05,Monthly,1,1800,15,1530
MS02170,M01091,2025-04-06,2025-05-05,Monthly,1,1800,0,1800
MS02171,M01091,2025-05-06,2025-08-05,Quarterly,3,4800,0,4800
MS02172,M01092,2024-07-14,2025-01-13,Half-Yearly,6,8500,0,8500
MS02173,M01093,2024-04-25,2024-07-24,Quarterly,3,4800,10,4320
MS02174,M01093,2024-07-25,2024-10-24,Quarterly,3,4800,0,4800
MS02175,M01093,2024-10-25,2025-04-24,Half-Yearly,6,8500,0,8500
MS02176,M01093,2025-04-25,2025-05-24,Monthly,1,1800,10,1620
MS02177,M01093,2025-05-25,2025-06-24,Monthly,1,1800,5,1710
MS02178,M01093,2025-06-25,2025-07-24,Monthly,1,1800,5,1710
MS02179,M01094,2024-06-04,2024-12-03,Half-Yearly,6,8500,0,8500
MS02180,M01094,2024-12-04,2025-06-03,Half-Yearly,6,8500,0,8500
MS02181,M01095,2025-08-01,2025-08-31,Monthly,1,1800,10,1620
MS02182,M01095,2025-09-01,2025-12-31,Yearly,12,15000,0,15000
MS02183,M01096,2025-08-23,2025-09-22,Monthly,1,1800,5,1710
MS02184,M01096,2025-09-23,2025-10-22,Monthly,1,1800,0,1800
MS02185,M01096,2025-10-23,2025-12-31,Yearly,12,15000,10,13500
MS02186,M01097,2024-01-29,2024-02-28,Monthly,1,1800,0,1800
MS02187,M01097,2024-02-29,2024-03-28,Monthly,1,1800,5,1710
MS02188,M01098,2025-02-07,2025-03-06,Monthly,1,1800,0,1800
MS02189,M01098,2025-03-07,2025-04-06,Monthly,1,1800,0,1800
MS02190,M01098,2025-04-07,2025-05-06,Monthly,1,1800,0,1800
MS02191,M01099,2024-05-28,2025-05-27,Yearly,12,15000,0,15000
MS02192,M01099,2025-05-28,2025-06-27,Monthly,1,1800,10,1620
MS02193,M01100,2024-05-02,2024-08-01,Quarterly,3,4800,5,4560
MS02194,M01101,2024-07-05,2024-08-04,Monthly,1,1800,0,1800
MS02195,M01101,2024-08-05,2024-11-04,Quarterly,3,4800,0,4800
MS02196,M01102,2024-05-04,2024-08-03,Quarterly,3,4800,15,4080
MS02197,M01103,2024-11-08,2025-02-07,Quarterly,3,4800,10,4320
MS02198,M01104,2025-09-27,2025-10-26,Monthly,1,1800,5,1710
MS02199,M01105,2025-01-09,2025-07-08,Half-Yearly,6,8500,5,8080
MS02200,M01105,2025-07-09,2025-12-31,Half-Yearly,6,8500,0,8500
MS02201,M01106,2025-04-06,2025-07-05,Quarterly,3,4800,5,4560
MS02202,M01106,2025-07-06,2025-10-05,Quarterly,3,4800,0,4800
MS02203,M01106,2025-10-06,2025-11-05,Monthly,1,1800,5,1710
MS02204,M01106,2025-11-06,2025-12-05,Monthly,1,1800,10,1620
MS02205,M01106,2025-12-06,2025-12-31,Yearly,12,15000,5,14250
MS02206,M01107,2024-11-10,2025-05-09,Half-Yearly,6,8500,0,8500
MS02207,M01108,2024-01-09,2024-02-08,Monthly,1,1800,10,1620
MS02208,M01109,2024-02-23,2024-08-22,Half-Yearly,6,8500,0,8500
MS02209,M01109,2024-08-23,2024-09-22,Monthly,1,1800,10,1620
MS02210,M01109,2024-09-23,2024-10-22,Monthly,1,1800,5,1710
MS02211,M01109,2024-10-23,2025-04-22,Half-Yearly,6,8500,5,8080
MS02212,M01109,2025-04-23,2025-10-22,Half-Yearly,6,8500,0,8500
MS02213,M01109,2025-10-23,2025-11-22,Monthly,1,1800,0,1800
MS02214,M01110,2024-06-20,2025-06-19,Yearly,12,15000,15,12750
MS02215,M01110,2025-06-20,2025-07-19,Monthly,1,1800,0,1800
MS02216,M01110,2025-07-20,2025-10-19,Quarterly,3,4800,0,4800
MS02217,M01111,2024-06-04,2024-07-03,Monthly,1,1800,0,1800
MS02218,M01112,2025-06-20,2025-07-19,Monthly,1,1800,0,1800
MS02219,M01113,2025-06-22,2025-12-31,Yearly,12,15000,0,15000
MS02220,M01114,2025-06-28,2025-07-27,Monthly,1,1800,5,1710
MS02221,M01114,2025-07-28,2025-10-27,Quarterly,3,4800,0,4800
MS02222,M01115,2025-02-10,2025-05-09,Quarterly,3,4800,5,4560
MS02223,M01115,2025-05-10,2025-06-09,Monthly,1,1800,0,1800
MS02224,M01116,2024-12-20,2025-01-19,Monthly,1,1800,0,1800
MS02225,M01116,2025-01-20,2025-02-19,Monthly,1,1800,0,1800
MS02226,M01117,2025-02-18,2025-08-17,Half-Yearly,6,8500,0,8500
MS02227,M01118,2024-09-16,2024-10-15,Monthly,1,1800,15,1530
MS02228,M01119,2025-03-03,2025-04-02,Monthly,1,1800,5,1710
MS02229,M01119,2025-04-03,2025-05-02,Monthly,1,1800,0,1800
MS02230,M01120,2025-05-21,2025-11-20,Half-Yearly,6,8500,5,8080
MS02231,M01121,2025-05-01,2025-05-31,Monthly,1,1800,5,1710
MS02232,M01121,2025-06-01,2025-06-30,Monthly,1,1800,10,1620
MS02233,M01122,2025-01-26,2025-12-31,Yearly,12,15000,5,14250
MS02234,M01123,2024-02-07,2024-08-06,Half-Yearly,6,8500,0,8500
MS02235,M01124,2025-04-07,2025-05-06,Monthly,1,1800,10,1620
MS02236,M01125,2024-08-21,2024-09-20,Monthly,1,1800,0,1800
MS02237,M01125,2024-09-21,2024-10-20,Monthly,1,1800,10,1620
MS02238,M01125,2024-10-21,2024-11-20,Monthly,1,1800,0,1800
MS02239,M01125,2024-11-21,2024-12-20,Monthly,1,1800,10,1620
MS02240,M01126,2025-04-19,2025-12-31,Yearly,12,15000,0,15000
MS02241,M01127,2024-12-10,2025-01-09,Monthly,1,1800,5,1710
MS02242,M01127,2025-01-10,2025-02-09,Monthly,1,1800,5,1710
MS02243,M01127,2025-02-10,2025-05-09,Quarterly,3,4800,5,4560
MS02244,M01128,2024-08-03,2024-09-02,Monthly,1,1800,5,1710
MS02245,M01128,2024-09-03,2024-10-02,Monthly,1,1800,0,1800
MS02246,M01128,2024-10-03,2024-11-02,Monthly,1,1800,10,1620
MS02247,M01129,2025-08-17,2025-09-16,Monthly,1,1800,0,1800
MS02248,M01129,2025-09-17,2025-12-31,Yearly,12,15000,0,15000
MS02249,M01130,2025-06-22,2025-07-21,Monthly,1,1800,10,1620
MS02250,M01130,2025-07-22,2025-08-21,Monthly,1,1800,0,1800
MS02251,M01131,2024-07-30,2024-08-29,Monthly,1,1800,15,1530
MS02252,M01132,2024-11-03,2025-02-02,Quarterly,3,4800,15,4080
MS02253,M01133,2024-12-05,2025-01-04,Monthly,1,1800,10,1620
MS02254,M01134,2025-05-05,2025-08-04,Quarterly,3,4800,5,4560
MS02255,M01135,2025-03-15,2025-12-31,Yearly,12,15000,0,15000
MS02256,M01136,2025-06-27,2025-09-26,Quarterly,3,4800,10,4320
MS02257,M01136,2025-09-27,2025-10-26,Monthly,1,1800,0,1800
MS02258,M01136,2025-10-27,2025-11-26,Monthly,1,1800,0,1800
MS02259,M01136,2025-11-27,2025-12-31,Half-Yearly,6,8500,0,8500
MS02260,M01137,2024-08-23,2025-02-22,Half-Yearly,6,8500,0,8500
MS02261,M01137,2025-02-23,2025-08-22,Half-Yearly,6,8500,0,8500
MS02262,M01137,2025-08-23,2025-09-22,Monthly,1,1800,0,1800
MS02263,M01138,2024-11-18,2024-12-17,Monthly,1,1800,0,1800
MS02264,M01139,2024-10-01,2024-10-31,Monthly,1,1800,0,1800
MS02265,M01140,2025-08-03,2025-09-02,Monthly,1,1800,5,1710
MS02266,M01141,2024-07-13,2025-01-12,Half-Yearly,6,8500,0,8500
MS02267,M01141,2025-01-13,2025-04-12,Quarterly,3,4800,5,4560
MS02268,M01142,2025-01-09,2025-04-08,Quarterly,3,4800,0,4800
MS02269,M01142,2025-04-09,2025-12-31,Yearly,12,15000,5,14250
MS02270,M01143,2024-03-17,2024-06-16,Quarterly,3,4800,15,4080
MS02271,M01143,2024-06-17,2025-06-16,Yearly,12,15000,10,13500
MS02272,M01144,2025-06-26,2025-12-31,Yearly,12,15000,5,14250
MS02273,M01145,2024-09-02,2024-12-01,Quarterly,3,4800,10,4320
MS02274,M01146,2024-08-05,2025-02-04,Half-Yearly,6,8500,0,8500
MS02275,M01147,2025-01-06,2025-07-05,Half-Yearly,6,8500,5,8080
MS02276,M01147,2025-07-06,2025-12-31,Half-Yearly,6,8500,10,7650
MS02277,M01148,2024-11-14,2025-02-13,Quarterly,3,4800,5,4560
MS02278,M01149,2025-06-25,2025-07-24,Monthly,1,1800,0,1800
MS02279,M01150,2024-12-05,2025-12-04,Yearly,12,15000,0,15000
MS02280,M01151,2024-11-25,2024-12-24,Monthly,1,1800,0,1800
MS02281,M01152,2024-03-07,2024-04-06,Monthly,1,1800,0,1800
MS02282,M01153,2024-01-14,2024-04-13,Quarterly,3,4800,0,4800
MS02283,M01153,2024-04-14,2024-07-13,Quarterly,3,4800,5,4560
MS02284,M01153,2024-07-14,2024-08-13,Monthly,1,1800,5,1710
MS02285,M01154,2024-09-11,2025-09-10,Yearly,12,15000,0,15000
MS02286,M01155,2025-09-28,2025-12-31,Yearly,12,15000,0,15000
MS02287,M01156,2025-08-08,2025-11-07,Quarterly,3,4800,10,4320
MS02288,M01156,2025-11-08,2025-12-07,Monthly,1,1800,5,1710
MS02289,M01157,2025-02-05,2025-03-04,Monthly,1,1800,0,1800
MS02290,M01157,2025-03-05,2025-12-31,Yearly,12,15000,5,14250
MS02291,M01158,2025-02-06,2025-08-05,Half-Yearly,6,8500,5,8080
MS02292,M01159,2024-09-06,2024-10-05,Monthly,1,1800,0,1800
MS02293,M01159,2024-10-06,2024-11-05,Monthly,1,1800,10,1620
MS02294,M01160,2024-04-23,2024-05-22,Monthly,1,1800,10,1620
MS02295,M01161,2024-01-06,2024-04-05,Quarterly,3,4800,0,4800
MS02296,M01162,2024-08-04,2024-11-03,Quarterly,3,4800,10,4320
MS02297,M01163,2024-07-20,2024-10-19,Quarterly,3,4800,0,4800
MS02298,M01164,2024-05-02,2024-06-01,Monthly,1,1800,15,1530
MS02299,M01164,2024-06-02,2024-07-01,Monthly,1,1800,5,1710
MS02300,M01165,2024-06-14,2024-09-13,Quarterly,3,4800,10,4320
MS02301,M01166,2024-01-16,2025-01-15,Yearly,12,15000,0,15000
MS02302,M01166,2025-01-16,2025-07-15,Half-Yearly,6,8500,0,8500
MS02303,M01166,2025-07-16,2025-08-15,Monthly,1,1800,10,1620
MS02304,M01167,2025-01-22,2025-02-21,Monthly,1,1800,0,1800
MS02305,M01167,2025-02-22,2025-05-21,Quarterly,3,4800,0,4800
MS02306,M01168,2025-08-14,2025-12-31,Yearly,12,15000,10,13500
MS02307,M01169,2025-03-16,2025-12-31,Yearly,12,15000,10,13500
MS02308,M01170,2024-10-12,2025-04-11,Half-Yearly,6,8500,5,8080
MS02309,M01170,2025-04-12,2025-05-11,Monthly,1,1800,5,1710
MS02310,M01171,2024-09-25,2024-12-24,Quarterly,3,4800,0,4800
MS02311,M01171,2024-12-25,2025-06-24,Half-Yearly,6,8500,10,7650
MS02312,M01171,2025-06-25,2025-07-24,Monthly,1,1800,0,1800
MS02313,M01172,2024-07-15,2024-08-14,Monthly,1,1800,10,1620
MS02314,M01172,2024-08-15,2025-08-14,Yearly,12,15000,0,15000
MS02315,M01172,2025-08-15,2025-11-14,Quarterly,3,4800,10,4320
MS02316,M01173,2024-03-31,2024-04-29,Monthly,1,1800,0,1800
MS02317,M01173,2024-04-30,2024-07-29,Quarterly,3,4800,5,4560
MS02318,M01173,2024-07-30,2025-01-29,Half-Yearly,6,8500,0,8500
MS02319,M01173,2025-01-30,2025-02-27,Monthly,1,1800,10,1620
MS02320,M01173,2025-02-28,2025-12-31,Yearly,12,15000,5,14250
MS02321,M01174,2025-01-16,2025-02-15,Monthly,1,1800,10,1620
MS02322,M01175,2024-12-27,2025-03-26,Quarterly,3,4800,0,4800
MS02323,M01175,2025-03-27,2025-04-26,Monthly,1,1800,0,1800
MS02324,M01176,2024-01-05,2024-02-04,Monthly,1,1800,10,1620
MS02325,M01176,2024-02-05,2024-05-04,Quarterly,3,4800,15,4080
MS02326,M01176,2024-05-05,2024-06-04,Monthly,1,1800,5,1710
MS02327,M01177,2024-09-22,2025-03-21,Half-Yearly,6,8500,10,7650
MS02328,M01177,2025-03-22,2025-12-31,Yearly,12,15000,0,15000
MS02329,M01178,2024-06-26,2024-07-25,Monthly,1,1800,5,1710
MS02330,M01178,2024-07-26,2024-08-25,Monthly,1,1800,15,1530
MS02331,M01178,2024-08-26,2024-09-25,Monthly,1,1800,0,1800
MS02332,M01178,2024-09-26,2024-10-25,Monthly,1,1800,0,1800
MS02333,M01178,2024-10-26,2025-04-25,Half-Yearly,6,8500,0,8500
MS02334,M01179,2024-04-18,2024-10-17,Half-Yearly,6,8500,10,7650
MS02335,M01180,2025-03-24,2025-06-23,Quarterly,3,4800,0,4800
MS02336,M01180,2025-06-24,2025-07-23,Monthly,1,1800,10,1620
MS02337,M01181,2024-12-01,2024-12-31,Monthly,1,1800,0,1800
MS02338,M01182,2025-02-08,2025-05-07,Quarterly,3,4800,0,4800
MS02339,M01183,2025-03-31,2025-06-29,Quarterly,3,4800,0,4800
MS02340,M01183,2025-06-30,2025-09-29,Quarterly,3,4800,0,4800
MS02341,M01184,2025-09-18,2025-12-31,Half-Yearly,6,8500,5,8080
MS02342,M01185,2025-05-27,2025-12-31,Yearly,12,15000,0,15000
MS02343,M01186,2025-01-30,2025-07-29,Half-Yearly,6,8500,0,8500
MS02344,M01186,2025-07-30,2025-10-29,Quarterly,3,4800,0,4800
MS02345,M01186,2025-10-30,2025-12-31,Half-Yearly,6,8500,0,8500
MS02346,M01187,2025-07-14,2025-08-13,Monthly,1,1800,0,1800
MS02347,M01188,2024-10-31,2025-10-30,Yearly,12,15000,10,13500
MS02348,M01188,2025-10-31,2025-11-29,Monthly,1,1800,15,1530
MS02349,M01189,2025-09-20,2025-12-31,Half-Yearly,6,8500,0,8500
MS02350,M01190,2025-04-30,2025-05-29,Monthly,1,1800,0,1800
MS02351,M01190,2025-05-30,2025-12-31,Yearly,12,15000,0,15000
MS02352,M01191,2025-02-19,2025-12-31,Yearly,12,15000,15,12750
MS02353,M01192,2025-07-30,2025-08-29,Monthly,1,1800,10,1620
MS02354,M01193,2024-11-24,2025-02-23,Quarterly,3,4800,0,4800
MS02355,M01194,2025-04-04,2025-10-03,Half-Yearly,6,8500,0,8500
MS02356,M01194,2025-10-04,2025-12-31,Half-Yearly,6,8500,5,8080
MS02357,M01195,2024-06-30,2024-12-29,Half-Yearly,6,8500,5,8080
MS02358,M01195,2024-12-30,2025-01-29,Monthly,1,1800,0,1800
MS02359,M01196,2025-09-06,2025-10-05,Monthly,1,1800,10,1620
MS02360,M01197,2025-02-01,2025-12-31,Yearly,12,15000,15,12750
MS02361,M01198,2025-05-13,2025-11-12,Half-Yearly,6,8500,0,8500
MS02362,M01198,2025-11-13,2025-12-12,Monthly,1,1800,5,1710
MS02363,M01198,2025-12-13,2025-12-31,Monthly,1,1800,0,1800
MS02364,M01199,2024-10-20,2024-11-19,Monthly,1,1800,0,1800
MS02365,M01200,2025-07-07,2025-10-06,Quarterly,3,4800,10,4320
MS02366,M01201,2024-02-17,2024-08-16,Half-Yearly,6,8500,0,8500
MS02367,M01201,2024-08-17,2025-02-16,Half-Yearly,6,8500,0,8500
MS02368,M01202,2024-03-13,2025-03-12,Yearly,12,15000,0,15000
MS02369,M01202,2025-03-13,2025-04-12,Monthly,1,1800,0,1800
MS02370,M01202,2025-04-13,2025-07-12,Quarterly,3,4800,15,4080
MS02371,M01202,2025-07-13,2025-10-12,Quarterly,3,4800,0,4800
MS02372,M01202,2025-10-13,2025-12-31,Quarterly,3,4800,10,4320
MS02373,M01203,2024-11-19,2025-11-18,Yearly,12,15000,0,15000
MS02374,M01203,2025-11-19,2025-12-18,Monthly,1,1800,10,1620
MS02375,M01203,2025-12-19,2025-12-31,Monthly,1,1800,10,1620
MS02376,M01204,2025-05-31,2025-08-30,Quarterly,3,4800,15,4080
MS02377,M01204,2025-08-31,2025-11-29,Quarterly,3,4800,15,4080
MS02378,M01205,2024-10-07,2024-11-06,Monthly,1,1800,10,1620
MS02379,M01206,2025-02-18,2025-08-17,Half-Yearly,6,8500,5,8080
MS02380,M01206,2025-08-18,2025-12-31,Half-Yearly,6,8500,0,8500
MS02381,M01207,2024-12-18,2025-06-17,Half-Yearly,6,8500,15,7220
MS02382,M01207,2025-06-18,2025-07-17,Monthly,1,1800,0,1800
MS02383,M01207,2025-07-18,2025-08-17,Monthly,1,1800,5,1710
MS02384,M01207,2025-08-18,2025-12-31,Yearly,12,15000,0,15000
MS02385,M01208,2025-09-05,2025-12-04,Quarterly,3,4800,0,4800
MS02386,M01209,2025-02-21,2025-05-20,Quarterly,3,4800,5,4560
MS02387,M01210,2024-09-22,2025-03-21,Half-Yearly,6,8500,15,7220
MS02388,M01210,2025-03-22,2025-06-21,Quarterly,3,4800,10,4320
MS02389,M01210,2025-06-22,2025-09-21,Quarterly,3,4800,5,4560
MS02390,M01210,2025-09-22,2025-10-21,Monthly,1,1800,10,1620
MS02391,M01210,2025-10-22,2025-11-21,Monthly,1,1800,10,1620
MS02392,M01211,2025-09-10,2025-12-09,Quarterly,3,4800,0,4800
MS02393,M01211,2025-12-10,2025-12-31,Half-Yearly,6,8500,0,8500
MS02394,M01212,2024-03-09,2024-09-08,Half-Yearly,6,8500,0,8500
MS02395,M01212,2024-09-09,2025-09-08,Yearly,12,15000,10,13500
MS02396,M01212,2025-09-09,2025-10-08,Monthly,1,1800,5,1710
MS02397,M01213,2025-09-20,2025-12-19,Quarterly,3,4800,0,4800
MS02398,M01214,2024-04-08,2024-07-07,Quarterly,3,4800,0,4800
MS02399,M01214,2024-07-08,2024-08-07,Monthly,1,1800,0,1800
MS02400,M01214,2024-08-08,2024-11-07,Quarterly,3,4800,0,4800
MS02401,M01214,2024-11-08,2024-12-07,Monthly,1,1800,0,1800
MS02402,M01214,2024-12-08,2025-01-07,Monthly,1,1800,5,1710
MS02403,M01215,2024-07-02,2024-10-01,Quarterly,3,4800,0,4800
MS02404,M01215,2024-10-02,2024-11-01,Monthly,1,1800,0,1800
MS02405,M01216,2025-06-08,2025-12-07,Half-Yearly,6,8500,5,8080
MS02406,M01216,2025-12-08,2025-12-31,Monthly,1,1800,15,1530
MS02407,M01217,2025-04-13,2025-05-12,Monthly,1,1800,0,1800
MS02408,M01218,2025-09-11,2025-12-31,Yearly,12,15000,0,15000
MS02409,M01219,2025-04-23,2025-10-22,Half-Yearly,6,8500,0,8500
MS02410,M01219,2025-10-23,2025-11-22,Monthly,1,1800,0,1800
MS02411,M01219,2025-11-23,2025-12-31,Quarterly,3,4800,5,4560
MS02412,M01220,2025-02-10,2025-03-09,Monthly,1,1800,0,1800
MS02413,M01221,2024-08-09,2024-09-08,Monthly,1,1800,0,1800
MS02414,M01221,2024-09-09,2024-10-08,Monthly,1,1800,5,1710
MS02415,M01221,2024-10-09,2025-01-08,Quarterly,3,4800,0,4800
MS02416,M01222,2024-01-04,2024-04-03,Quarterly,3,4800,0,4800
MS02417,M01223,2024-03-20,2025-03-19,Yearly,12,15000,0,15000
MS02418,M01223,2025-03-20,2025-06-19,Quarterly,3,4800,5,4560
MS02419,M01223,2025-06-20,2025-07-19,Monthly,1,1800,0,1800
MS02420,M01223,2025-07-20,2025-08-19,Monthly,1,1800,10,1620
MS02421,M01223,2025-08-20,2025-09-19,Monthly,1,1800,0,1800
MS02422,M01223,2025-09-20,2025-12-31,Half-Yearly,6,8500,10,7650
MS02423,M01224,2024-07-08,2024-08-07,Monthly,1,1800,0,1800
MS02424,M01225,2024-01-27,2024-02-26,Monthly,1,1800,0,1800
MS02425,M01225,2024-02-27,2024-03-26,Monthly,1,1800,0,1800
MS02426,M01226,2024-11-20,2024-12-19,Monthly,1,1800,0,1800
MS02427,M01226,2024-12-20,2025-01-19,Monthly,1,1800,15,1530
MS02428,M01227,2025-05-10,2025-12-31,Yearly,12,15000,10,13500
MS02429,M01228,2025-09-06,2025-12-05,Quarterly,3,4800,5,4560
MS02430,M01229,2024-11-08,2025-02-07,Quarterly,3,4800,5,4560
MS02431,M01229,2025-02-08,2025-05-07,Quarterly,3,4800,0,4800
MS02432,M01229,2025-05-08,2025-08-07,Quarterly,3,4800,5,4560
MS02433,M01229,2025-08-08,2025-12-31,Half-Yearly,6,8500,10,7650
MS02434,M01230,2025-07-12,2025-08-11,Monthly,1,1800,0,1800
MS02435,M01230,2025-08-12,2025-09-11,Monthly,1,1800,10,1620
MS02436,M01231,2025-09-20,2025-10-19,Monthly,1,1800,10,1620
MS02437,M01231,2025-10-20,2025-12-31,Half-Yearly,6,8500,0,8500
MS02438,M01232,2025-07-02,2025-08-01,Monthly,1,1800,0,1800
MS02439,M01232,2025-08-02,2025-11-01,Quarterly,3,4800,10,4320
MS02440,M01233,2024-10-23,2025-04-22,Half-Yearly,6,8500,0,8500
MS02441,M01234,2024-07-26,2025-01-25,Half-Yearly,6,8500,0,8500
MS02442,M01234,2025-01-26,2025-02-25,Monthly,1,1800,0,1800
MS02443,M01234,2025-02-26,2025-08-25,Half-Yearly,6,8500,10,7650
MS02444,M01234,2025-08-26,2025-12-31,Yearly,12,15000,10,13500
MS02445,M01235,2025-09-15,2025-12-31,Yearly,12,15000,10,13500
MS02446,M01236,2024-06-03,2025-06-02,Yearly,12,15000,0,15000
MS02447,M01236,2025-06-03,2025-07-02,Monthly,1,1800,5,1710
MS02448,M01237,2024-09-19,2024-10-18,Monthly,1,1800,5,1710
MS02449,M01237,2024-10-19,2025-04-18,Half-Yearly,6,8500,0,8500
MS02450,M01237,2025-04-19,2025-07-18,Quarterly,3,4800,0,4800
MS02451,M01238,2024-02-17,2025-02-16,Yearly,12,15000,0,15000
MS02452,M01238,2025-02-17,2025-08-16,Half-Yearly,6,8500,0,8500
MS02453,M01238,2025-08-17,2025-11-16,Quarterly,3,4800,5,4560
MS02454,M01239,2025-05-21,2025-08-20,Quarterly,3,4800,5,4560
MS02455,M01239,2025-08-21,2025-09-20,Monthly,1,1800,0,1800
MS02456,M01239,2025-09-21,2025-12-31,Half-Yearly,6,8500,10,7650
MS02457,M01240,2025-02-18,2025-05-17,Quarterly,3,4800,0,4800
MS02458,M01240,2025-05-18,2025-12-31,Yearly,12,15000,0,15000
MS02459,M01241,2024-02-24,2024-03-23,Monthly,1,1800,0,1800
MS02460,M01242,2024-05-21,2024-11-20,Half-Yearly,6,8500,5,8080
MS02461,M01243,2024-12-20,2025-06-19,Half-Yearly,6,8500,5,8080
MS02462,M01243,2025-06-20,2025-07-19,Monthly,1,1800,5,1710
MS02463,M01244,2024-12-10,2025-01-09,Monthly,1,1800,0,1800
MS02464,M01244,2025-01-10,2025-02-09,Monthly,1,1800,0,1800
MS02465,M01245,2025-05-26,2025-11-25,Half-Yearly,6,8500,15,7220
MS02466,M01245,2025-11-26,2025-12-25,Monthly,1,1800,5,1710
MS02467,M01246,2024-06-18,2024-09-17,Quarterly,3,4800,5,4560
MS02468,M01246,2024-09-18,2024-10-17,Monthly,1,1800,0,1800
MS02469,M01246,2024-10-18,2024-11-17,Monthly,1,1800,10,1620
MS02470,M01246,2024-11-18,2024-12-17,Monthly,1,1800,10,1620
MS02471,M01247,2025-08-12,2025-11-11,Quarterly,3,4800,0,4800
MS02472,M01247,2025-11-12,2025-12-31,Quarterly,3,4800,10,4320
MS02473,M01248,2024-10-10,2025-10-09,Yearly,12,15000,5,14250
MS02474,M01248,2025-10-10,2025-11-09,Monthly,1,1800,10,1620
MS02475,M01249,2025-06-08,2025-07-07,Monthly,1,1800,0,1800
MS02476,M01249,2025-07-08,2025-08-07,Monthly,1,1800,0,1800
MS02477,M01249,2025-08-08,2025-11-07,Quarterly,3,4800,5,4560
MS02478,M01250,2024-06-01,2024-08-31,Quarterly,3,4800,0,4800
MS02479,M01250,2024-09-01,2024-11-30,Quarterly,3,4800,10,4320
MS02480,M01250,2024-12-01,2025-11-30,Yearly,12,15000,10,13500
MS02481,M01251,2024-01-24,2024-04-23,Quarterly,3,4800,0,4800
MS02482,M01252,2024-02-05,2025-02-04,Yearly,12,15000,10,13500
MS02483,M01253,2024-08-25,2025-08-24,Yearly,12,15000,10,13500
MS02484,M01253,2025-08-25,2025-11-24,Quarterly,3,4800,5,4560
MS02485,M01254,2025-08-31,2025-11-29,Quarterly,3,4800,5,4560
MS02486,M01255,2024-02-01,2024-02-29,Monthly,1,1800,0,1800
MS02487,M01256,2024-08-23,2024-09-22,Monthly,1,1800,0,1800
MS02488,M01257,2024-03-10,2025-03-09,Yearly,12,15000,0,15000
MS02489,M01257,2025-03-10,2025-04-09,Monthly,1,1800,5,1710
MS02490,M01257,2025-04-10,2025-05-09,Monthly,1,1800,5,1710
MS02491,M01258,2025-08-17,2025-09-16,Monthly,1,1800,5,1710
MS02492,M01259,2025-03-06,2025-04-05,Monthly,1,1800,10,1620
MS02493,M01259,2025-04-06,2025-05-05,Monthly,1,1800,0,1800
MS02494,M01259,2025-05-06,2025-11-05,Half-Yearly,6,8500,5,8080
MS02495,M01260,2025-05-01,2025-10-31,Half-Yearly,6,8500,0,8500
MS02496,M01261,2025-03-31,2025-09-29,Half-Yearly,6,8500,0,8500
MS02497,M01262,2025-02-23,2025-08-22,Half-Yearly,6,8500,5,8080
MS02498,M01262,2025-08-23,2025-09-22,Monthly,1,1800,15,1530
MS02499,M01263,2025-05-08,2025-11-07,Half-Yearly,6,8500,10,7650
MS02500,M01263,2025-11-08,2025-12-31,Yearly,12,15000,5,14250
MS02501,M01264,2024-01-06,2024-02-05,Monthly,1,1800,0,1800
MS02502,M01264,2024-02-06,2024-03-05,Monthly,1,1800,0,1800
MS02503,M01264,2024-03-06,2024-06-05,Quarterly,3,4800,10,4320
MS02504,M01264,2024-06-06,2024-07-05,Monthly,1,1800,5,1710
MS02505,M01265,2025-07-06,2025-10-05,Quarterly,3,4800,15,4080
MS02506,M01265,2025-10-06,2025-12-31,Quarterly,3,4800,10,4320
MS02507,M01266,2025-04-17,2025-07-16,Quarterly,3,4800,15,4080
MS02508,M01266,2025-07-17,2025-08-16,Monthly,1,1800,0,1800
MS02509,M01267,2025-04-16,2025-10-15,Half-Yearly,6,8500,0,8500
MS02510,M01267,2025-10-16,2025-12-31,Quarterly,3,4800,0,4800
MS02511,M01268,2024-09-08,2024-10-07,Monthly,1,1800,10,1620
MS02512,M01269,2025-05-25,2025-06-24,Monthly,1,1800,5,1710
MS02513,M01270,2024-08-31,2024-09-29,Monthly,1,1800,0,1800
MS02514,M01271,2024-02-01,2024-04-30,Quarterly,3,4800,10,4320
MS02515,M01271,2024-05-01,2024-07-31,Quarterly,3,4800,5,4560
MS02516,M01271,2024-08-01,2024-08-31,Monthly,1,1800,0,1800
MS02517,M01272,2025-08-02,2025-09-01,Monthly,1,1800,10,1620
MS02518,M01272,2025-09-02,2025-12-31,Half-Yearly,6,8500,0,8500
MS02519,M01273,2024-05-29,2024-08-28,Quarterly,3,4800,5,4560
MS02520,M01274,2024-03-06,2024-04-05,Monthly,1,1800,0,1800
MS02521,M01274,2024-04-06,2024-07-05,Quarterly,3,4800,10,4320
MS02522,M01274,2024-07-06,2025-01-05,Half-Yearly,6,8500,0,8500
MS02523,M01275,2025-01-31,2025-02-27,Monthly,1,1800,15,1530
MS02524,M01276,2024-05-29,2025-05-28,Yearly,12,15000,5,14250
MS02525,M01276,2025-05-29,2025-11-28,Half-Yearly,6,8500,5,8080
MS02526,M01276,2025-11-29,2025-12-28,Monthly,1,1800,10,1620
MS02527,M01277,2025-07-01,2025-07-31,Monthly,1,1800,10,1620
MS02528,M01277,2025-08-01,2025-08-31,Monthly,1,1800,0,1800
MS02529,M01277,2025-09-01,2025-11-30,Quarterly,3,4800,0,4800
MS02530,M01277,2025-12-01,2025-12-31,Monthly,1,1800,10,1620
MS02531,M01278,2024-10-10,2025-01-09,Quarterly,3,4800,10,4320
MS02532,M01278,2025-01-10,2025-12-31,Yearly,12,15000,0,15000
MS02533,M01279,2024-01-03,2024-02-02,Monthly,1,1800,0,1800
MS02534,M01279,2024-02-03,2024-08-02,Half-Yearly,6,8500,0,8500
MS02535,M01279,2024-08-03,2024-11-02,Quarterly,3,4800,5,4560
MS02536,M01280,2025-08-30,2025-09-29,Monthly,1,1800,10,1620
MS02537,M01281,2024-11-24,2025-02-23,Quarterly,3,4800,0,4800
MS02538,M01281,2025-02-24,2025-03-23,Monthly,1,1800,5,1710
MS02539,M01282,2024-06-16,2024-07-15,Monthly,1,1800,0,1800
MS02540,M01283,2025-03-08,2025-04-07,Monthly,1,1800,5,1710
MS02541,M01284,2024-12-04,2025-01-03,Monthly,1,1800,5,1710
MS02542,M01285,2024-01-19,2024-02-18,Monthly,1,1800,0,1800
MS02543,M01286,2025-04-29,2025-05-28,Monthly,1,1800,0,1800
MS02544,M01286,2025-05-29,2025-11-28,Half-Yearly,6,8500,0,8500
MS02545,M01286,2025-11-29,2025-12-28,Monthly,1,1800,0,1800
MS02546,M01287,2024-09-13,2025-03-12,Half-Yearly,6,8500,0,8500
MS02547,M01287,2025-03-13,2025-06-12,Quarterly,3,4800,10,4320
MS02548,M01287,2025-06-13,2025-07-12,Monthly,1,1800,5,1710
MS02549,M01288,2025-03-22,2025-06-21,Quarterly,3,4800,0,4800
MS02550,M01288,2025-06-22,2025-07-21,Monthly,1,1800,0,1800
MS02551,M01288,2025-07-22,2025-08-21,Monthly,1,1800,0,1800
MS02552,M01288,2025-08-22,2025-12-31,Yearly,12,15000,5,14250
MS02553,M01289,2025-07-25,2025-10-24,Quarterly,3,4800,0,4800
MS02554,M01289,2025-10-25,2025-12-31,Quarterly,3,4800,0,4800
MS02555,M01290,2025-01-24,2025-02-23,Monthly,1,1800,5,1710
MS02556,M01290,2025-02-24,2025-03-23,Monthly,1,1800,5,1710
MS02557,M01290,2025-03-24,2025-04-23,Monthly,1,1800,0,1800
MS02558,M01291,2025-03-04,2025-06-03,Quarterly,3,4800,10,4320
MS02559,M01291,2025-06-04,2025-12-31,Yearly,12,15000,0,15000
MS02560,M01292,2024-06-11,2024-07-10,Monthly,1,1800,0,1800
MS02561,M01293,2024-05-31,2025-05-30,Yearly,12,15000,10,13500
MS02562,M01293,2025-05-31,2025-08-30,Quarterly,3,4800,0,4800
MS02563,M01294,2024-09-21,2024-10-20,Monthly,1,1800,0,1800
MS02564,M01294,2024-10-21,2025-10-20,Yearly,12,15000,0,15000
MS02565,M01294,2025-10-21,2025-11-20,Monthly,1,1800,5,1710
MS02566,M01294,2025-11-21,2025-12-31,Half-Yearly,6,8500,0,8500
MS02567,M01295,2025-06-28,2025-07-27,Monthly,1,1800,0,1800
MS02568,M01296,2024-11-30,2024-12-29,Monthly,1,1800,5,1710
MS02569,M01296,2024-12-30,2025-01-29,Monthly,1,1800,0,1800
MS02570,M01297,2024-08-10,2024-09-09,Monthly,1,1800,5,1710
MS02571,M01298,2025-05-12,2025-06-11,Monthly,1,1800,0,1800
MS02572,M01298,2025-06-12,2025-07-11,Monthly,1,1800,0,1800
MS02573,M01299,2025-06-28,2025-09-27,Quarterly,3,4800,5,4560
MS02574,M01299,2025-09-28,2025-10-27,Monthly,1,1800,10,1620
MS02575,M01299,2025-10-28,2025-12-31,Quarterly,3,4800,5,4560
MS02576,M01300,2025-07-29,2025-08-28,Monthly,1,1800,5,1710
MS02577,M01301,2024-07-09,2024-08-08,Monthly,1,1800,0,1800
MS02578,M01301,2024-08-09,2024-11-08,Quarterly,3,4800,0,4800
MS02579,M01302,2025-01-11,2025-12-31,Yearly,12,15000,15,12750
MS02580,M01303,2024-10-13,2025-01-12,Quarterly,3,4800,10,4320
MS02581,M01304,2024-09-10,2024-10-09,Monthly,1,1800,10,1620
MS02582,M01305,2024-03-14,2024-06-13,Quarterly,3,4800,15,4080
MS02583,M01306,2024-06-24,2024-09-23,Quarterly,3,4800,0,4800
MS02584,M01306,2024-09-24,2024-12-23,Quarterly,3,4800,5,4560
MS02585,M01306,2024-12-24,2025-03-23,Quarterly,3,4800,5,4560
MS02586,M01307,2024-12-16,2025-06-15,Half-Yearly,6,8500,0,8500
MS02587,M01307,2025-06-16,2025-09-15,Quarterly,3,4800,5,4560
MS02588,M01307,2025-09-16,2025-12-15,Quarterly,3,4800,10,4320
MS02589,M01307,2025-12-16,2025-12-31,Yearly,12,15000,15,12750
MS02590,M01308,2025-07-19,2025-12-31,Yearly,12,15000,5,14250
MS02591,M01309,2025-07-06,2025-12-31,Yearly,12,15000,5,14250
MS02592,M01310,2024-04-29,2024-05-28,Monthly,1,1800,0,1800
MS02593,M01311,2025-03-09,2025-06-08,Quarterly,3,4800,10,4320
MS02594,M01312,2024-02-24,2024-03-23,Monthly,1,1800,0,1800
MS02595,M01313,2025-03-06,2025-04-05,Monthly,1,1800,15,1530
MS02596,M01314,2024-10-14,2024-11-13,Monthly,1,1800,5,1710
MS02597,M01315,2025-04-02,2025-10-01,Half-Yearly,6,8500,5,8080
MS02598,M01316,2024-09-28,2024-12-27,Quarterly,3,4800,0,4800
MS02599,M01316,2024-12-28,2025-06-27,Half-Yearly,6,8500,15,7220
MS02600,M01316,2025-06-28,2025-07-27,Monthly,1,1800,5,1710
MS02601,M01317,2025-05-30,2025-08-29,Quarterly,3,4800,0,4800
MS02602,M01318,2025-09-29,2025-12-28,Quarterly,3,4800,10,4320
MS02603,M01319,2025-02-11,2025-03-10,Monthly,1,1800,15,1530
MS02604,M01319,2025-03-11,2025-12-31,Yearly,12,15000,0,15000
MS02605,M01320,2024-07-08,2024-08-07,Monthly,1,1800,0,1800
MS02606,M01321,2025-05-09,2025-06-08,Monthly,1,1800,0,1800
MS02607,M01322,2024-09-17,2024-10-16,Monthly,1,1800,5,1710
MS02608,M01323,2024-12-06,2025-03-05,Quarterly,3,4800,0,4800
MS02609,M01324,2024-03-28,2024-06-27,Quarterly,3,4800,0,4800
MS02610,M01324,2024-06-28,2024-07-27,Monthly,1,1800,0,1800
MS02611,M01324,2024-07-28,2025-07-27,Yearly,12,15000,0,15000
MS02612,M01324,2025-07-28,2025-12-31,Yearly,12,15000,0,15000
MS02613,M01325,2024-03-17,2025-03-16,Yearly,12,15000,0,15000
MS02614,M01325,2025-03-17,2025-04-16,Monthly,1,1800,0,1800
MS02615,M01325,2025-04-17,2025-05-16,Monthly,1,1800,0,1800
MS02616,M01326,2025-01-01,2025-01-31,Monthly,1,1800,0,1800
MS02617,M01326,2025-02-01,2025-02-28,Monthly,1,1800,10,1620
MS02618,M01327,2024-04-29,2024-05-28,Monthly,1,1800,5,1710
MS02619,M01327,2024-05-29,2025-05-28,Yearly,12,15000,0,15000
MS02620,M01327,2025-05-29,2025-06-28,Monthly,1,1800,0,1800
MS02621,M01328,2025-09-28,2025-10-27,Monthly,1,1800,5,1710
MS02622,M01329,2025-06-29,2025-07-28,Monthly,1,1800,15,1530
MS02623,M01329,2025-07-29,2025-12-31,Yearly,12,15000,5,14250
MS02624,M01330,2025-03-23,2025-04-22,Monthly,1,1800,5,1710
MS02625,M01331,2025-04-13,2025-07-12,Quarterly,3,4800,0,4800
MS02626,M01331,2025-07-13,2025-12-31,Half-Yearly,6,8500,10,7650
MS02627,M01332,2025-01-14,2025-07-13,Half-Yearly,6,8500,5,8080
MS02628,M01332,2025-07-14,2025-10-13,Quarterly,3,4800,0,4800
MS02629,M01332,2025-10-14,2025-12-31,Quarterly,3,4800,15,4080
MS02630,M01333,2024-02-08,2024-03-07,Monthly,1,1800,0,1800
MS02631,M01333,2024-03-08,2024-06-07,Quarterly,3,4800,0,4800
MS02632,M01333,2024-06-08,2024-09-07,Quarterly,3,4800,0,4800
MS02633,M01333,2024-09-08,2025-03-07,Half-Yearly,6,8500,0,8500
MS02634,M01333,2025-03-08,2025-04-07,Monthly,1,1800,0,1800
MS02635,M01334,2024-09-07,2024-12-06,Quarterly,3,4800,0,4800
MS02636,M01334,2024-12-07,2025-01-06,Monthly,1,1800,10,1620
MS02637,M01335,2024-11-12,2025-02-11,Quarterly,3,4800,0,4800
MS02638,M01336,2025-08-06,2025-12-31,Half-Yearly,6,8500,0,8500
MS02639,M01337,2024-05-20,2024-06-19,Monthly,1,1800,5,1710
MS02640,M01337,2024-06-20,2024-07-19,Monthly,1,1800,5,1710
MS02641,M01338,2024-11-13,2024-12-12,Monthly,1,1800,5,1710
MS02642,M01338,2024-12-13,2025-01-12,Monthly,1,1800,10,1620
MS02643,M01339,2024-08-07,2025-08-06,Yearly,12,15000,5,14250
MS02644,M01339,2025-08-07,2025-09-06,Monthly,1,1800,0,1800
MS02645,M01340,2024-03-26,2024-06-25,Quarterly,3,4800,10,4320
MS02646,M01340,2024-06-26,2024-07-25,Monthly,1,1800,0,1800
MS02647,M01340,2024-07-26,2024-10-25,Quarterly,3,4800,15,4080
MS02648,M01341,2024-03-06,2024-06-05,Quarterly,3,4800,0,4800
MS02649,M01341,2024-06-06,2024-07-05,Monthly,1,1800,15,1530
MS02650,M01342,2024-08-21,2024-11-20,Quarterly,3,4800,10,4320
MS02651,M01342,2024-11-21,2025-11-20,Yearly,12,15000,5,14250
MS02652,M01342,2025-11-21,2025-12-31,Quarterly,3,4800,0,4800
MS02653,M01343,2024-02-22,2024-03-21,Monthly,1,1800,0,1800
MS02654,M01344,2024-02-12,2024-03-11,Monthly,1,1800,0,1800
MS02655,M01345,2024-08-11,2024-09-10,Monthly,1,1800,5,1710
MS02656,M01346,2024-05-08,2024-06-07,Monthly,1,1800,15,1530
MS02657,M01346,2024-06-08,2024-07-07,Monthly,1,1800,0,1800
MS02658,M01347,2024-12-19,2025-01-18,Monthly,1,1800,0,1800
MS02659,M01348,2024-01-12,2024-04-11,Quarterly,3,4800,0,4800
MS02660,M01348,2024-04-12,2024-05-11,Monthly,1,1800,0,1800
MS02661,M01349,2024-07-11,2024-08-10,Monthly,1,1800,0,1800
MS02662,M01349,2024-08-11,2024-11-10,Quarterly,3,4800,5,4560
MS02663,M01349,2024-11-11,2025-02-10,Quarterly,3,4800,5,4560
MS02664,M01349,2025-02-11,2025-03-10,Monthly,1,1800,0,1800
MS02665,M01350,2024-10-16,2024-11-15,Monthly,1,1800,0,1800
MS02666,M01351,2025-09-06,2025-12-05,Quarterly,3,4800,10,4320
MS02667,M01351,2025-12-06,2025-12-31,Monthly,1,1800,5,1710
MS02668,M01352,2025-02-08,2025-12-31,Yearly,12,15000,5,14250
MS02669,M01353,2025-07-15,2025-08-14,Monthly,1,1800,15,1530
MS02670,M01354,2024-08-07,2024-09-06,Monthly,1,1800,0,1800
MS02671,M01355,2024-10-13,2024-11-12,Monthly,1,1800,10,1620
MS02672,M01356,2024-09-25,2024-10-24,Monthly,1,1800,15,1530
MS02673,M01357,2025-07-20,2025-08-19,Monthly,1,1800,0,1800
MS02674,M01358,2025-09-03,2025-10-02,Monthly,1,1800,15,1530
MS02675,M01358,2025-10-03,2025-12-31,Quarterly,3,4800,5,4560
MS02676,M01359,2025-09-05,2025-12-04,Quarterly,3,4800,0,4800
MS02677,M01359,2025-12-05,2025-12-31,Monthly,1,1800,0,1800
MS02678,M01360,2025-04-24,2025-05-23,Monthly,1,1800,0,1800
MS02679,M01360,2025-05-24,2025-06-23,Monthly,1,1800,10,1620
MS02680,M01360,2025-06-24,2025-09-23,Quarterly,3,4800,0,4800
MS02681,M01360,2025-09-24,2025-10-23,Monthly,1,1800,0,1800
MS02682,M01361,2024-11-16,2025-02-15,Quarterly,3,4800,0,4800
MS02683,M01361,2025-02-16,2025-08-15,Half-Yearly,6,8500,0,8500
MS02684,M01362,2024-12-11,2025-03-10,Quarterly,3,4800,0,4800
MS02685,M01362,2025-03-11,2025-04-10,Monthly,1,1800,5,1710
MS02686,M01363,2025-09-17,2025-10-16,Monthly,1,1800,15,1530
MS02687,M01363,2025-10-17,2025-11-16,Monthly,1,1800,5,1710
MS02688,M01364,2024-06-30,2024-09-29,Quarterly,3,4800,10,4320
MS02689,M01364,2024-09-30,2025-03-29,Half-Yearly,6,8500,10,7650
MS02690,M01364,2025-03-30,2025-06-29,Quarterly,3,4800,5,4560
MS02691,M01365,2024-08-09,2024-11-08,Quarterly,3,4800,0,4800
MS02692,M01366,2025-07-26,2025-10-25,Quarterly,3,4800,5,4560
MS02693,M01367,2024-09-03,2024-10-02,Monthly,1,1800,0,1800
MS02694,M01367,2024-10-03,2025-04-02,Half-Yearly,6,8500,5,8080
MS02695,M01368,2024-05-29,2024-06-28,Monthly,1,1800,15,1530
MS02696,M01368,2024-06-29,2024-07-28,Monthly,1,1800,15,1530
MS02697,M01369,2024-12-23,2025-12-22,Yearly,12,15000,5,14250
MS02698,M01369,2025-12-23,2025-12-31,Monthly,1,1800,10,1620
MS02699,M01370,2024-07-26,2024-10-25,Quarterly,3,4800,0,4800
MS02700,M01370,2024-10-26,2025-04-25,Half-Yearly,6,8500,15,7220
MS02701,M01370,2025-04-26,2025-05-25,Monthly,1,1800,0,1800
MS02702,M01370,2025-05-26,2025-11-25,Half-Yearly,6,8500,0,8500
MS02703,M01370,2025-11-26,2025-12-31,Half-Yearly,6,8500,10,7650
MS02704,M01371,2025-07-22,2025-12-31,Yearly,12,15000,0,15000
MS02705,M01372,2025-08-02,2025-12-31,Yearly,12,15000,0,15000
MS02706,M01373,2024-07-14,2024-10-13,Quarterly,3,4800,10,4320
MS02707,M01373,2024-10-14,2024-11-13,Monthly,1,1800,10,1620
MS02708,M01374,2024-12-03,2025-06-02,Half-Yearly,6,8500,0,8500
MS02709,M01374,2025-06-03,2025-07-02,Monthly,1,1800,0,1800
MS02710,M01375,2025-09-19,2025-12-18,Quarterly,3,4800,5,4560
MS02711,M01375,2025-12-19,2025-12-31,Half-Yearly,6,8500,15,7220
MS02712,M01376,2025-04-18,2025-10-17,Half-Yearly,6,8500,10,7650
MS02713,M01376,2025-10-18,2025-12-31,Quarterly,3,4800,15,4080
MS02714,M01377,2024-05-17,2024-06-16,Monthly,1,1800,5,1710
MS02715,M01378,2025-01-11,2025-04-10,Quarterly,3,4800,0,4800
MS02716,M01378,2025-04-11,2025-10-10,Half-Yearly,6,8500,5,8080
MS02717,M01379,2025-01-30,2025-02-27,Monthly,1,1800,10,1620
MS02718,M01379,2025-02-28,2025-08-27,Half-Yearly,6,8500,10,7650
MS02719,M01379,2025-08-28,2025-09-27,Monthly,1,1800,10,1620
MS02720,M01380,2025-02-20,2025-05-19,Quarterly,3,4800,0,4800
MS02721,M01381,2024-01-16,2024-07-15,Half-Yearly,6,8500,0,8500
MS02722,M01381,2024-07-16,2024-08-15,Monthly,1,1800,10,1620
MS02723,M01382,2024-07-10,2024-08-09,Monthly,1,1800,0,1800
MS02724,M01382,2024-08-10,2024-09-09,Monthly,1,1800,15,1530
MS02725,M01383,2025-06-29,2025-07-28,Monthly,1,1800,0,1800
MS02726,M01383,2025-07-29,2025-10-28,Quarterly,3,4800,0,4800
MS02727,M01383,2025-10-29,2025-12-31,Yearly,12,15000,5,14250
MS02728,M01384,2024-06-02,2024-07-01,Monthly,1,1800,0,1800
MS02729,M01385,2024-07-10,2025-01-09,Half-Yearly,6,8500,5,8080
MS02730,M01385,2025-01-10,2025-02-09,Monthly,1,1800,5,1710
MS02731,M01385,2025-02-10,2025-03-09,Monthly,1,1800,5,1710
MS02732,M01385,2025-03-10,2025-04-09,Monthly,1,1800,0,1800
MS02733,M01385,2025-04-10,2025-10-09,Half-Yearly,6,8500,15,7220
MS02734,M01385,2025-10-10,2025-11-09,Monthly,1,1800,10,1620
MS02735,M01385,2025-11-10,2025-12-31,Half-Yearly,6,8500,0,8500
MS02736,M01386,2024-07-24,2024-08-23,Monthly,1,1800,10,1620
MS02737,M01387,2024-04-23,2024-05-22,Monthly,1,1800,0,1800
MS02738,M01388,2024-04-09,2025-04-08,Yearly,12,15000,5,14250
MS02739,M01388,2025-04-09,2025-07-08,Quarterly,3,4800,0,4800
MS02740,M01389,2024-08-09,2025-02-08,Half-Yearly,6,8500,0,8500
MS02741,M01389,2025-02-09,2025-05-08,Quarterly,3,4800,0,4800
MS02742,M01390,2025-07-11,2025-08-10,Monthly,1,1800,5,1710
MS02743,M01391,2024-01-01,2024-03-31,Quarterly,3,4800,5,4560
MS02744,M01391,2024-04-01,2024-06-30,Quarterly,3,4800,5,4560
MS02745,M01392,2024-06-29,2024-07-28,Monthly,1,1800,5,1710
MS02746,M01392,2024-07-29,2024-08-28,Monthly,1,1800,0,1800
MS02747,M01393,2024-02-08,2024-03-07,Monthly,1,1800,0,1800
MS02748,M01393,2024-03-08,2024-06-07,Quarterly,3,4800,15,4080
MS02749,M01394,2024-12-24,2025-12-23,Yearly,12,15000,15,12750
MS02750,M01394,2025-12-24,2025-12-31,Monthly,1,1800,0,1800
MS02751,M01395,2024-06-08,2024-12-07,Half-Yearly,6,8500,10,7650
MS02752,M01395,2024-12-08,2025-12-07,Yearly,12,15000,5,14250
MS02753,M01395,2025-12-08,2025-12-31,Monthly,1,1800,15,1530
MS02754,M01396,2025-05-20,2025-06-19,Monthly,1,1800,0,1800
MS02755,M01397,2025-01-08,2025-07-07,Half-Yearly,6,8500,5,8080
MS02756,M01398,2025-05-15,2025-06-14,Monthly,1,1800,15,1530
MS02757,M01399,2025-02-09,2025-08-08,Half-Yearly,6,8500,10,7650
MS02758,M01400,2024-10-06,2024-11-05,Monthly,1,1800,10,1620
MS02759,M01401,2025-07-03,2025-08-02,Monthly,1,1800,5,1710
MS02760,M01402,2024-10-30,2025-01-29,Quarterly,3,4800,0,4800
MS02761,M01402,2025-01-30,2025-02-27,Monthly,1,1800,10,1620
MS02762,M01402,2025-02-28,2025-05-27,Quarterly,3,4800,5,4560
MS02763,M01402,2025-05-28,2025-06-27,Monthly,1,1800,0,1800
MS02764,M01403,2025-08-29,2025-12-31,Yearly,12,15000,0,15000
MS02765,M01404,2025-09-26,2025-12-25,Quarterly,3,4800,0,4800
MS02766,M01404,2025-12-26,2025-12-31,Monthly,1,1800,5,1710
MS02767,M01405,2025-01-10,2025-12-31,Yearly,12,15000,0,15000
MS02768,M01406,2025-03-06,2025-12-31,Yearly,12,15000,0,15000
MS02769,M01407,2024-06-12,2024-07-11,Monthly,1,1800,5,1710
MS02770,M01408,2025-06-03,2025-09-02,Quarterly,3,4800,0,4800
MS02771,M01408,2025-09-03,2025-10-02,Monthly,1,1800,0,1800
MS02772,M01408,2025-10-03,2025-12-31,Quarterly,3,4800,10,4320
MS02773,M01409,2025-03-04,2025-06-03,Quarterly,3,4800,5,4560
MS02774,M01409,2025-06-04,2025-09-03,Quarterly,3,4800,0,4800
MS02775,M01410,2025-07-29,2025-08-28,Monthly,1,1800,5,1710
MS02776,M01411,2024-06-19,2024-07-18,Monthly,1,1800,0,1800
MS02777,M01412,2025-05-17,2025-06-16,Monthly,1,1800,0,1800
MS02778,M01412,2025-06-17,2025-07-16,Monthly,1,1800,5,1710
MS02779,M01413,2024-10-27,2025-01-26,Quarterly,3,4800,5,4560
MS02780,M01414,2024-04-28,2024-10-27,Half-Yearly,6,8500,0,8500
MS02781,M01414,2024-10-28,2024-11-27,Monthly,1,1800,0,1800
MS02782,M01415,2024-04-19,2024-10-18,Half-Yearly,6,8500,10,7650
MS02783,M01415,2024-10-19,2024-11-18,Monthly,1,1800,0,1800
MS02784,M01415,2024-11-19,2024-12-18,Monthly,1,1800,5,1710
MS02785,M01416,2024-12-24,2025-01-23,Monthly,1,1800,0,1800
MS02786,M01416,2025-01-24,2025-07-23,Half-Yearly,6,8500,0,8500
MS02787,M01416,2025-07-24,2025-08-23,Monthly,1,1800,0,1800
MS02788,M01416,2025-08-24,2025-12-31,Half-Yearly,6,8500,0,8500
MS02789,M01417,2024-07-22,2024-08-21,Monthly,1,1800,0,1800
MS02790,M01418,2024-09-29,2024-12-28,Quarterly,3,4800,0,4800
MS02791,M01418,2024-12-29,2025-01-28,Monthly,1,1800,0,1800
MS02792,M01418,2025-01-29,2025-07-28,Half-Yearly,6,8500,10,7650
MS02793,M01418,2025-07-29,2025-12-31,Half-Yearly,6,8500,0,8500
MS02794,M01419,2025-02-20,2025-03-19,Monthly,1,1800,0,1800
MS02795,M01419,2025-03-20,2025-12-31,Yearly,12,15000,0,15000
MS02796,M01420,2024-07-22,2024-08-21,Monthly,1,1800,0,1800
MS02797,M01420,2024-08-22,2024-09-21,Monthly,1,1800,0,1800
MS02798,M01420,2024-09-22,2024-10-21,Monthly,1,1800,5,1710
MS02799,M01421,2025-09-01,2025-09-30,Monthly,1,1800,5,1710
MS02800,M01422,2025-05-12,2025-08-11,Quarterly,3,4800,5,4560
MS02801,M01422,2025-08-12,2025-12-31,Yearly,12,15000,0,15000
MS02802,M01423,2024-11-23,2025-02-22,Quarterly,3,4800,10,4320
MS02803,M01423,2025-02-23,2025-12-31,Yearly,12,15000,5,14250
MS02804,M01424,2025-08-19,2025-12-31,Half-Yearly,6,8500,10,7650
MS02805,M01425,2024-10-03,2025-04-02,Half-Yearly,6,8500,0,8500
MS02806,M01426,2024-03-30,2024-09-29,Half-Yearly,6,8500,5,8080
MS02807,M01426,2024-09-30,2024-10-29,Monthly,1,1800,0,1800
MS02808,M01426,2024-10-30,2025-01-29,Quarterly,3,4800,10,4320
MS02809,M01427,2024-01-23,2024-02-22,Monthly,1,1800,15,1530
MS02810,M01428,2025-08-21,2025-11-20,Quarterly,3,4800,0,4800
MS02811,M01429,2025-09-04,2025-10-03,Monthly,1,1800,0,1800
MS02812,M01430,2025-04-16,2025-07-15,Quarterly,3,4800,0,4800
MS02813,M01431,2024-03-06,2024-09-05,Half-Yearly,6,8500,5,8080
MS02814,M01431,2024-09-06,2024-10-05,Monthly,1,1800,5,1710
MS02815,M01432,2024-07-06,2024-10-05,Quarterly,3,4800,0,4800
MS02816,M01432,2024-10-06,2024-11-05,Monthly,1,1800,5,1710
MS02817,M01433,2024-01-27,2024-02-26,Monthly,1,1800,5,1710
MS02818,M01434,2024-02-02,2024-03-01,Monthly,1,1800,0,1800
MS02819,M01435,2024-06-05,2025-06-04,Yearly,12,15000,0,15000
MS02820,M01435,2025-06-05,2025-09-04,Quarterly,3,4800,0,4800
MS02821,M01436,2024-12-31,2025-03-30,Quarterly,3,4800,0,4800
MS02822,M01437,2024-02-11,2024-05-10,Quarterly,3,4800,5,4560
MS02823,M01437,2024-05-11,2024-08-10,Quarterly,3,4800,10,4320
MS02824,M01437,2024-08-11,2024-09-10,Monthly,1,1800,15,1530
MS02825,M01437,2024-09-11,2024-10-10,Monthly,1,1800,0,1800
MS02826,M01438,2025-09-20,2025-12-19,Quarterly,3,4800,0,4800
MS02827,M01438,2025-12-20,2025-12-31,Quarterly,3,4800,5,4560
MS02828,M01439,2024-10-17,2024-11-16,Monthly,1,1800,5,1710
MS02829,M01439,2024-11-17,2024-12-16,Monthly,1,1800,10,1620
MS02830,M01440,2024-06-17,2024-07-16,Monthly,1,1800,10,1620
MS02831,M01441,2024-11-25,2025-11-24,Yearly,12,15000,15,12750
MS02832,M01441,2025-11-25,2025-12-24,Monthly,1,1800,0,1800
MS02833,M01442,2025-05-19,2025-06-18,Monthly,1,1800,5,1710
MS02834,M01442,2025-06-19,2025-12-18,Half-Yearly,6,8500,15,7220
MS02835,M01442,2025-12-19,2025-12-31,Quarterly,3,4800,10,4320
MS02836,M01443,2024-07-18,2025-07-17,Yearly,12,15000,5,14250
MS02837,M01443,2025-07-18,2025-08-17,Monthly,1,1800,5,1710
MS02838,M01443,2025-08-18,2025-12-31,Half-Yearly,6,8500,5,8080
MS02839,M01444,2024-01-31,2024-02-28,Monthly,1,1800,0,1800
MS02840,M01444,2024-02-29,2024-05-28,Quarterly,3,4800,0,4800
MS02841,M01445,2024-02-02,2025-02-01,Yearly,12,15000,5,14250
MS02842,M01445,2025-02-02,2025-12-31,Yearly,12,15000,0,15000
MS02843,M01446,2025-06-27,2025-07-26,Monthly,1,1800,0,1800
MS02844,M01446,2025-07-27,2025-10-26,Quarterly,3,4800,0,4800
MS02845,M01446,2025-10-27,2025-11-26,Monthly,1,1800,0,1800
MS02846,M01447,2024-03-12,2024-04-11,Monthly,1,1800,0,1800
MS02847,M01447,2024-04-12,2024-07-11,Quarterly,3,4800,0,4800
MS02848,M01448,2025-02-09,2025-08-08,Half-Yearly,6,8500,5,8080
MS02849,M01448,2025-08-09,2025-11-08,Quarterly,3,4800,0,4800
MS02850,M01449,2024-09-02,2025-03-01,Half-Yearly,6,8500,0,8500
MS02851,M01449,2025-03-02,2025-06-01,Quarterly,3,4800,5,4560
MS02852,M01449,2025-06-02,2025-12-01,Half-Yearly,6,8500,0,8500
MS02853,M01450,2025-05-11,2025-11-10,Half-Yearly,6,8500,0,8500
MS02854,M01450,2025-11-11,2025-12-10,Monthly,1,1800,10,1620
MS02855,M01450,2025-12-11,2025-12-31,Monthly,1,1800,5,1710
MS02856,M01451,2024-02-08,2024-03-07,Monthly,1,1800,10,1620
MS02857,M01452,2025-07-26,2025-10-25,Quarterly,3,4800,0,4800
MS02858,M01452,2025-10-26,2025-12-31,Quarterly,3,4800,0,4800
MS02859,M01453,2025-03-21,2025-04-20,Monthly,1,1800,0,1800
MS02860,M01454,2024-10-13,2024-11-12,Monthly,1,1800,15,1530
MS02861,M01454,2024-11-13,2024-12-12,Monthly,1,1800,0,1800
MS02862,M01454,2024-12-13,2025-12-12,Yearly,12,15000,15,12750
MS02863,M01454,2025-12-13,2025-12-31,Monthly,1,1800,0,1800
MS02864,M01455,2024-05-12,2024-06-11,Monthly,1,1800,0,1800
MS02865,M01455,2024-06-12,2024-07-11,Monthly,1,1800,5,1710
MS02866,M01455,2024-07-12,2024-08-11,Monthly,1,1800,0,1800
MS02867,M01456,2025-09-15,2025-12-14,Quarterly,3,4800,0,4800
MS02868,M01457,2024-07-11,2024-10-10,Quarterly,3,4800,0,4800
MS02869,M01457,2024-10-11,2025-10-10,Yearly,12,15000,0,15000
MS02870,M01457,2025-10-11,2025-12-31,Quarterly,3,4800,0,4800
MS02871,M01458,2024-11-08,2025-05-07,Half-Yearly,6,8500,10,7650
MS02872,M01458,2025-05-08,2025-08-07,Quarterly,3,4800,0,4800
MS02873,M01459,2024-09-08,2024-10-07,Monthly,1,1800,0,1800
MS02874,M01460,2024-05-27,2025-05-26,Yearly,12,15000,5,14250
MS02875,M01460,2025-05-27,2025-06-26,Monthly,1,1800,5,1710
MS02876,M01460,2025-06-27,2025-07-26,Monthly,1,1800,0,1800
MS02877,M01461,2024-09-22,2025-09-21,Yearly,12,15000,15,12750
MS02878,M01462,2024-04-06,2024-05-05,Monthly,1,1800,0,1800
MS02879,M01462,2024-05-06,2024-06-05,Monthly,1,1800,5,1710
MS02880,M01462,2024-06-06,2025-06-05,Yearly,12,15000,0,15000
MS02881,M01462,2025-06-06,2025-12-05,Half-Yearly,6,8500,5,8080
MS02882,M01462,2025-12-06,2025-12-31,Quarterly,3,4800,5,4560
MS02883,M01463,2024-01-02,2024-02-01,Monthly,1,1800,10,1620
MS02884,M01463,2024-02-02,2024-03-01,Monthly,1,1800,0,1800
MS02885,M01464,2024-07-04,2025-07-03,Yearly,12,15000,0,15000
MS02886,M01465,2024-03-12,2024-09-11,Half-Yearly,6,8500,0,8500
MS02887,M01466,2024-09-21,2025-09-20,Yearly,12,15000,15,12750
MS02888,M01466,2025-09-21,2025-10-20,Monthly,1,1800,0,1800
MS02889,M01466,2025-10-21,2025-12-31,Quarterly,3,4800,0,4800
MS02890,M01467,2025-07-04,2025-12-31,Half-Yearly,6,8500,0,8500
MS02891,M01468,2024-04-13,2024-05-12,Monthly,1,1800,0,1800
MS02892,M01469,2024-01-01,2024-01-31,Monthly,1,1800,0,1800
MS02893,M01470,2024-03-11,2025-03-10,Yearly,12,15000,10,13500
MS02894,M01470,2025-03-11,2025-04-10,Monthly,1,1800,0,1800
MS02895,M01470,2025-04-11,2025-12-31,Yearly,12,15000,0,15000
MS02896,M01471,2024-11-20,2024-12-19,Monthly,1,1800,5,1710
MS02897,M01471,2024-12-20,2025-01-19,Monthly,1,1800,0,1800
MS02898,M01472,2024-06-24,2024-09-23,Quarterly,3,4800,5,4560
MS02899,M01472,2024-09-24,2024-12-23,Quarterly,3,4800,5,4560
MS02900,M01472,2024-12-24,2025-03-23,Quarterly,3,4800,10,4320
MS02901,M01473,2024-01-19,2025-01-18,Yearly,12,15000,5,14250
MS02902,M01473,2025-01-19,2025-02-18,Monthly,1,1800,0,1800
MS02903,M01473,2025-02-19,2025-03-18,Monthly,1,1800,5,1710
MS02904,M01474,2024-07-31,2024-10-30,Quarterly,3,4800,15,4080
MS02905,M01474,2024-10-31,2024-11-29,Monthly,1,1800,5,1710
MS02906,M01475,2024-09-18,2024-12-17,Quarterly,3,4800,10,4320
MS02907,M01475,2024-12-18,2025-03-17,Quarterly,3,4800,15,4080
MS02908,M01475,2025-03-18,2025-06-17,Quarterly,3,4800,0,4800
MS02909,M01475,2025-06-18,2025-07-17,Monthly,1,1800,5,1710
MS02910,M01476,2024-10-02,2025-10-01,Yearly,12,15000,5,14250
MS02911,M01476,2025-10-02,2025-12-31,Half-Yearly,6,8500,0,8500
MS02912,M01477,2024-12-17,2025-01-16,Monthly,1,1800,10,1620
MS02913,M01478,2025-05-13,2025-06-12,Monthly,1,1800,5,1710
MS02914,M01479,2024-10-25,2024-11-24,Monthly,1,1800,0,1800
MS02915,M01480,2025-06-20,2025-07-19,Monthly,1,1800,0,1800
MS02916,M01481,2024-12-03,2025-03-02,Quarterly,3,4800,0,4800
MS02917,M01482,2024-06-15,2025-06-14,Yearly,12,15000,15,12750
MS02918,M01482,2025-06-15,2025-07-14,Monthly,1,1800,0,1800
MS02919,M01483,2024-05-26,2025-05-25,Yearly,12,15000,10,13500
MS02920,M01483,2025-05-26,2025-06-25,Monthly,1,1800,5,1710
MS02921,M01483,2025-06-26,2025-09-25,Quarterly,3,4800,5,4560
MS02922,M01484,2024-07-24,2024-08-23,Monthly,1,1800,10,1620
MS02923,M01484,2024-08-24,2024-09-23,Monthly,1,1800,0,1800
MS02924,M01484,2024-09-24,2024-10-23,Monthly,1,1800,0,1800
MS02925,M01484,2024-10-24,2024-11-23,Monthly,1,1800,5,1710
MS02926,M01485,2025-01-16,2025-02-15,Monthly,1,1800,0,1800
MS02927,M01485,2025-02-16,2025-03-15,Monthly,1,1800,5,1710
MS02928,M01486,2024-06-03,2024-07-02,Monthly,1,1800,0,1800
MS02929,M01486,2024-07-03,2024-08-02,Monthly,1,1800,10,1620
MS02930,M01487,2025-08-06,2025-11-05,Quarterly,3,4800,10,4320
MS02931,M01487,2025-11-06,2025-12-05,Monthly,1,1800,5,1710
MS02932,M01488,2024-11-02,2024-12-01,Monthly,1,1800,5,1710
MS02933,M01489,2025-07-04,2025-08-03,Monthly,1,1800,5,1710
MS02934,M01489,2025-08-04,2025-09-03,Monthly,1,1800,0,1800
MS02935,M01490,2025-03-11,2025-09-10,Half-Yearly,6,8500,5,8080
MS02936,M01491,2024-07-31,2024-08-30,Monthly,1,1800,5,1710
MS02937,M01491,2024-08-31,2024-09-29,Monthly,1,1800,5,1710
MS02938,M01491,2024-09-30,2025-09-29,Yearly,12,15000,0,15000
MS02939,M01491,2025-09-30,2025-10-29,Monthly,1,1800,10,1620
MS02940,M01492,2024-05-25,2024-06-24,Monthly,1,1800,10,1620
MS02941,M01493,2025-04-19,2025-05-18,Monthly,1,1800,5,1710
MS02942,M01493,2025-05-19,2025-11-18,Half-Yearly,6,8500,0,8500
MS02943,M01494,2024-07-30,2024-08-29,Monthly,1,1800,10,1620
MS02944,M01495,2024-06-06,2025-06-05,Yearly,12,15000,10,13500
MS02945,M01495,2025-06-06,2025-09-05,Quarterly,3,4800,0,4800
MS02946,M01495,2025-09-06,2025-12-05,Quarterly,3,4800,0,4800
MS02947,M01496,2025-08-16,2025-09-15,Monthly,1,1800,5,1710
MS02948,M01496,2025-09-16,2025-12-31,Half-Yearly,6,8500,0,8500
MS02949,M01497,2024-11-03,2025-02-02,Quarterly,3,4800,0,4800
MS02950,M01497,2025-02-03,2025-05-02,Quarterly,3,4800,10,4320
MS02951,M01498,2024-01-31,2024-02-28,Monthly,1,1800,0,1800
MS02952,M01499,2024-11-11,2025-02-10,Quarterly,3,4800,15,4080
MS02953,M01499,2025-02-11,2025-05-10,Quarterly,3,4800,15,4080
MS02954,M01499,2025-05-11,2025-12-31,Yearly,12,15000,0,15000
MS02955,M01500,2024-10-20,2024-11-19,Monthly,1,1800,10,1620
MS02956,M01501,2025-07-05,2025-08-04,Monthly,1,1800,10,1620
MS02957,M01501,2025-08-05,2025-09-04,Monthly,1,1800,5,1710
MS02958,M01502,2025-03-29,2025-04-28,Monthly,1,1800,0,1800
MS02959,M01502,2025-04-29,2025-05-28,Monthly,1,1800,0,1800
MS02960,M01502,2025-05-29,2025-11-28,Half-Yearly,6,8500,0,8500
MS02961,M01503,2024-05-02,2024-06-01,Monthly,1,1800,5,1710
MS02962,M01503,2024-06-02,2024-07-01,Monthly,1,1800,5,1710
MS02963,M01503,2024-07-02,2024-08-01,Monthly,1,1800,0,1800
MS02964,M01504,2024-04-05,2024-05-04,Monthly,1,1800,0,1800
MS02965,M01504,2024-05-05,2024-08-04,Quarterly,3,4800,15,4080
MS02966,M01504,2024-08-05,2024-09-04,Monthly,1,1800,5,1710
MS02967,M01505,2025-01-20,2025-02-19,Monthly,1,1800,10,1620
MS02968,M01506,2024-01-31,2024-02-28,Monthly,1,1800,10,1620
MS02969,M01507,2024-07-22,2024-08-21,Monthly,1,1800,0,1800
MS02970,M01507,2024-08-22,2024-09-21,Monthly,1,1800,10,1620
MS02971,M01508,2024-03-29,2024-09-28,Half-Yearly,6,8500,5,8080
MS02972,M01508,2024-09-29,2024-10-28,Monthly,1,1800,10,1620
MS02973,M01508,2024-10-29,2024-11-28,Monthly,1,1800,5,1710
MS02974,M01509,2024-01-14,2024-02-13,Monthly,1,1800,5,1710
MS02975,M01509,2024-02-14,2024-08-13,Half-Yearly,6,8500,5,8080
MS02976,M01510,2025-08-09,2025-09-08,Monthly,1,1800,5,1710
MS02977,M01510,2025-09-09,2025-12-08,Quarterly,3,4800,15,4080
MS02978,M01510,2025-12-09,2025-12-31,Quarterly,3,4800,0,4800
MS02979,M01511,2024-02-27,2024-05-26,Quarterly,3,4800,0,4800
MS02980,M01512,2024-01-06,2025-01-05,Yearly,12,15000,10,13500
MS02981,M01513,2025-08-18,2025-09-17,Monthly,1,1800,15,1530
MS02982,M01513,2025-09-18,2025-10-17,Monthly,1,1800,0,1800
MS02983,M01513,2025-10-18,2025-12-31,Half-Yearly,6,8500,0,8500
MS02984,M01514,2024-04-30,2024-05-29,Monthly,1,1800,0,1800
MS02985,M01515,2025-06-04,2025-09-03,Quarterly,3,4800,0,4800
MS02986,M01516,2024-01-20,2024-07-19,Half-Yearly,6,8500,0,8500
MS02987,M01516,2024-07-20,2025-07-19,Yearly,12,15000,0,15000
MS02988,M01516,2025-07-20,2025-08-19,Monthly,1,1800,0,1800
MS02989,M01517,2024-04-07,2025-04-06,Yearly,12,15000,5,14250
MS02990,M01517,2025-04-07,2025-10-06,Half-Yearly,6,8500,5,8080
MS02991,M01517,2025-10-07,2025-12-31,Yearly,12,15000,0,15000
MS02992,M01518,2024-03-11,2024-09-10,Half-Yearly,6,8500,5,8080
MS02993,M01518,2024-09-11,2024-10-10,Monthly,1,1800,5,1710
MS02994,M01519,2025-03-26,2025-12-31,Yearly,12,15000,10,13500
MS02995,M01520,2025-01-30,2025-04-29,Quarterly,3,4800,5,4560
MS02996,M01520,2025-04-30,2025-05-29,Monthly,1,1800,0,1800
MS02997,M01521,2024-10-30,2025-10-29,Yearly,12,15000,0,15000
MS02998,M01522,2024-06-03,2024-09-02,Quarterly,3,4800,0,4800
MS02999,M01522,2024-09-03,2025-09-02,Yearly,12,15000,0,15000
MS03000,M01522,2025-09-03,2025-12-02,Quarterly,3,4800,5,4560
MS03001,M01522,2025-12-03,2025-12-31,Quarterly,3,4800,10,4320
MS03002,M01523,2024-02-26,2024-03-25,Monthly,1,1800,0,1800
MS03003,M01524,2024-12-29,2025-01-28,Monthly,1,1800,10,1620
MS03004,M01524,2025-01-29,2025-04-28,Quarterly,3,4800,10,4320
MS03005,M01524,2025-04-29,2025-07-28,Quarterly,3,4800,5,4560
MS03006,M01525,2024-05-27,2024-06-26,Monthly,1,1800,5,1710
MS03007,M01525,2024-06-27,2024-07-26,Monthly,1,1800,0,1800
MS03008,M01525,2024-07-27,2024-08-26,Monthly,1,1800,10,1620
MS03009,M01526,2025-01-11,2025-02-10,Monthly,1,1800,0,1800
MS03010,M01527,2025-03-14,2025-06-13,Quarterly,3,4800,5,4560
MS03011,M01527,2025-06-14,2025-12-13,Half-Yearly,6,8500,0,8500
MS03012,M01527,2025-12-14,2025-12-31,Monthly,1,1800,0,1800
MS03013,M01528,2025-06-25,2025-12-24,Half-Yearly,6,8500,0,8500
MS03014,M01528,2025-12-25,2025-12-31,Half-Yearly,6,8500,0,8500
MS03015,M01529,2024-11-11,2024-12-10,Monthly,1,1800,0,1800
MS03016,M01529,2024-12-11,2025-03-10,Quarterly,3,4800,0,4800
MS03017,M01529,2025-03-11,2025-12-31,Yearly,12,15000,0,15000
MS03018,M01530,2024-01-04,2024-02-03,Monthly,1,1800,5,1710
MS03019,M01530,2024-02-04,2024-05-03,Quarterly,3,4800,10,4320
MS03020,M01531,2024-06-28,2025-06-27,Yearly,12,15000,0,15000
MS03021,M01531,2025-06-28,2025-07-27,Monthly,1,1800,5,1710
MS03022,M01531,2025-07-28,2025-12-31,Half-Yearly,6,8500,15,7220
MS03023,M01532,2025-06-28,2025-07-27,Monthly,1,1800,5,1710
MS03024,M01532,2025-07-28,2025-08-27,Monthly,1,1800,0,1800
MS03025,M01533,2024-12-06,2025-03-05,Quarterly,3,4800,0,4800
MS03026,M01533,2025-03-06,2025-09-05,Half-Yearly,6,8500,0,8500
MS03027,M01534,2025-01-29,2025-04-28,Quarterly,3,4800,15,4080
MS03028,M01535,2024-10-19,2025-10-18,Yearly,12,15000,10,13500
MS03029,M01535,2025-10-19,2025-11-18,Monthly,1,1800,5,1710
MS03030,M01536,2024-04-13,2024-05-12,Monthly,1,1800,5,1710
MS03031,M01536,2024-05-13,2024-06-12,Monthly,1,1800,0,1800
MS03032,M01536,2024-06-13,2024-07-12,Monthly,1,1800,10,1620
MS03033,M01537,2025-07-26,2025-12-31,Yearly,12,15000,15,12750
MS03034,M01538,2025-05-08,2025-08-07,Quarterly,3,4800,0,4800
MS03035,M01539,2025-09-26,2025-12-25,Quarterly,3,4800,0,4800
MS03036,M01539,2025-12-26,2025-12-31,Quarterly,3,4800,0,4800
MS03037,M01540,2025-06-29,2025-12-28,Half-Yearly,6,8500,0,8500
MS03038,M01540,2025-12-29,2025-12-31,Quarterly,3,4800,0,4800
MS03039,M01541,2024-07-04,2024-08-03,Monthly,1,1800,15,1530
MS03040,M01542,2024-06-11,2024-07-10,Monthly,1,1800,10,1620
MS03041,M01542,2024-07-11,2024-08-10,Monthly,1,1800,0,1800
MS03042,M01543,2024-06-07,2024-07-06,Monthly,1,1800,5,1710
MS03043,M01543,2024-07-07,2025-01-06,Half-Yearly,6,8500,10,7650
MS03044,M01543,2025-01-07,2025-02-06,Monthly,1,1800,5,1710
MS03045,M01543,2025-02-07,2025-03-06,Monthly,1,1800,5,1710
MS03046,M01544,2025-08-09,2025-12-31,Half-Yearly,6,8500,0,8500
MS03047,M01545,2024-12-21,2025-03-20,Quarterly,3,4800,5,4560
MS03048,M01545,2025-03-21,2025-04-20,Monthly,1,1800,0,1800
MS03049,M01545,2025-04-21,2025-12-31,Yearly,12,15000,0,15000
MS03050,M01546,2024-10-16,2024-11-15,Monthly,1,1800,0,1800
MS03051,M01547,2025-09-09,2025-12-08,Quarterly,3,4800,0,4800
MS03052,M01547,2025-12-09,2025-12-31,Monthly,1,1800,0,1800
MS03053,M01548,2025-01-19,2025-02-18,Monthly,1,1800,0,1800
MS03054,M01549,2025-08-03,2025-12-31,Half-Yearly,6,8500,0,8500
MS03055,M01550,2025-09-20,2025-10-19,Monthly,1,1800,0,1800
MS03056,M01550,2025-10-20,2025-12-31,Quarterly,3,4800,0,4800
MS03057,M01551,2024-02-20,2024-03-19,Monthly,1,1800,10,1620
MS03058,M01551,2024-03-20,2024-04-19,Monthly,1,1800,5,1710
MS03059,M01551,2024-04-20,2024-07-19,Quarterly,3,4800,10,4320
MS03060,M01552,2024-08-18,2025-02-17,Half-Yearly,6,8500,0,8500
MS03061,M01552,2025-02-18,2025-05-17,Quarterly,3,4800,5,4560
MS03062,M01552,2025-05-18,2025-08-17,Quarterly,3,4800,10,4320
MS03063,M01552,2025-08-18,2025-09-17,Monthly,1,1800,0,1800
MS03064,M01552,2025-09-18,2025-12-17,Quarterly,3,4800,0,4800
MS03065,M01552,2025-12-18,2025-12-31,Yearly,12,15000,10,13500
MS03066,M01553,2025-04-13,2025-05-12,Monthly,1,1800,0,1800
MS03067,M01553,2025-05-13,2025-06-12,Monthly,1,1800,0,1800
MS03068,M01554,2025-06-02,2025-07-01,Monthly,1,1800,0,1800
MS03069,M01555,2024-04-04,2024-05-03,Monthly,1,1800,0,1800
MS03070,M01555,2024-05-04,2024-06-03,Monthly,1,1800,5,1710
MS03071,M01555,2024-06-04,2024-07-03,Monthly,1,1800,10,1620
MS03072,M01556,2024-07-22,2024-10-21,Quarterly,3,4800,10,4320
MS03073,M01556,2024-10-22,2024-11-21,Monthly,1,1800,5,1710
MS03074,M01556,2024-11-22,2024-12-21,Monthly,1,1800,15,1530
MS03075,M01556,2024-12-22,2025-01-21,Monthly,1,1800,0,1800
MS03076,M01557,2024-12-15,2025-01-14,Monthly,1,1800,10,1620
MS03077,M01557,2025-01-15,2025-07-14,Half-Yearly,6,8500,0,8500
MS03078,M01557,2025-07-15,2025-08-14,Monthly,1,1800,0,1800
MS03079,M01557,2025-08-15,2025-09-14,Monthly,1,1800,5,1710
MS03080,M01558,2025-05-24,2025-06-23,Monthly,1,1800,5,1710
MS03081,M01559,2024-03-13,2025-03-12,Yearly,12,15000,0,15000
MS03082,M01559,2025-03-13,2025-12-31,Yearly,12,15000,15,12750
MS03083,M01560,2025-01-18,2025-04-17,Quarterly,3,4800,5,4560
MS03084,M01561,2024-07-08,2024-08-07,Monthly,1,1800,0,1800
MS03085,M01562,2024-05-18,2024-11-17,Half-Yearly,6,8500,0,8500
MS03086,M01562,2024-11-18,2025-11-17,Yearly,12,15000,0,15000
MS03087,M01562,2025-11-18,2025-12-17,Monthly,1,1800,0,1800
MS03088,M01563,2024-11-24,2025-11-23,Yearly,12,15000,5,14250
MS03089,M01563,2025-11-24,2025-12-23,Monthly,1,1800,0,1800
MS03090,M01564,2024-09-21,2024-10-20,Monthly,1,1800,15,1530
MS03091,M01565,2025-02-09,2025-03-08,Monthly,1,1800,0,1800
MS03092,M01566,2024-07-21,2024-08-20,Monthly,1,1800,10,1620
MS03093,M01566,2024-08-21,2024-09-20,Monthly,1,1800,0,1800
MS03094,M01566,2024-09-21,2024-12-20,Quarterly,3,4800,5,4560
MS03095,M01566,2024-12-21,2025-03-20,Quarterly,3,4800,0,4800
MS03096,M01567,2025-06-09,2025-12-31,Yearly,12,15000,5,14250
MS03097,M01568,2024-02-19,2024-03-18,Monthly,1,1800,0,1800
MS03098,M01568,2024-03-19,2024-09-18,Half-Yearly,6,8500,0,8500
MS03099,M01569,2025-07-03,2025-08-02,Monthly,1,1800,0,1800
MS03100,M01570,2024-01-20,2024-04-19,Quarterly,3,4800,0,4800
MS03101,M01571,2025-04-14,2025-07-13,Quarterly,3,4800,0,4800
MS03102,M01572,2024-08-09,2024-09-08,Monthly,1,1800,10,1620
MS03103,M01572,2024-09-09,2024-12-08,Quarterly,3,4800,0,4800
MS03104,M01572,2024-12-09,2025-03-08,Quarterly,3,4800,0,4800
MS03105,M01573,2024-09-01,2024-11-30,Quarterly,3,4800,0,4800
MS03106,M01573,2024-12-01,2025-02-28,Quarterly,3,4800,0,4800
MS03107,M01573,2025-03-01,2025-03-31,Monthly,1,1800,0,1800
MS03108,M01574,2024-01-13,2025-01-12,Yearly,12,15000,5,14250
MS03109,M01574,2025-01-13,2025-02-12,Monthly,1,1800,5,1710
MS03110,M01575,2025-03-23,2025-04-22,Monthly,1,1800,5,1710
MS03111,M01575,2025-04-23,2025-05-22,Monthly,1,1800,0,1800
MS03112,M01575,2025-05-23,2025-06-22,Monthly,1,1800,0,1800
MS03113,M01575,2025-06-23,2025-07-22,Monthly,1,1800,0,1800
MS03114,M01575,2025-07-23,2025-12-31,Half-Yearly,6,8500,5,8080
MS03115,M01576,2024-04-15,2024-05-14,Monthly,1,1800,0,1800
MS03116,M01576,2024-05-15,2024-06-14,Monthly,1,1800,0,1800
MS03117,M01577,2025-02-24,2025-05-23,Quarterly,3,4800,0,4800
MS03118,M01577,2025-05-24,2025-06-23,Monthly,1,1800,10,1620
MS03119,M01578,2025-04-07,2025-07-06,Quarterly,3,4800,10,4320
MS03120,M01578,2025-07-07,2025-08-06,Monthly,1,1800,5,1710
MS03121,M01578,2025-08-07,2025-11-06,Quarterly,3,4800,0,4800
MS03122,M01578,2025-11-07,2025-12-06,Monthly,1,1800,0,1800
MS03123,M01579,2025-06-23,2025-07-22,Monthly,1,1800,0,1800
MS03124,M01579,2025-07-23,2025-12-31,Half-Yearly,6,8500,10,7650
MS03125,M01580,2025-03-27,2025-04-26,Monthly,1,1800,0,1800
MS03126,M01580,2025-04-27,2025-05-26,Monthly,1,1800,0,1800
MS03127,M01581,2024-07-11,2024-10-10,Quarterly,3,4800,0,4800
MS03128,M01581,2024-10-11,2024-11-10,Monthly,1,1800,0,1800
MS03129,M01582,2025-04-16,2025-10-15,Half-Yearly,6,8500,5,8080
MS03130,M01583,2025-06-10,2025-07-09,Monthly,1,1800,5,1710
MS03131,M01584,2024-07-21,2024-08-20,Monthly,1,1800,10,1620
MS03132,M01585,2024-03-20,2024-06-19,Quarterly,3,4800,0,4800
MS03133,M01585,2024-06-20,2024-09-19,Quarterly,3,4800,10,4320
MS03134,M01585,2024-09-20,2024-10-19,Monthly,1,1800,0,1800
MS03135,M01585,2024-10-20,2025-04-19,Half-Yearly,6,8500,5,8080
MS03136,M01585,2025-04-20,2025-07-19,Quarterly,3,4800,5,4560
MS03137,M01586,2025-07-21,2025-08-20,Monthly,1,1800,0,1800
MS03138,M01587,2024-04-04,2024-05-03,Monthly,1,1800,0,1800
MS03139,M01587,2024-05-04,2024-08-03,Quarterly,3,4800,0,4800
MS03140,M01587,2024-08-04,2024-09-03,Monthly,1,1800,10,1620
MS03141,M01588,2025-01-13,2025-07-12,Half-Yearly,6,8500,5,8080
MS03142,M01589,2024-05-30,2024-06-29,Monthly,1,1800,0,1800
MS03143,M01590,2024-03-21,2025-03-20,Yearly,12,15000,10,13500
MS03144,M01591,2025-05-10,2025-08-09,Quarterly,3,4800,5,4560
MS03145,M01592,2024-04-01,2024-04-30,Monthly,1,1800,10,1620
MS03146,M01593,2025-03-03,2025-06-02,Quarterly,3,4800,0,4800
MS03147,M01594,2025-03-18,2025-12-31,Yearly,12,15000,0,15000
MS03148,M01595,2024-02-08,2024-05-07,Quarterly,3,4800,10,4320
MS03149,M01596,2024-04-20,2024-07-19,Quarterly,3,4800,0,4800
MS03150,M01596,2024-07-20,2025-07-19,Yearly,12,15000,0,15000
MS03151,M01596,2025-07-20,2025-08-19,Monthly,1,1800,0,1800
MS03152,M01596,2025-08-20,2025-12-31,Half-Yearly,6,8500,0,8500
MS03153,M01597,2025-05-21,2025-06-20,Monthly,1,1800,10,1620
MS03154,M01597,2025-06-21,2025-07-20,Monthly,1,1800,0,1800
MS03155,M01598,2024-11-19,2025-02-18,Quarterly,3,4800,5,4560
MS03156,M01598,2025-02-19,2025-03-18,Monthly,1,1800,15,1530
MS03157,M01598,2025-03-19,2025-06-18,Quarterly,3,4800,10,4320
MS03158,M01599,2024-03-18,2024-04-17,Monthly,1,1800,0,1800
MS03159,M01599,2024-04-18,2025-04-17,Yearly,12,15000,10,13500
MS03160,M01599,2025-04-18,2025-12-31,Yearly,12,15000,0,15000
MS03161,M01600,2025-09-24,2025-10-23,Monthly,1,1800,10,1620
MS03162,M01600,2025-10-24,2025-11-23,Monthly,1,1800,0,1800
MS03163,M01600,2025-11-24,2025-12-31,Quarterly,3,4800,0,4800
MS03164,M01601,2024-06-18,2025-06-17,Yearly,12,15000,0,15000
MS03165,M01602,2024-01-03,2024-07-02,Half-Yearly,6,8500,10,7650
MS03166,M01602,2024-07-03,2025-01-02,Half-Yearly,6,8500,5,8080
MS03167,M01602,2025-01-03,2025-07-02,Half-Yearly,6,8500,0,8500
MS03168,M01603,2025-08-12,2025-11-11,Quarterly,3,4800,5,4560
MS03169,M01603,2025-11-12,2025-12-31,Yearly,12,15000,0,15000
MS03170,M01604,2024-01-11,2024-04-10,Quarterly,3,4800,0,4800
MS03171,M01604,2024-04-11,2025-04-10,Yearly,12,15000,10,13500
MS03172,M01604,2025-04-11,2025-05-10,Monthly,1,1800,0,1800
MS03173,M01605,2024-12-19,2025-01-18,Monthly,1,1800,0,1800
MS03174,M01605,2025-01-19,2025-12-31,Yearly,12,15000,0,15000
MS03175,M01606,2025-09-25,2025-10-24,Monthly,1,1800,5,1710
MS03176,M01607,2025-01-03,2025-12-31,Yearly,12,15000,5,14250
MS03177,M01608,2025-01-07,2025-02-06,Monthly,1,1800,0,1800
MS03178,M01608,2025-02-07,2025-12-31,Yearly,12,15000,0,15000
MS03179,M01609,2024-09-04,2024-10-03,Monthly,1,1800,10,1620
MS03180,M01610,2024-03-21,2024-06-20,Quarterly,3,4800,0,4800
MS03181,M01611,2024-12-31,2025-12-30,Yearly,12,15000,0,15000
MS03182,M01612,2025-07-26,2025-12-31,Yearly,12,15000,0,15000
MS03183,M01613,2024-02-28,2024-03-27,Monthly,1,1800,5,1710
MS03184,M01614,2025-07-15,2025-12-31,Half-Yearly,6,8500,0,8500
MS03185,M01615,2024-09-21,2024-12-20,Quarterly,3,4800,0,4800
MS03186,M01616,2024-12-08,2025-03-07,Quarterly,3,4800,0,4800
MS03187,M01616,2025-03-08,2025-12-31,Yearly,12,15000,0,15000
MS03188,M01617,2024-04-15,2025-04-14,Yearly,12,15000,10,13500
MS03189,M01617,2025-04-15,2025-05-14,Monthly,1,1800,5,1710
MS03190,M01618,2025-01-31,2025-02-27,Monthly,1,1800,0,1800
MS03191,M01618,2025-02-28,2025-05-27,Quarterly,3,4800,15,4080
MS03192,M01619,2024-04-26,2024-05-25,Monthly,1,1800,0,1800
MS03193,M01620,2024-06-23,2024-07-22,Monthly,1,1800,0,1800
MS03194,M01621,2025-04-05,2025-12-31,Yearly,12,15000,10,13500
MS03195,M01622,2024-02-02,2024-08-01,Half-Yearly,6,8500,5,8080
MS03196,M01622,2024-08-02,2024-09-01,Monthly,1,1800,0,1800
MS03197,M01622,2024-09-02,2025-09-01,Yearly,12,15000,5,14250
MS03198,M01623,2024-10-12,2025-01-11,Quarterly,3,4800,0,4800
MS03199,M01623,2025-01-12,2025-02-11,Monthly,1,1800,10,1620
MS03200,M01623,2025-02-12,2025-03-11,Monthly,1,1800,5,1710
MS03201,M01624,2025-01-14,2025-04-13,Quarterly,3,4800,0,4800
MS03202,M01625,2024-03-25,2024-04-24,Monthly,1,1800,5,1710
MS03203,M01626,2024-07-07,2024-08-06,Monthly,1,1800,0,1800
MS03204,M01626,2024-08-07,2024-09-06,Monthly,1,1800,5,1710
MS03205,M01626,2024-09-07,2024-10-06,Monthly,1,1800,5,1710
MS03206,M01627,2024-08-07,2025-02-06,Half-Yearly,6,8500,10,7650
MS03207,M01627,2025-02-07,2025-03-06,Monthly,1,1800,5,1710
MS03208,M01628,2025-02-27,2025-03-26,Monthly,1,1800,15,1530
MS03209,M01629,2025-09-15,2025-10-14,Monthly,1,1800,10,1620
MS03210,M01629,2025-10-15,2025-12-31,Yearly,12,15000,0,15000
MS03211,M01630,2025-06-17,2025-09-16,Quarterly,3,4800,0,4800
MS03212,M01631,2024-05-01,2024-05-31,Monthly,1,1800,0,1800
MS03213,M01631,2024-06-01,2024-11-30,Half-Yearly,6,8500,10,7650
MS03214,M01631,2024-12-01,2025-05-31,Half-Yearly,6,8500,10,7650
MS03215,M01631,2025-06-01,2025-12-31,Yearly,12,15000,0,15000
MS03216,M01632,2024-01-12,2024-04-11,Quarterly,3,4800,15,4080
MS03217,M01632,2024-04-12,2024-05-11,Monthly,1,1800,10,1620
MS03218,M01633,2024-02-03,2024-05-02,Quarterly,3,4800,5,4560
MS03219,M01634,2025-01-15,2025-02-14,Monthly,1,1800,0,1800
MS03220,M01634,2025-02-15,2025-03-14,Monthly,1,1800,10,1620
MS03221,M01634,2025-03-15,2025-06-14,Quarterly,3,4800,0,4800
MS03222,M01635,2024-04-09,2024-05-08,Monthly,1,1800,0,1800
MS03223,M01636,2024-05-27,2024-06-26,Monthly,1,1800,10,1620
MS03224,M01636,2024-06-27,2024-12-26,Half-Yearly,6,8500,0,8500
MS03225,M01636,2024-12-27,2025-03-26,Quarterly,3,4800,5,4560
MS03226,M01637,2025-06-24,2025-07-23,Monthly,1,1800,5,1710
MS03227,M01637,2025-07-24,2025-12-31,Half-Yearly,6,8500,15,7220
MS03228,M01638,2025-07-11,2025-08-10,Monthly,1,1800,10,1620
MS03229,M01639,2025-06-19,2025-09-18,Quarterly,3,4800,0,4800
MS03230,M01640,2024-06-10,2024-07-09,Monthly,1,1800,15,1530
MS03231,M01641,2025-01-30,2025-12-31,Yearly,12,15000,10,13500
MS03232,M01642,2025-01-24,2025-02-23,Monthly,1,1800,10,1620
MS03233,M01642,2025-02-24,2025-03-23,Monthly,1,1800,0,1800
MS03234,M01642,2025-03-24,2025-04-23,Monthly,1,1800,5,1710
MS03235,M01642,2025-04-24,2025-05-23,Monthly,1,1800,0,1800
MS03236,M01643,2024-04-28,2024-07-27,Quarterly,3,4800,5,4560
MS03237,M01644,2024-12-19,2025-03-18,Quarterly,3,4800,0,4800
MS03238,M01644,2025-03-19,2025-04-18,Monthly,1,1800,0,1800
MS03239,M01645,2024-12-01,2024-12-31,Monthly,1,1800,15,1530
MS03240,M01645,2025-01-01,2025-03-31,Quarterly,3,4800,0,4800
MS03241,M01646,2024-09-09,2025-03-08,Half-Yearly,6,8500,0,8500
MS03242,M01646,2025-03-09,2025-06-08,Quarterly,3,4800,0,4800
MS03243,M01646,2025-06-09,2025-12-31,Yearly,12,15000,5,14250
MS03244,M01647,2025-04-24,2025-07-23,Quarterly,3,4800,0,4800
MS03245,M01648,2025-03-08,2025-04-07,Monthly,1,1800,0,1800
MS03246,M01648,2025-04-08,2025-12-31,Yearly,12,15000,0,15000
MS03247,M01649,2024-12-05,2025-01-04,Monthly,1,1800,10,1620
MS03248,M01649,2025-01-05,2025-07-04,Half-Yearly,6,8500,15,7220
MS03249,M01649,2025-07-05,2025-08-04,Monthly,1,1800,15,1530
MS03250,M01649,2025-08-05,2025-12-31,Half-Yearly,6,8500,10,7650
MS03251,M01650,2025-04-08,2025-05-07,Monthly,1,1800,0,1800
MS03252,M01651,2025-05-01,2025-07-31,Quarterly,3,4800,10,4320
MS03253,M01651,2025-08-01,2025-12-31,Half-Yearly,6,8500,0,8500
MS03254,M01652,2024-12-27,2025-01-26,Monthly,1,1800,0,1800
MS03255,M01652,2025-01-27,2025-12-31,Yearly,12,15000,0,15000
MS03256,M01653,2024-06-19,2024-09-18,Quarterly,3,4800,5,4560
MS03257,M01653,2024-09-19,2024-10-18,Monthly,1,1800,0,1800
MS03258,M01653,2024-10-19,2024-11-18,Monthly,1,1800,0,1800
MS03259,M01654,2025-04-28,2025-12-31,Yearly,12,15000,0,15000
MS03260,M01655,2025-04-02,2025-12-31,Yearly,12,15000,5,14250
MS03261,M01656,2025-09-19,2025-12-31,Yearly,12,15000,5,14250
MS03262,M01657,2024-04-05,2024-05-04,Monthly,1,1800,15,1530
MS03263,M01658,2024-09-24,2024-10-23,Monthly,1,1800,5,1710
MS03264,M01658,2024-10-24,2025-01-23,Quarterly,3,4800,0,4800
MS03265,M01659,2025-08-12,2025-09-11,Monthly,1,1800,5,1710
MS03266,M01660,2024-11-24,2024-12-23,Monthly,1,1800,0,1800
MS03267,M01661,2025-08-24,2025-11-23,Quarterly,3,4800,10,4320
MS03268,M01661,2025-11-24,2025-12-31,Quarterly,3,4800,10,4320
MS03269,M01662,2024-01-08,2024-02-07,Monthly,1,1800,0,1800
MS03270,M01663,2024-01-23,2024-02-22,Monthly,1,1800,0,1800
MS03271,M01664,2025-05-22,2025-06-21,Monthly,1,1800,5,1710
MS03272,M01665,2024-08-16,2025-08-15,Yearly,12,15000,5,14250
MS03273,M01666,2024-11-27,2025-05-26,Half-Yearly,6,8500,15,7220
MS03274,M01667,2024-09-30,2025-09-29,Yearly,12,15000,0,15000
MS03275,M01667,2025-09-30,2025-10-29,Monthly,1,1800,5,1710
MS03276,M01668,2024-09-17,2025-09-16,Yearly,12,15000,10,13500
MS03277,M01669,2025-08-22,2025-11-21,Quarterly,3,4800,0,4800
MS03278,M01670,2024-03-01,2024-03-31,Monthly,1,1800,10,1620
MS03279,M01671,2025-05-07,2025-06-06,Monthly,1,1800,5,1710
MS03280,M01672,2025-07-21,2025-12-31,Half-Yearly,6,8500,10,7650
MS03281,M01673,2025-02-23,2025-08-22,Half-Yearly,6,8500,0,8500
MS03282,M01673,2025-08-23,2025-11-22,Quarterly,3,4800,10,4320
MS03283,M01674,2024-09-09,2024-10-08,Monthly,1,1800,10,1620
MS03284,M01675,2024-04-12,2025-04-11,Yearly,12,15000,0,15000
MS03285,M01675,2025-04-12,2025-07-11,Quarterly,3,4800,10,4320
MS03286,M01675,2025-07-12,2025-10-11,Quarterly,3,4800,15,4080
MS03287,M01675,2025-10-12,2025-12-31,Quarterly,3,4800,15,4080
MS03288,M01676,2025-03-11,2025-04-10,Monthly,1,1800,0,1800
MS03289,M01677,2024-10-26,2024-11-25,Monthly,1,1800,0,1800
MS03290,M01677,2024-11-26,2025-02-25,Quarterly,3,4800,10,4320
MS03291,M01677,2025-02-26,2025-08-25,Half-Yearly,6,8500,15,7220
MS03292,M01678,2024-04-05,2024-07-04,Quarterly,3,4800,0,4800
MS03293,M01678,2024-07-05,2024-08-04,Monthly,1,1800,5,1710
MS03294,M01679,2024-08-17,2024-09-16,Monthly,1,1800,0,1800
MS03295,M01680,2025-09-05,2025-12-31,Yearly,12,15000,10,13500
MS03296,M01681,2024-06-18,2024-09-17,Quarterly,3,4800,0,4800
MS03297,M01682,2024-04-23,2024-07-22,Quarterly,3,4800,10,4320
MS03298,M01682,2024-07-23,2025-07-22,Yearly,12,15000,0,15000
MS03299,M01682,2025-07-23,2025-12-31,Half-Yearly,6,8500,0,8500
MS03300,M01683,2025-03-11,2025-04-10,Monthly,1,1800,0,1800
MS03301,M01683,2025-04-11,2025-10-10,Half-Yearly,6,8500,0,8500
MS03302,M01684,2024-05-07,2024-11-06,Half-Yearly,6,8500,10,7650
MS03303,M01685,2025-08-09,2025-11-08,Quarterly,3,4800,0,4800
MS03304,M01686,2025-09-19,2025-10-18,Monthly,1,1800,0,1800
MS03305,M01687,2025-08-05,2025-09-04,Monthly,1,1800,5,1710
MS03306,M01688,2024-06-04,2024-09-03,Quarterly,3,4800,0,4800
MS03307,M01688,2024-09-04,2024-10-03,Monthly,1,1800,0,1800
MS03308,M01689,2024-05-15,2024-11-14,Half-Yearly,6,8500,5,8080
MS03309,M01689,2024-11-15,2024-12-14,Monthly,1,1800,0,1800
MS03310,M01690,2024-08-06,2024-09-05,Monthly,1,1800,0,1800
MS03311,M01691,2024-10-26,2024-11-25,Monthly,1,1800,0,1800
MS03312,M01692,2025-07-15,2025-08-14,Monthly,1,1800,10,1620
MS03313,M01692,2025-08-15,2025-12-31,Half-Yearly,6,8500,0,8500
MS03314,M01693,2025-04-12,2025-05-11,Monthly,1,1800,15,1530
MS03315,M01694,2025-02-15,2025-08-14,Half-Yearly,6,8500,10,7650
MS03316,M01694,2025-08-15,2025-11-14,Quarterly,3,4800,5,4560
MS03317,M01695,2025-02-16,2025-03-15,Monthly,1,1800,15,1530
MS03318,M01696,2024-08-29,2025-02-27,Half-Yearly,6,8500,0,8500
MS03319,M01696,2025-02-28,2025-03-27,Monthly,1,1800,10,1620
MS03320,M01696,2025-03-28,2025-06-27,Quarterly,3,4800,0,4800
MS03321,M01696,2025-06-28,2025-07-27,Monthly,1,1800,10,1620
MS03322,M01696,2025-07-28,2025-12-31,Half-Yearly,6,8500,10,7650
MS03323,M01697,2024-09-20,2024-12-19,Quarterly,3,4800,5,4560
MS03324,M01697,2024-12-20,2025-01-19,Monthly,1,1800,5,1710
MS03325,M01698,2024-11-25,2024-12-24,Monthly,1,1800,0,1800
MS03326,M01699,2024-02-26,2024-08-25,Half-Yearly,6,8500,0,8500
MS03327,M01700,2025-04-18,2025-05-17,Monthly,1,1800,0,1800
MS03328,M01701,2025-02-20,2025-03-19,Monthly,1,1800,5,1710
MS03329,M01702,2025-04-11,2025-05-10,Monthly,1,1800,0,1800
MS03330,M01703,2024-12-06,2025-03-05,Quarterly,3,4800,15,4080
MS03331,M01704,2025-05-14,2025-08-13,Quarterly,3,4800,0,4800
MS03332,M01704,2025-08-14,2025-09-13,Monthly,1,1800,0,1800
MS03333,M01705,2025-08-28,2025-12-31,Yearly,12,15000,15,12750
MS03334,M01706,2024-12-29,2025-01-28,Monthly,1,1800,5,1710
MS03335,M01706,2025-01-29,2025-04-28,Quarterly,3,4800,15,4080
MS03336,M01707,2024-10-10,2025-04-09,Half-Yearly,6,8500,0,8500
MS03337,M01707,2025-04-10,2025-05-09,Monthly,1,1800,5,1710
MS03338,M01707,2025-05-10,2025-11-09,Half-Yearly,6,8500,0,8500
MS03339,M01707,2025-11-10,2025-12-31,Half-Yearly,6,8500,0,8500
MS03340,M01708,2024-03-07,2024-09-06,Half-Yearly,6,8500,15,7220
MS03341,M01708,2024-09-07,2024-12-06,Quarterly,3,4800,0,4800
MS03342,M01708,2024-12-07,2025-01-06,Monthly,1,1800,5,1710
MS03343,M01708,2025-01-07,2025-04-06,Quarterly,3,4800,0,4800
MS03344,M01708,2025-04-07,2025-10-06,Half-Yearly,6,8500,0,8500
MS03345,M01708,2025-10-07,2025-11-06,Monthly,1,1800,0,1800
MS03346,M01709,2025-05-11,2025-11-10,Half-Yearly,6,8500,5,8080
MS03347,M01709,2025-11-11,2025-12-10,Monthly,1,1800,10,1620
MS03348,M01709,2025-12-11,2025-12-31,Monthly,1,1800,0,1800
MS03349,M01710,2025-07-30,2025-12-31,Half-Yearly,6,8500,0,8500
MS03350,M01711,2025-03-22,2025-09-21,Half-Yearly,6,8500,0,8500
MS03351,M01711,2025-09-22,2025-12-31,Half-Yearly,6,8500,0,8500
MS03352,M01712,2025-07-06,2025-10-05,Quarterly,3,4800,5,4560
MS03353,M01712,2025-10-06,2025-11-05,Monthly,1,1800,0,1800
MS03354,M01713,2025-07-03,2025-08-02,Monthly,1,1800,0,1800
MS03355,M01713,2025-08-03,2025-09-02,Monthly,1,1800,0,1800
MS03356,M01714,2025-05-24,2025-08-23,Quarterly,3,4800,15,4080
MS03357,M01714,2025-08-24,2025-12-31,Half-Yearly,6,8500,0,8500
MS03358,M01715,2024-11-16,2025-02-15,Quarterly,3,4800,10,4320
MS03359,M01716,2024-03-04,2024-04-03,Monthly,1,1800,10,1620
MS03360,M01717,2024-01-03,2024-07-02,Half-Yearly,6,8500,0,8500
MS03361,M01717,2024-07-03,2025-01-02,Half-Yearly,6,8500,0,8500
MS03362,M01717,2025-01-03,2025-02-02,Monthly,1,1800,0,1800
MS03363,M01718,2024-05-10,2024-11-09,Half-Yearly,6,8500,10,7650
MS03364,M01718,2024-11-10,2025-02-09,Quarterly,3,4800,15,4080
MS03365,M01718,2025-02-10,2025-05-09,Quarterly,3,4800,10,4320
MS03366,M01719,2024-10-01,2025-03-31,Half-Yearly,6,8500,5,8080
MS03367,M01719,2025-04-01,2025-06-30,Quarterly,3,4800,5,4560
MS03368,M01719,2025-07-01,2025-07-31,Monthly,1,1800,0,1800
MS03369,M01720,2025-04-19,2025-05-18,Monthly,1,1800,0,1800
MS03370,M01720,2025-05-19,2025-06-18,Monthly,1,1800,10,1620
MS03371,M01721,2024-10-17,2025-04-16,Half-Yearly,6,8500,0,8500
MS03372,M01721,2025-04-17,2025-05-16,Monthly,1,1800,0,1800
MS03373,M01721,2025-05-17,2025-08-16,Quarterly,3,4800,0,4800
MS03374,M01722,2024-01-15,2024-04-14,Quarterly,3,4800,0,4800
MS03375,M01723,2024-05-14,2024-08-13,Quarterly,3,4800,0,4800
MS03376,M01723,2024-08-14,2024-11-13,Quarterly,3,4800,5,4560
MS03377,M01724,2025-09-16,2025-10-15,Monthly,1,1800,0,1800
MS03378,M01725,2025-09-22,2025-12-21,Quarterly,3,4800,15,4080
MS03379,M01726,2024-08-28,2024-11-27,Quarterly,3,4800,5,4560
MS03380,M01726,2024-11-28,2024-12-27,Monthly,1,1800,0,1800
MS03381,M01726,2024-12-28,2025-03-27,Quarterly,3,4800,5,4560
MS03382,M01727,2025-05-28,2025-06-27,Monthly,1,1800,0,1800
MS03383,M01727,2025-06-28,2025-09-27,Quarterly,3,4800,0,4800
MS03384,M01727,2025-09-28,2025-12-27,Quarterly,3,4800,0,4800
MS03385,M01728,2025-04-03,2025-05-02,Monthly,1,1800,0,1800
MS03386,M01729,2025-08-17,2025-09-16,Monthly,1,1800,0,1800
MS03387,M01730,2025-07-20,2025-08-19,Monthly,1,1800,0,1800
MS03388,M01730,2025-08-20,2025-11-19,Quarterly,3,4800,5,4560
MS03389,M01731,2025-02-05,2025-12-31,Yearly,12,15000,0,15000
MS03390,M01732,2024-09-08,2025-09-07,Yearly,12,15000,0,15000
MS03391,M01733,2025-02-03,2025-12-31,Yearly,12,15000,15,12750
MS03392,M01734,2024-07-22,2024-10-21,Quarterly,3,4800,10,4320
MS03393,M01734,2024-10-22,2025-01-21,Quarterly,3,4800,0,4800
MS03394,M01734,2025-01-22,2025-07-21,Half-Yearly,6,8500,15,7220
MS03395,M01734,2025-07-22,2025-08-21,Monthly,1,1800,5,1710
MS03396,M01734,2025-08-22,2025-11-21,Quarterly,3,4800,5,4560
MS03397,M01734,2025-11-22,2025-12-31,Half-Yearly,6,8500,0,8500
MS03398,M01735,2024-08-10,2025-02-09,Half-Yearly,6,8500,0,8500
MS03399,M01735,2025-02-10,2025-05-09,Quarterly,3,4800,0,4800
MS03400,M01735,2025-05-10,2025-11-09,Half-Yearly,6,8500,0,8500
MS03401,M01735,2025-11-10,2025-12-09,Monthly,1,1800,5,1710
MS03402,M01735,2025-12-10,2025-12-31,Half-Yearly,6,8500,0,8500
MS03403,M01736,2025-01-23,2025-07-22,Half-Yearly,6,8500,10,7650
MS03404,M01737,2024-12-30,2025-01-29,Monthly,1,1800,0,1800
MS03405,M01737,2025-01-30,2025-02-27,Monthly,1,1800,5,1710
MS03406,M01738,2025-01-05,2025-02-04,Monthly,1,1800,15,1530
MS03407,M01739,2024-09-02,2024-10-01,Monthly,1,1800,0,1800
MS03408,M01740,2024-09-18,2024-10-17,Monthly,1,1800,0,1800
MS03409,M01741,2024-01-07,2024-04-06,Quarterly,3,4800,0,4800
MS03410,M01741,2024-04-07,2024-05-06,Monthly,1,1800,0,1800
MS03411,M01741,2024-05-07,2024-11-06,Half-Yearly,6,8500,5,8080
MS03412,M01741,2024-11-07,2025-11-06,Yearly,12,15000,5,14250
MS03413,M01741,2025-11-07,2025-12-31,Half-Yearly,6,8500,10,7650
MS03414,M01742,2025-01-18,2025-02-17,Monthly,1,1800,10,1620
MS03415,M01742,2025-02-18,2025-03-17,Monthly,1,1800,10,1620
MS03416,M01743,2025-01-02,2025-04-01,Quarterly,3,4800,0,4800
MS03417,M01743,2025-04-02,2025-10-01,Half-Yearly,6,8500,5,8080
MS03418,M01744,2025-08-19,2025-09-18,Monthly,1,1800,15,1530
MS03419,M01744,2025-09-19,2025-10-18,Monthly,1,1800,10,1620
MS03420,M01744,2025-10-19,2025-12-31,Quarterly,3,4800,5,4560
MS03421,M01745,2024-11-17,2024-12-16,Monthly,1,1800,0,1800
MS03422,M01746,2024-10-25,2025-04-24,Half-Yearly,6,8500,10,7650
MS03423,M01746,2025-04-25,2025-10-24,Half-Yearly,6,8500,0,8500
MS03424,M01746,2025-10-25,2025-11-24,Monthly,1,1800,0,1800
MS03425,M01746,2025-11-25,2025-12-24,Monthly,1,1800,0,1800
MS03426,M01747,2024-02-13,2024-03-12,Monthly,1,1800,10,1620
MS03427,M01748,2024-05-05,2024-06-04,Monthly,1,1800,5,1710
MS03428,M01748,2024-06-05,2024-07-04,Monthly,1,1800,5,1710
MS03429,M01749,2024-08-03,2024-09-02,Monthly,1,1800,10,1620
MS03430,M01750,2024-08-28,2024-09-27,Monthly,1,1800,0,1800
MS03431,M01751,2024-08-19,2025-08-18,Yearly,12,15000,5,14250
MS03432,M01751,2025-08-19,2025-11-18,Quarterly,3,4800,0,4800
MS03433,M01752,2024-09-08,2024-12-07,Quarterly,3,4800,5,4560
MS03434,M01753,2025-05-05,2025-08-04,Quarterly,3,4800,0,4800
MS03435,M01754,2024-03-24,2024-04-23,Monthly,1,1800,0,1800
MS03436,M01754,2024-04-24,2024-05-23,Monthly,1,1800,10,1620
MS03437,M01754,2024-05-24,2024-06-23,Monthly,1,1800,10,1620
MS03438,M01755,2024-07-30,2025-01-29,Half-Yearly,6,8500,15,7220
MS03439,M01755,2025-01-30,2025-07-29,Half-Yearly,6,8500,0,8500
MS03440,M01755,2025-07-30,2025-08-29,Monthly,1,1800,10,1620
MS03441,M01756,2024-04-13,2024-10-12,Half-Yearly,6,8500,5,8080
MS03442,M01757,2024-07-15,2024-08-14,Monthly,1,1800,0,1800
MS03443,M01758,2025-03-12,2025-04-11,Monthly,1,1800,10,1620
MS03444,M01758,2025-04-12,2025-05-11,Monthly,1,1800,5,1710
MS03445,M01758,2025-05-12,2025-08-11,Quarterly,3,4800,0,4800
MS03446,M01758,2025-08-12,2025-12-31,Half-Yearly,6,8500,0,8500
MS03447,M01759,2024-01-30,2024-02-28,Monthly,1,1800,5,1710
MS03448,M01759,2024-02-29,2024-03-28,Monthly,1,1800,5,1710
MS03449,M01760,2024-08-04,2025-08-03,Yearly,12,15000,10,13500
MS03450,M01760,2025-08-04,2025-09-03,Monthly,1,1800,10,1620
MS03451,M01761,2024-01-16,2024-07-15,Half-Yearly,6,8500,5,8080
MS03452,M01761,2024-07-16,2025-01-15,Half-Yearly,6,8500,10,7650
MS03453,M01761,2025-01-16,2025-04-15,Quarterly,3,4800,5,4560
MS03454,M01761,2025-04-16,2025-12-31,Yearly,12,15000,0,15000
MS03455,M01762,2025-09-01,2025-09-30,Monthly,1,1800,10,1620
MS03456,M01762,2025-10-01,2025-12-31,Quarterly,3,4800,10,4320
MS03457,M01763,2025-04-08,2025-05-07,Monthly,1,1800,0,1800
MS03458,M01764,2024-06-04,2024-09-03,Quarterly,3,4800,0,4800
MS03459,M01764,2024-09-04,2025-03-03,Half-Yearly,6,8500,10,7650
MS03460,M01764,2025-03-04,2025-04-03,Monthly,1,1800,5,1710
MS03461,M01764,2025-04-04,2025-12-31,Yearly,12,15000,0,15000
MS03462,M01765,2024-05-06,2024-06-05,Monthly,1,1800,0,1800
MS03463,M01765,2024-06-06,2024-09-05,Quarterly,3,4800,5,4560
MS03464,M01766,2024-03-04,2024-04-03,Monthly,1,1800,0,1800
MS03465,M01767,2024-10-28,2025-01-27,Quarterly,3,4800,0,4800
MS03466,M01768,2025-04-25,2025-05-24,Monthly,1,1800,0,1800
MS03467,M01768,2025-05-25,2025-08-24,Quarterly,3,4800,0,4800
MS03468,M01768,2025-08-25,2025-09-24,Monthly,1,1800,0,1800
MS03469,M01768,2025-09-25,2025-12-24,Quarterly,3,4800,5,4560
MS03470,M01768,2025-12-25,2025-12-31,Monthly,1,1800,0,1800
MS03471,M01769,2025-01-07,2025-07-06,Half-Yearly,6,8500,0,8500
MS03472,M01770,2025-07-16,2025-08-15,Monthly,1,1800,0,1800
MS03473,M01771,2024-08-07,2025-02-06,Half-Yearly,6,8500,5,8080
MS03474,M01771,2025-02-07,2025-12-31,Yearly,12,15000,0,15000
MS03475,M01772,2024-06-26,2024-07-25,Monthly,1,1800,15,1530
MS03476,M01772,2024-07-26,2024-08-25,Monthly,1,1800,0,1800
MS03477,M01772,2024-08-26,2024-11-25,Quarterly,3,4800,0,4800
MS03478,M01773,2024-10-31,2025-04-29,Half-Yearly,6,8500,0,8500
MS03479,M01774,2024-05-08,2024-06-07,Monthly,1,1800,5,1710
MS03480,M01775,2025-09-14,2025-10-13,Monthly,1,1800,0,1800
MS03481,M01776,2024-04-28,2024-07-27,Quarterly,3,4800,5,4560
MS03482,M01776,2024-07-28,2024-08-27,Monthly,1,1800,15,1530
MS03483,M01776,2024-08-28,2025-08-27,Yearly,12,15000,5,14250
MS03484,M01776,2025-08-28,2025-09-27,Monthly,1,1800,10,1620
MS03485,M01777,2024-11-01,2025-01-31,Quarterly,3,4800,5,4560
MS03486,M01777,2025-02-01,2025-02-28,Monthly,1,1800,15,1530
MS03487,M01777,2025-03-01,2025-05-31,Quarterly,3,4800,0,4800
MS03488,M01778,2024-11-29,2025-05-28,Half-Yearly,6,8500,5,8080
MS03489,M01778,2025-05-29,2025-06-28,Monthly,1,1800,0,1800
MS03490,M01779,2024-02-06,2024-03-05,Monthly,1,1800,15,1530
MS03491,M01779,2024-03-06,2024-09-05,Half-Yearly,6,8500,5,8080
MS03492,M01780,2024-10-25,2025-01-24,Quarterly,3,4800,10,4320
MS03493,M01781,2024-10-17,2024-11-16,Monthly,1,1800,15,1530
MS03494,M01782,2024-06-14,2024-07-13,Monthly,1,1800,0,1800
MS03495,M01783,2024-03-22,2025-03-21,Yearly,12,15000,10,13500
MS03496,M01783,2025-03-22,2025-06-21,Quarterly,3,4800,0,4800
MS03497,M01783,2025-06-22,2025-12-21,Half-Yearly,6,8500,0,8500
MS03498,M01783,2025-12-22,2025-12-31,Monthly,1,1800,0,1800
MS03499,M01784,2024-01-29,2024-02-28,Monthly,1,1800,5,1710
MS03500,M01785,2024-01-06,2024-02-05,Monthly,1,1800,10,1620
MS03501,M01786,2024-11-03,2024-12-02,Monthly,1,1800,0,1800
MS03502,M01786,2024-12-03,2025-06-02,Half-Yearly,6,8500,5,8080
MS03503,M01786,2025-06-03,2025-07-02,Monthly,1,1800,0,1800
MS03504,M01787,2024-02-27,2024-03-26,Monthly,1,1800,5,1710
MS03505,M01788,2025-09-04,2025-12-03,Quarterly,3,4800,0,4800
MS03506,M01788,2025-12-04,2025-12-31,Monthly,1,1800,10,1620
MS03507,M01789,2024-06-05,2024-07-04,Monthly,1,1800,0,1800
MS03508,M01790,2025-02-20,2025-05-19,Quarterly,3,4800,5,4560
MS03509,M01791,2025-03-05,2025-09-04,Half-Yearly,6,8500,10,7650
MS03510,M01791,2025-09-05,2025-10-04,Monthly,1,1800,10,1620
MS03511,M01792,2024-11-12,2025-11-11,Yearly,12,15000,5,14250
MS03512,M01793,2025-07-17,2025-08-16,Monthly,1,1800,5,1710
MS03513,M01794,2024-03-11,2024-04-10,Monthly,1,1800,0,1800
MS03514,M01794,2024-04-11,2024-05-10,Monthly,1,1800,15,1530
MS03515,M01795,2024-05-29,2025-05-28,Yearly,12,15000,15,12750
MS03516,M01796,2024-06-10,2025-06-09,Yearly,12,15000,0,15000
MS03517,M01796,2025-06-10,2025-12-09,Half-Yearly,6,8500,0,8500
MS03518,M01796,2025-12-10,2025-12-31,Quarterly,3,4800,0,4800
MS03519,M01797,2024-03-27,2024-09-26,Half-Yearly,6,8500,5,8080
MS03520,M01797,2024-09-27,2024-12-26,Quarterly,3,4800,0,4800
MS03521,M01797,2024-12-27,2025-03-26,Quarterly,3,4800,0,4800
MS03522,M01798,2024-07-07,2024-10-06,Quarterly,3,4800,15,4080
MS03523,M01799,2024-07-18,2025-07-17,Yearly,12,15000,10,13500
MS03524,M01799,2025-07-18,2025-10-17,Quarterly,3,4800,5,4560
MS03525,M01799,2025-10-18,2025-11-17,Monthly,1,1800,0,1800
MS03526,M01800,2025-05-02,2025-06-01,Monthly,1,1800,5,1710
MS03527,M01800,2025-06-02,2025-07-01,Monthly,1,1800,5,1710
MS03528,M01801,2024-07-11,2024-08-10,Monthly,1,1800,10,1620
MS03529,M01801,2024-08-11,2024-09-10,Monthly,1,1800,0,1800
MS03530,M01801,2024-09-11,2024-10-10,Monthly,1,1800,0,1800
MS03531,M01802,2025-07-13,2025-10-12,Quarterly,3,4800,0,4800
MS03532,M01803,2025-05-07,2025-08-06,Quarterly,3,4800,0,4800
MS03533,M01803,2025-08-07,2025-09-06,Monthly,1,1800,10,1620
MS03534,M01804,2025-07-29,2025-08-28,Monthly,1,1800,0,1800
MS03535,M01804,2025-08-29,2025-09-28,Monthly,1,1800,5,1710
MS03536,M01805,2024-03-08,2024-04-07,Monthly,1,1800,0,1800
MS03537,M01805,2024-04-08,2024-05-07,Monthly,1,1800,5,1710
MS03538,M01806,2025-09-20,2025-12-31,Half-Yearly,6,8500,0,8500
MS03539,M01807,2025-09-18,2025-12-31,Half-Yearly,6,8500,0,8500
MS03540,M01808,2024-08-14,2024-11-13,Quarterly,3,4800,10,4320
MS03541,M01808,2024-11-14,2024-12-13,Monthly,1,1800,10,1620
MS03542,M01808,2024-12-14,2025-12-13,Yearly,12,15000,0,15000
MS03543,M01808,2025-12-14,2025-12-31,Half-Yearly,6,8500,5,8080
MS03544,M01809,2025-08-31,2025-11-29,Quarterly,3,4800,10,4320
MS03545,M01809,2025-11-30,2025-12-29,Monthly,1,1800,5,1710
MS03546,M01810,2025-01-10,2025-07-09,Half-Yearly,6,8500,5,8080
MS03547,M01810,2025-07-10,2025-08-09,Monthly,1,1800,0,1800
MS03548,M01810,2025-08-10,2025-11-09,Quarterly,3,4800,10,4320
MS03549,M01811,2024-02-15,2024-05-14,Quarterly,3,4800,5,4560
MS03550,M01812,2024-09-18,2024-10-17,Monthly,1,1800,5,1710
MS03551,M01812,2024-10-18,2024-11-17,Monthly,1,1800,10,1620
MS03552,M01813,2024-03-28,2024-04-27,Monthly,1,1800,5,1710
MS03553,M01814,2025-08-23,2025-09-22,Monthly,1,1800,15,1530
MS03554,M01815,2024-07-13,2024-10-12,Quarterly,3,4800,0,4800
MS03555,M01815,2024-10-13,2024-11-12,Monthly,1,1800,0,1800
MS03556,M01816,2024-05-21,2025-05-20,Yearly,12,15000,0,15000
MS03557,M01816,2025-05-21,2025-08-20,Quarterly,3,4800,0,4800
MS03558,M01816,2025-08-21,2025-12-31,Yearly,12,15000,0,15000
MS03559,M01817,2024-12-18,2025-03-17,Quarterly,3,4800,0,4800
MS03560,M01818,2024-09-28,2025-09-27,Yearly,12,15000,0,15000
MS03561,M01818,2025-09-28,2025-12-31,Half-Yearly,6,8500,0,8500
MS03562,M01819,2024-03-02,2025-03-01,Yearly,12,15000,0,15000
MS03563,M01819,2025-03-02,2025-04-01,Monthly,1,1800,0,1800
MS03564,M01820,2025-06-04,2025-09-03,Quarterly,3,4800,5,4560
MS03565,M01820,2025-09-04,2025-12-31,Half-Yearly,6,8500,0,8500
MS03566,M01821,2025-06-23,2025-07-22,Monthly,1,1800,5,1710
MS03567,M01822,2025-04-19,2025-05-18,Monthly,1,1800,5,1710
MS03568,M01822,2025-05-19,2025-08-18,Quarterly,3,4800,5,4560
MS03569,M01823,2025-01-28,2025-02-27,Monthly,1,1800,0,1800
MS03570,M01823,2025-02-28,2025-03-27,Monthly,1,1800,5,1710
MS03571,M01823,2025-03-28,2025-04-27,Monthly,1,1800,0,1800
MS03572,M01824,2024-09-13,2024-12-12,Quarterly,3,4800,0,4800
MS03573,M01825,2024-12-12,2025-01-11,Monthly,1,1800,5,1710
MS03574,M01825,2025-01-12,2025-07-11,Half-Yearly,6,8500,0,8500
MS03575,M01826,2024-11-28,2025-02-27,Quarterly,3,4800,5,4560
MS03576,M01826,2025-02-28,2025-03-27,Monthly,1,1800,0,1800
MS03577,M01827,2024-04-15,2024-10-14,Half-Yearly,6,8500,0,8500
MS03578,M01827,2024-10-15,2024-11-14,Monthly,1,1800,10,1620
MS03579,M01828,2024-02-22,2024-05-21,Quarterly,3,4800,0,4800
MS03580,M01829,2024-06-10,2024-07-09,Monthly,1,1800,0,1800
MS03581,M01830,2024-10-16,2025-04-15,Half-Yearly,6,8500,5,8080
MS03582,M01831,2024-04-12,2024-05-11,Monthly,1,1800,0,1800
MS03583,M01831,2024-05-12,2024-06-11,Monthly,1,1800,5,1710
MS03584,M01832,2024-03-09,2024-04-08,Monthly,1,1800,10,1620
MS03585,M01832,2024-04-09,2024-05-08,Monthly,1,1800,0,1800
MS03586,M01833,2025-06-27,2025-07-26,Monthly,1,1800,15,1530
MS03587,M01834,2024-08-27,2025-02-26,Half-Yearly,6,8500,10,7650
MS03588,M01834,2025-02-27,2025-12-31,Yearly,12,15000,5,14250
MS03589,M01835,2025-01-07,2025-02-06,Monthly,1,1800,10,1620
MS03590,M01835,2025-02-07,2025-08-06,Half-Yearly,6,8500,15,7220
MS03591,M01835,2025-08-07,2025-09-06,Monthly,1,1800,0,1800
MS03592,M01835,2025-09-07,2025-12-06,Quarterly,3,4800,0,4800
MS03593,M01835,2025-12-07,2025-12-31,Quarterly,3,4800,0,4800
MS03594,M01836,2024-11-30,2024-12-29,Monthly,1,1800,10,1620
MS03595,M01836,2024-12-30,2025-01-29,Monthly,1,1800,0,1800
MS03596,M01837,2025-04-14,2025-10-13,Half-Yearly,6,8500,0,8500
MS03597,M01837,2025-10-14,2025-12-31,Half-Yearly,6,8500,10,7650
MS03598,M01838,2025-04-17,2025-07-16,Quarterly,3,4800,0,4800
MS03599,M01838,2025-07-17,2025-12-31,Yearly,12,15000,0,15000
MS03600,M01839,2024-07-07,2024-10-06,Quarterly,3,4800,10,4320
MS03601,M01839,2024-10-07,2025-04-06,Half-Yearly,6,8500,0,8500
MS03602,M01840,2025-06-24,2025-12-31,Yearly,12,15000,10,13500
MS03603,M01841,2024-08-24,2025-08-23,Yearly,12,15000,10,13500
MS03604,M01841,2025-08-24,2025-09-23,Monthly,1,1800,0,1800
MS03605,M01841,2025-09-24,2025-12-23,Quarterly,3,4800,0,4800
MS03606,M01842,2025-06-16,2025-07-15,Monthly,1,1800,0,1800
MS03607,M01842,2025-07-16,2025-08-15,Monthly,1,1800,0,1800
MS03608,M01843,2024-09-15,2024-10-14,Monthly,1,1800,10,1620
MS03609,M01843,2024-10-15,2025-01-14,Quarterly,3,4800,5,4560
MS03610,M01843,2025-01-15,2025-02-14,Monthly,1,1800,10,1620
MS03611,M01844,2024-03-11,2024-04-10,Monthly,1,1800,5,1710
MS03612,M01844,2024-04-11,2024-05-10,Monthly,1,1800,0,1800
MS03613,M01845,2025-04-29,2025-05-28,Monthly,1,1800,5,1710
MS03614,M01845,2025-05-29,2025-06-28,Monthly,1,1800,0,1800
MS03615,M01845,2025-06-29,2025-12-28,Half-Yearly,6,8500,10,7650
MS03616,M01845,2025-12-29,2025-12-31,Monthly,1,1800,0,1800
MS03617,M01846,2024-01-20,2024-04-19,Quarterly,3,4800,10,4320
MS03618,M01846,2024-04-20,2024-07-19,Quarterly,3,4800,5,4560
MS03619,M01847,2025-05-07,2025-06-06,Monthly,1,1800,0,1800
MS03620,M01847,2025-06-07,2025-12-31,Yearly,12,15000,0,15000
MS03621,M01848,2024-01-28,2025-01-27,Yearly,12,15000,5,14250
MS03622,M01848,2025-01-28,2025-02-27,Monthly,1,1800,10,1620
MS03623,M01849,2024-05-11,2025-05-10,Yearly,12,15000,0,15000
MS03624,M01850,2025-01-19,2025-02-18,Monthly,1,1800,5,1710
MS03625,M01850,2025-02-19,2025-03-18,Monthly,1,1800,5,1710
MS03626,M01851,2025-08-23,2025-12-31,Yearly,12,15000,0,15000
MS03627,M01852,2024-09-17,2024-10-16,Monthly,1,1800,0,1800
MS03628,M01852,2024-10-17,2025-04-16,Half-Yearly,6,8500,10,7650
MS03629,M01852,2025-04-17,2025-05-16,Monthly,1,1800,5,1710
MS03630,M01853,2024-03-17,2024-06-16,Quarterly,3,4800,10,4320
MS03631,M01853,2024-06-17,2024-07-16,Monthly,1,1800,0,1800
MS03632,M01854,2024-05-28,2024-08-27,Quarterly,3,4800,0,4800
MS03633,M01855,2025-07-25,2025-10-24,Quarterly,3,4800,0,4800
MS03634,M01855,2025-10-25,2025-12-31,Half-Yearly,6,8500,5,8080
MS03635,M01856,2025-04-08,2025-05-07,Monthly,1,1800,0,1800
MS03636,M01857,2024-03-05,2024-04-04,Monthly,1,1800,0,1800
MS03637,M01857,2024-04-05,2025-04-04,Yearly,12,15000,0,15000
MS03638,M01857,2025-04-05,2025-05-04,Monthly,1,1800,5,1710
MS03639,M01858,2024-09-02,2025-09-01,Yearly,12,15000,5,14250
MS03640,M01858,2025-09-02,2025-10-01,Monthly,1,1800,10,1620
MS03641,M01859,2024-06-17,2024-07-16,Monthly,1,1800,5,1710
MS03642,M01859,2024-07-17,2024-10-16,Quarterly,3,4800,0,4800
MS03643,M01859,2024-10-17,2024-11-16,Monthly,1,1800,0,1800
MS03644,M01859,2024-11-17,2025-05-16,Half-Yearly,6,8500,5,8080
MS03645,M01859,2025-05-17,2025-06-16,Monthly,1,1800,10,1620
MS03646,M01860,2024-04-23,2024-07-22,Quarterly,3,4800,5,4560
MS03647,M01861,2025-06-24,2025-09-23,Quarterly,3,4800,0,4800
MS03648,M01861,2025-09-24,2025-10-23,Monthly,1,1800,10,1620
MS03649,M01862,2025-01-29,2025-12-31,Yearly,12,15000,0,15000
MS03650,M01863,2024-04-24,2024-07-23,Quarterly,3,4800,10,4320
MS03651,M01864,2025-02-19,2025-03-18,Monthly,1,1800,15,1530
MS03652,M01865,2024-09-20,2025-09-19,Yearly,12,15000,5,14250
MS03653,M01866,2024-02-09,2024-03-08,Monthly,1,1800,0,1800
MS03654,M01866,2024-03-09,2024-06-08,Quarterly,3,4800,15,4080
MS03655,M01867,2024-10-14,2024-11-13,Monthly,1,1800,10,1620
MS03656,M01868,2024-04-28,2024-05-27,Monthly,1,1800,5,1710
MS03657,M01869,2024-06-05,2024-09-04,Quarterly,3,4800,10,4320
MS03658,M01869,2024-09-05,2024-10-04,Monthly,1,1800,5,1710
MS03659,M01870,2025-07-14,2025-08-13,Monthly,1,1800,10,1620
MS03660,M01871,2025-03-29,2025-04-28,Monthly,1,1800,0,1800
MS03661,M01871,2025-04-29,2025-05-28,Monthly,1,1800,0,1800
MS03662,M01872,2024-03-26,2024-06-25,Quarterly,3,4800,5,4560
MS03663,M01872,2024-06-26,2024-07-25,Monthly,1,1800,10,1620
MS03664,M01873,2025-06-27,2025-12-26,Half-Yearly,6,8500,0,8500
MS03665,M01874,2025-01-01,2025-06-30,Half-Yearly,6,8500,0,8500
MS03666,M01874,2025-07-01,2025-07-31,Monthly,1,1800,10,1620
MS03667,M01875,2025-07-11,2025-08-10,Monthly,1,1800,0,1800
MS03668,M01875,2025-08-11,2025-11-10,Quarterly,3,4800,5,4560
MS03669,M01875,2025-11-11,2025-12-31,Quarterly,3,4800,15,4080
MS03670,M01876,2025-04-21,2025-07-20,Quarterly,3,4800,0,4800
MS03671,M01876,2025-07-21,2025-12-31,Half-Yearly,6,8500,15,7220
MS03672,M01877,2024-08-04,2024-09-03,Monthly,1,1800,0,1800
MS03673,M01878,2024-12-07,2025-01-06,Monthly,1,1800,5,1710
MS03674,M01878,2025-01-07,2025-04-06,Quarterly,3,4800,10,4320
MS03675,M01878,2025-04-07,2025-10-06,Half-Yearly,6,8500,10,7650
MS03676,M01878,2025-10-07,2025-12-31,Yearly,12,15000,5,14250
MS03677,M01879,2024-12-04,2025-03-03,Quarterly,3,4800,0,4800
MS03678,M01879,2025-03-04,2025-04-03,Monthly,1,1800,10,1620
MS03679,M01880,2025-04-04,2025-05-03,Monthly,1,1800,0,1800
MS03680,M01880,2025-05-04,2025-12-31,Yearly,12,15000,0,15000
MS03681,M01881,2024-06-07,2024-07-06,Monthly,1,1800,0,1800
MS03682,M01881,2024-07-07,2024-10-06,Quarterly,3,4800,0,4800
MS03683,M01882,2024-07-31,2024-10-30,Quarterly,3,4800,0,4800
MS03684,M01883,2024-06-05,2024-07-04,Monthly,1,1800,5,1710
MS03685,M01884,2024-07-07,2025-07-06,Yearly,12,15000,5,14250
MS03686,M01884,2025-07-07,2025-08-06,Monthly,1,1800,0,1800
MS03687,M01884,2025-08-07,2025-09-06,Monthly,1,1800,0,1800
MS03688,M01885,2024-04-12,2025-04-11,Yearly,12,15000,0,15000
MS03689,M01886,2024-01-24,2024-07-23,Half-Yearly,6,8500,0,8500
MS03690,M01887,2025-08-22,2025-12-31,Yearly,12,15000,5,14250
MS03691,M01888,2024-02-17,2024-03-16,Monthly,1,1800,5,1710
MS03692,M01889,2025-07-20,2025-10-19,Quarterly,3,4800,0,4800
MS03693,M01890,2024-01-02,2024-07-01,Half-Yearly,6,8500,10,7650
MS03694,M01890,2024-07-02,2024-08-01,Monthly,1,1800,0,1800
MS03695,M01891,2025-05-10,2025-06-09,Monthly,1,1800,15,1530
MS03696,M01892,2024-07-28,2024-08-27,Monthly,1,1800,10,1620
MS03697,M01892,2024-08-28,2024-09-27,Monthly,1,1800,0,1800
MS03698,M01893,2024-11-26,2025-11-25,Yearly,12,15000,0,15000
MS03699,M01893,2025-11-26,2025-12-25,Monthly,1,1800,0,1800
MS03700,M01894,2024-06-29,2024-12-28,Half-Yearly,6,8500,15,7220
MS03701,M01894,2024-12-29,2025-01-28,Monthly,1,1800,0,1800
MS03702,M01894,2025-01-29,2025-12-31,Yearly,12,15000,5,14250
MS03703,M01895,2024-11-09,2024-12-08,Monthly,1,1800,0,1800
MS03704,M01896,2024-10-15,2024-11-14,Monthly,1,1800,15,1530
MS03705,M01896,2024-11-15,2025-05-14,Half-Yearly,6,8500,0,8500
MS03706,M01896,2025-05-15,2025-06-14,Monthly,1,1800,0,1800
MS03707,M01897,2024-12-03,2025-06-02,Half-Yearly,6,8500,0,8500
MS03708,M01897,2025-06-03,2025-09-02,Quarterly,3,4800,5,4560
MS03709,M01897,2025-09-03,2025-10-02,Monthly,1,1800,0,1800
MS03710,M01898,2024-09-07,2024-10-06,Monthly,1,1800,5,1710
MS03711,M01899,2024-12-08,2025-01-07,Monthly,1,1800,0,1800
MS03712,M01899,2025-01-08,2025-04-07,Quarterly,3,4800,5,4560
MS03713,M01899,2025-04-08,2025-05-07,Monthly,1,1800,5,1710
MS03714,M01900,2025-06-10,2025-07-09,Monthly,1,1800,10,1620
MS03715,M01900,2025-07-10,2025-08-09,Monthly,1,1800,0,1800
MS03716,M01901,2024-10-04,2025-01-03,Quarterly,3,4800,5,4560
MS03717,M01901,2025-01-04,2025-02-03,Monthly,1,1800,0,1800
MS03718,M01901,2025-02-04,2025-05-03,Quarterly,3,4800,0,4800
MS03719,M01901,2025-05-04,2025-06-03,Monthly,1,1800,0,1800
MS03720,M01902,2024-08-18,2024-09-17,Monthly,1,1800,5,1710
MS03721,M01902,2024-09-18,2024-10-17,Monthly,1,1800,0,1800
MS03722,M01902,2024-10-18,2025-04-17,Half-Yearly,6,8500,0,8500
MS03723,M01902,2025-04-18,2025-05-17,Monthly,1,1800,0,1800
MS03724,M01903,2024-03-25,2025-03-24,Yearly,12,15000,0,15000
MS03725,M01903,2025-03-25,2025-06-24,Quarterly,3,4800,5,4560
MS03726,M01903,2025-06-25,2025-07-24,Monthly,1,1800,0,1800
MS03727,M01903,2025-07-25,2025-08-24,Monthly,1,1800,5,1710
MS03728,M01904,2024-08-17,2024-09-16,Monthly,1,1800,10,1620
MS03729,M01904,2024-09-17,2024-10-16,Monthly,1,1800,5,1710
MS03730,M01904,2024-10-17,2025-10-16,Yearly,12,15000,15,12750
MS03731,M01904,2025-10-17,2025-11-16,Monthly,1,1800,0,1800
MS03732,M01905,2024-03-21,2024-04-20,Monthly,1,1800,10,1620
MS03733,M01905,2024-04-21,2024-07-20,Quarterly,3,4800,0,4800
MS03734,M01906,2024-04-26,2024-07-25,Quarterly,3,4800,0,4800
MS03735,M01906,2024-07-26,2024-08-25,Monthly,1,1800,5,1710
MS03736,M01907,2025-08-30,2025-09-29,Monthly,1,1800,10,1620
MS03737,M01907,2025-09-30,2025-12-31,Half-Yearly,6,8500,10,7650
MS03738,M01908,2024-02-27,2025-02-26,Yearly,12,15000,0,15000
MS03739,M01908,2025-02-27,2025-03-26,Monthly,1,1800,0,1800
MS03740,M01909,2024-11-03,2025-05-02,Half-Yearly,6,8500,15,7220
MS03741,M01909,2025-05-03,2025-11-02,Half-Yearly,6,8500,10,7650
MS03742,M01910,2025-06-16,2025-07-15,Monthly,1,1800,0,1800
MS03743,M01911,2025-08-31,2025-12-31,Half-Yearly,6,8500,5,8080
MS03744,M01912,2024-04-03,2025-04-02,Yearly,12,15000,5,14250
MS03745,M01913,2024-04-14,2024-07-13,Quarterly,3,4800,5,4560
MS03746,M01913,2024-07-14,2025-07-13,Yearly,12,15000,10,13500
MS03747,M01913,2025-07-14,2025-08-13,Monthly,1,1800,5,1710
MS03748,M01914,2024-08-25,2025-08-24,Yearly,12,15000,15,12750
MS03749,M01914,2025-08-25,2025-12-31,Half-Yearly,6,8500,0,8500
MS03750,M01915,2024-12-19,2025-01-18,Monthly,1,1800,10,1620
MS03751,M01915,2025-01-19,2025-12-31,Yearly,12,15000,5,14250
MS03752,M01916,2025-09-04,2025-12-03,Quarterly,3,4800,5,4560
MS03753,M01917,2024-05-12,2024-08-11,Quarterly,3,4800,5,4560
MS03754,M01917,2024-08-12,2025-02-11,Half-Yearly,6,8500,15,7220
MS03755,M01918,2024-04-14,2024-05-13,Monthly,1,1800,10,1620
MS03756,M01918,2024-05-14,2025-05-13,Yearly,12,15000,0,15000
MS03757,M01918,2025-05-14,2025-06-13,Monthly,1,1800,10,1620
MS03758,M01919,2024-06-10,2024-09-09,Quarterly,3,4800,0,4800
MS03759,M01920,2025-07-11,2025-08-10,Monthly,1,1800,0,1800
MS03760,M01921,2024-01-20,2024-04-19,Quarterly,3,4800,5,4560
MS03761,M01921,2024-04-20,2024-07-19,Quarterly,3,4800,0,4800
MS03762,M01921,2024-07-20,2024-08-19,Monthly,1,1800,10,1620
MS03763,M01921,2024-08-20,2024-09-19,Monthly,1,1800,0,1800
MS03764,M01922,2024-03-16,2024-04-15,Monthly,1,1800,5,1710
MS03765,M01922,2024-04-16,2024-05-15,Monthly,1,1800,5,1710
MS03766,M01922,2024-05-16,2024-08-15,Quarterly,3,4800,5,4560
MS03767,M01923,2024-04-10,2024-07-09,Quarterly,3,4800,0,4800
MS03768,M01923,2024-07-10,2024-08-09,Monthly,1,1800,10,1620
MS03769,M01923,2024-08-10,2024-09-09,Monthly,1,1800,5,1710
MS03770,M01924,2025-08-07,2025-12-31,Yearly,12,15000,0,15000
MS03771,M01925,2024-01-02,2024-04-01,Quarterly,3,4800,10,4320
MS03772,M01925,2024-04-02,2024-05-01,Monthly,1,1800,0,1800
MS03773,M01926,2024-07-24,2024-08-23,Monthly,1,1800,0,1800
MS03774,M01926,2024-08-24,2025-02-23,Half-Yearly,6,8500,0,8500
MS03775,M01926,2025-02-24,2025-08-23,Half-Yearly,6,8500,10,7650
MS03776,M01927,2025-08-07,2025-11-06,Quarterly,3,4800,0,4800
MS03777,M01927,2025-11-07,2025-12-06,Monthly,1,1800,0,1800
MS03778,M01927,2025-12-07,2025-12-31,Quarterly,3,4800,0,4800
MS03779,M01928,2025-01-22,2025-02-21,Monthly,1,1800,15,1530
MS03780,M01929,2024-02-15,2024-03-14,Monthly,1,1800,0,1800
MS03781,M01930,2024-10-23,2025-10-22,Yearly,12,15000,0,15000
MS03782,M01930,2025-10-23,2025-12-31,Yearly,12,15000,5,14250
MS03783,M01931,2025-09-11,2025-10-10,Monthly,1,1800,10,1620
MS03784,M01932,2024-09-12,2024-10-11,Monthly,1,1800,10,1620
MS03785,M01932,2024-10-12,2024-11-11,Monthly,1,1800,5,1710
MS03786,M01933,2024-12-03,2025-12-02,Yearly,12,15000,5,14250
MS03787,M01933,2025-12-03,2025-12-31,Monthly,1,1800,5,1710
MS03788,M01934,2024-12-05,2025-03-04,Quarterly,3,4800,0,4800
MS03789,M01934,2025-03-05,2025-04-04,Monthly,1,1800,5,1710
MS03790,M01934,2025-04-05,2025-07-04,Quarterly,3,4800,0,4800
MS03791,M01935,2025-02-25,2025-05-24,Quarterly,3,4800,10,4320
MS03792,M01936,2024-04-29,2024-10-28,Half-Yearly,6,8500,10,7650
MS03793,M01936,2024-10-29,2024-11-28,Monthly,1,1800,5,1710
MS03794,M01937,2025-06-19,2025-09-18,Quarterly,3,4800,5,4560
MS03795,M01937,2025-09-19,2025-10-18,Monthly,1,1800,5,1710
MS03796,M01938,2025-09-22,2025-12-31,Half-Yearly,6,8500,5,8080
MS03797,M01939,2024-03-31,2024-04-29,Monthly,1,1800,0,1800
MS03798,M01939,2024-04-30,2024-10-29,Half-Yearly,6,8500,5,8080
MS03799,M01940,2025-06-06,2025-09-05,Quarterly,3,4800,0,4800
MS03800,M01940,2025-09-06,2025-10-05,Monthly,1,1800,0,1800
MS03801,M01941,2025-06-05,2025-07-04,Monthly,1,1800,0,1800
MS03802,M01942,2025-04-18,2025-07-17,Quarterly,3,4800,0,4800
MS03803,M01943,2024-08-24,2024-09-23,Monthly,1,1800,5,1710
MS03804,M01944,2024-10-26,2025-01-25,Quarterly,3,4800,10,4320
MS03805,M01944,2025-01-26,2025-02-25,Monthly,1,1800,5,1710
MS03806,M01944,2025-02-26,2025-03-25,Monthly,1,1800,0,1800
MS03807,M01944,2025-03-26,2025-04-25,Monthly,1,1800,5,1710
MS03808,M01945,2025-06-19,2025-12-18,Half-Yearly,6,8500,5,8080
MS03809,M01946,2024-04-07,2024-07-06,Quarterly,3,4800,5,4560
MS03810,M01947,2025-08-10,2025-12-31,Half-Yearly,6,8500,10,7650
MS03811,M01948,2025-03-11,2025-04-10,Monthly,1,1800,15,1530
MS03812,M01948,2025-04-11,2025-05-10,Monthly,1,1800,0,1800
MS03813,M01949,2024-08-05,2024-09-04,Monthly,1,1800,0,1800
MS03814,M01949,2024-09-05,2024-12-04,Quarterly,3,4800,0,4800
MS03815,M01949,2024-12-05,2025-03-04,Quarterly,3,4800,10,4320
MS03816,M01950,2024-12-22,2025-01-21,Monthly,1,1800,15,1530
MS03817,M01951,2024-02-01,2024-02-29,Monthly,1,1800,0,1800
MS03818,M01952,2025-08-17,2025-12-31,Half-Yearly,6,8500,10,7650
MS03819,M01953,2024-08-06,2025-08-05,Yearly,12,15000,5,14250
MS03820,M01953,2025-08-06,2025-09-05,Monthly,1,1800,0,1800
MS03821,M01953,2025-09-06,2025-10-05,Monthly,1,1800,0,1800
MS03822,M01954,2024-02-06,2024-03-05,Monthly,1,1800,10,1620
MS03823,M01955,2025-05-21,2025-06-20,Monthly,1,1800,0,1800
MS03824,M01955,2025-06-21,2025-12-20,Half-Yearly,6,8500,10,7650
MS03825,M01955,2025-12-21,2025-12-31,Quarterly,3,4800,10,4320
MS03826,M01956,2025-02-23,2025-05-22,Quarterly,3,4800,5,4560
MS03827,M01956,2025-05-23,2025-12-31,Yearly,12,15000,0,15000
MS03828,M01957,2025-02-01,2025-04-30,Quarterly,3,4800,0,4800
MS03829,M01958,2024-02-04,2024-03-03,Monthly,1,1800,0,1800
MS03830,M01958,2024-03-04,2025-03-03,Yearly,12,15000,10,13500
MS03831,M01958,2025-03-04,2025-04-03,Monthly,1,1800,15,1530
MS03832,M01959,2025-04-24,2025-05-23,Monthly,1,1800,0,1800
MS03833,M01959,2025-05-24,2025-06-23,Monthly,1,1800,5,1710
MS03834,M01960,2025-02-10,2025-05-09,Quarterly,3,4800,0,4800
MS03835,M01961,2025-05-21,2025-08-20,Quarterly,3,4800,10,4320
MS03836,M01961,2025-08-21,2025-09-20,Monthly,1,1800,0,1800
MS03837,M01961,2025-09-21,2025-12-20,Quarterly,3,4800,5,4560
MS03838,M01961,2025-12-21,2025-12-31,Quarterly,3,4800,5,4560
MS03839,M01962,2025-06-11,2025-12-10,Half-Yearly,6,8500,10,7650
MS03840,M01963,2024-05-15,2024-06-14,Monthly,1,1800,10,1620
MS03841,M01963,2024-06-15,2024-09-14,Quarterly,3,4800,15,4080
MS03842,M01963,2024-09-15,2024-10-14,Monthly,1,1800,0,1800
MS03843,M01964,2024-05-14,2024-06-13,Monthly,1,1800,10,1620
MS03844,M01964,2024-06-14,2024-07-13,Monthly,1,1800,0,1800
MS03845,M01965,2025-08-12,2025-09-11,Monthly,1,1800,10,1620
MS03846,M01966,2024-12-04,2025-12-03,Yearly,12,15000,0,15000
MS03847,M01966,2025-12-04,2025-12-31,Monthly,1,1800,0,1800
MS03848,M01967,2024-10-06,2024-11-05,Monthly,1,1800,15,1530
MS03849,M01967,2024-11-06,2024-12-05,Monthly,1,1800,5,1710
MS03850,M01968,2024-07-02,2024-08-01,Monthly,1,1800,15,1530
MS03851,M01968,2024-08-02,2024-11-01,Quarterly,3,4800,0,4800
MS03852,M01968,2024-11-02,2025-02-01,Quarterly,3,4800,10,4320
MS03853,M01968,2025-02-02,2025-03-01,Monthly,1,1800,0,1800
MS03854,M01969,2025-02-11,2025-03-10,Monthly,1,1800,5,1710
MS03855,M01969,2025-03-11,2025-04-10,Monthly,1,1800,0,1800
MS03856,M01969,2025-04-11,2025-07-10,Quarterly,3,4800,0,4800
MS03857,M01970,2025-04-26,2025-05-25,Monthly,1,1800,0,1800
MS03858,M01970,2025-05-26,2025-06-25,Monthly,1,1800,0,1800
MS03859,M01970,2025-06-26,2025-07-25,Monthly,1,1800,0,1800
MS03860,M01970,2025-07-26,2025-08-25,Monthly,1,1800,0,1800
MS03861,M01970,2025-08-26,2025-09-25,Monthly,1,1800,5,1710
MS03862,M01970,2025-09-26,2025-12-31,Yearly,12,15000,0,15000
MS03863,M01971,2024-01-02,2024-07-01,Half-Yearly,6,8500,0,8500
MS03864,M01971,2024-07-02,2025-01-01,Half-Yearly,6,8500,5,8080
MS03865,M01971,2025-01-02,2025-02-01,Monthly,1,1800,0,1800
MS03866,M01971,2025-02-02,2025-08-01,Half-Yearly,6,8500,0,8500
MS03867,M01971,2025-08-02,2025-12-31,Yearly,12,15000,15,12750
MS03868,M01972,2024-12-18,2025-03-17,Quarterly,3,4800,5,4560
MS03869,M01973,2025-09-25,2025-12-31,Yearly,12,15000,5,14250
MS03870,M01974,2024-06-28,2024-07-27,Monthly,1,1800,5,1710
MS03871,M01975,2024-06-28,2024-09-27,Quarterly,3,4800,5,4560
MS03872,M01975,2024-09-28,2024-12-27,Quarterly,3,4800,15,4080
MS03873,M01975,2024-12-28,2025-06-27,Half-Yearly,6,8500,5,8080
MS03874,M01975,2025-06-28,2025-07-27,Monthly,1,1800,5,1710
MS03875,M01976,2025-07-14,2025-08-13,Monthly,1,1800,10,1620
MS03876,M01977,2024-02-09,2024-03-08,Monthly,1,1800,0,1800
MS03877,M01977,2024-03-09,2024-04-08,Monthly,1,1800,0,1800
MS03878,M01977,2024-04-09,2025-04-08,Yearly,12,15000,5,14250
MS03879,M01978,2024-09-10,2024-12-09,Quarterly,3,4800,5,4560
MS03880,M01979,2024-10-19,2024-11-18,Monthly,1,1800,5,1710
MS03881,M01980,2025-05-24,2025-12-31,Yearly,12,15000,0,15000
MS03882,M01981,2024-03-23,2024-06-22,Quarterly,3,4800,0,4800
MS03883,M01981,2024-06-23,2024-07-22,Monthly,1,1800,0,1800
MS03884,M01981,2024-07-23,2024-08-22,Monthly,1,1800,10,1620
MS03885,M01982,2024-10-03,2025-04-02,Half-Yearly,6,8500,5,8080
MS03886,M01983,2024-04-07,2024-07-06,Quarterly,3,4800,0,4800
MS03887,M01983,2024-07-07,2024-08-06,Monthly,1,1800,5,1710
MS03888,M01983,2024-08-07,2025-08-06,Yearly,12,15000,0,15000
MS03889,M01983,2025-08-07,2025-09-06,Monthly,1,1800,0,1800
MS03890,M01984,2025-05-17,2025-08-16,Quarterly,3,4800,0,4800
MS03891,M01985,2025-02-07,2025-03-06,Monthly,1,1800,0,1800
MS03892,M01985,2025-03-07,2025-04-06,Monthly,1,1800,5,1710
MS03893,M01986,2024-09-07,2024-10-06,Monthly,1,1800,5,1710
MS03894,M01987,2024-04-07,2024-05-06,Monthly,1,1800,5,1710
MS03895,M01987,2024-05-07,2024-06-06,Monthly,1,1800,0,1800
MS03896,M01987,2024-06-07,2024-09-06,Quarterly,3,4800,10,4320
MS03897,M01987,2024-09-07,2025-09-06,Yearly,12,15000,0,15000
MS03898,M01987,2025-09-07,2025-12-06,Quarterly,3,4800,5,4560
MS03899,M01988,2025-08-11,2025-09-10,Monthly,1,1800,0,1800
MS03900,M01989,2025-02-17,2025-05-16,Quarterly,3,4800,10,4320
MS03901,M01990,2024-07-22,2024-08-21,Monthly,1,1800,10,1620
MS03902,M01991,2024-09-21,2024-12-20,Quarterly,3,4800,0,4800
MS03903,M01992,2025-04-08,2025-10-07,Half-Yearly,6,8500,0,8500
MS03904,M01992,2025-10-08,2025-12-31,Quarterly,3,4800,10,4320
MS03905,M01993,2025-04-04,2025-10-03,Half-Yearly,6,8500,0,8500
MS03906,M01993,2025-10-04,2025-12-31,Quarterly,3,4800,0,4800
MS03907,M01994,2024-10-21,2025-01-20,Quarterly,3,4800,0,4800
MS03908,M01994,2025-01-21,2025-02-20,Monthly,1,1800,0,1800
MS03909,M01994,2025-02-21,2025-03-20,Monthly,1,1800,15,1530
MS03910,M01995,2024-07-12,2024-10-11,Quarterly,3,4800,0,4800
MS03911,M01995,2024-10-12,2025-10-11,Yearly,12,15000,5,14250
MS03912,M01996,2025-02-25,2025-03-24,Monthly,1,1800,5,1710
MS03913,M01997,2025-02-23,2025-03-22,Monthly,1,1800,10,1620
MS03914,M01997,2025-03-23,2025-04-22,Monthly,1,1800,0,1800
MS03915,M01998,2025-01-17,2025-07-16,Half-Yearly,6,8500,0,8500
MS03916,M01999,2024-02-16,2024-03-15,Monthly,1,1800,10,1620
MS03917,M02000,2024-10-28,2025-10-27,Yearly,12,15000,10,13500
MS03918,M02000,2025-10-28,2025-11-27,Monthly,1,1800,10,1620
MS03919,M02001,2025-01-26,2025-04-25,Quarterly,3,4800,5,4560
MS03920,M02001,2025-04-26,2025-05-25,Monthly,1,1800,0,1800
MS03921,M02002,2025-08-29,2025-11-28,Quarterly,3,4800,5,4560
MS03922,M02002,2025-11-29,2025-12-28,Monthly,1,1800,0,1800
MS03923,M02002,2025-12-29,2025-12-31,Monthly,1,1800,5,1710
MS03924,M02003,2024-12-01,2025-11-30,Yearly,12,15000,0,15000
MS03925,M02004,2024-08-06,2024-11-05,Quarterly,3,4800,0,4800
MS03926,M02005,2024-12-20,2025-12-19,Yearly,12,15000,0,15000
MS03927,M02005,2025-12-20,2025-12-31,Monthly,1,1800,0,1800
MS03928,M02006,2024-04-23,2024-05-22,Monthly,1,1800,5,1710
MS03929,M02006,2024-05-23,2024-08-22,Quarterly,3,4800,10,4320
MS03930,M02007,2024-02-27,2024-03-26,Monthly,1,1800,0,1800
MS03931,M02007,2024-03-27,2024-04-26,Monthly,1,1800,0,1800
MS03932,M02008,2025-03-08,2025-06-07,Quarterly,3,4800,0,4800
MS03933,M02008,2025-06-08,2025-12-07,Half-Yearly,6,8500,15,7220
MS03934,M02008,2025-12-08,2025-12-31,Quarterly,3,4800,5,4560
MS03935,M02009,2025-09-21,2025-12-31,Yearly,12,15000,0,15000
MS03936,M02010,2025-06-23,2025-07-22,Monthly,1,1800,5,1710
MS03937,M02011,2025-01-07,2025-07-06,Half-Yearly,6,8500,0,8500
MS03938,M02011,2025-07-07,2025-10-06,Quarterly,3,4800,5,4560
MS03939,M02011,2025-10-07,2025-12-31,Quarterly,3,4800,5,4560
MS03940,M02012,2024-01-26,2024-04-25,Quarterly,3,4800,0,4800
MS03941,M02013,2025-09-22,2025-10-21,Monthly,1,1800,10,1620
MS03942,M02013,2025-10-22,2025-11-21,Monthly,1,1800,0,1800
MS03943,M02014,2024-10-13,2024-11-12,Monthly,1,1800,5,1710
MS03944,M02014,2024-11-13,2025-05-12,Half-Yearly,6,8500,0,8500
MS03945,M02014,2025-05-13,2025-06-12,Monthly,1,1800,0,1800
MS03946,M02014,2025-06-13,2025-09-12,Quarterly,3,4800,0,4800
MS03947,M02015,2024-07-03,2024-08-02,Monthly,1,1800,5,1710
MS03948,M02015,2024-08-03,2024-09-02,Monthly,1,1800,10,1620
MS03949,M02016,2025-07-23,2025-10-22,Quarterly,3,4800,10,4320
MS03950,M02016,2025-10-23,2025-12-31,Yearly,12,15000,0,15000
MS03951,M02017,2025-04-21,2025-10-20,Half-Yearly,6,8500,0,8500
MS03952,M02017,2025-10-21,2025-12-31,Yearly,12,15000,0,15000
MS03953,M02018,2025-04-23,2025-07-22,Quarterly,3,4800,0,4800
MS03954,M02018,2025-07-23,2025-12-31,Half-Yearly,6,8500,10,7650
MS03955,M02019,2024-06-26,2025-06-25,Yearly,12,15000,0,15000
MS03956,M02019,2025-06-26,2025-07-25,Monthly,1,1800,0,1800
MS03957,M02020,2025-09-24,2025-10-23,Monthly,1,1800,0,1800
MS03958,M02021,2024-10-15,2025-01-14,Quarterly,3,4800,5,4560
MS03959,M02021,2025-01-15,2025-12-31,Yearly,12,15000,5,14250
MS03960,M02022,2024-12-05,2025-12-04,Yearly,12,15000,10,13500
MS03961,M02022,2025-12-05,2025-12-31,Quarterly,3,4800,0,4800
MS03962,M02023,2025-04-24,2025-07-23,Quarterly,3,4800,0,4800
MS03963,M02023,2025-07-24,2025-12-31,Half-Yearly,6,8500,0,8500
MS03964,M02024,2025-02-25,2025-08-24,Half-Yearly,6,8500,10,7650
MS03965,M02024,2025-08-25,2025-12-31,Yearly,12,15000,0,15000
MS03966,M02025,2024-04-19,2024-05-18,Monthly,1,1800,0,1800
MS03967,M02025,2024-05-19,2024-11-18,Half-Yearly,6,8500,10,7650
MS03968,M02025,2024-11-19,2025-02-18,Quarterly,3,4800,0,4800
MS03969,M02026,2024-07-11,2024-08-10,Monthly,1,1800,10,1620
MS03970,M02027,2024-08-18,2024-09-17,Monthly,1,1800,0,1800
MS03971,M02028,2025-08-27,2025-12-31,Yearly,12,15000,5,14250
MS03972,M02029,2025-03-31,2025-12-31,Yearly,12,15000,0,15000
MS03973,M02030,2024-08-21,2024-11-20,Quarterly,3,4800,0,4800
MS03974,M02031,2025-04-13,2025-05-12,Monthly,1,1800,5,1710
MS03975,M02032,2025-04-16,2025-10-15,Half-Yearly,6,8500,5,8080
MS03976,M02032,2025-10-16,2025-11-15,Monthly,1,1800,10,1620
MS03977,M02032,2025-11-16,2025-12-31,Quarterly,3,4800,10,4320
MS03978,M02033,2024-09-08,2024-10-07,Monthly,1,1800,0,1800
MS03979,M02034,2024-09-14,2024-10-13,Monthly,1,1800,0,1800
MS03980,M02034,2024-10-14,2024-11-13,Monthly,1,1800,0,1800
MS03981,M02035,2025-07-24,2025-10-23,Quarterly,3,4800,5,4560
MS03982,M02035,2025-10-24,2025-12-31,Yearly,12,15000,5,14250
MS03983,M02036,2024-12-24,2025-03-23,Quarterly,3,4800,0,4800
MS03984,M02037,2024-04-05,2024-05-04,Monthly,1,1800,15,1530
MS03985,M02038,2025-04-04,2025-05-03,Monthly,1,1800,0,1800
MS03986,M02039,2025-01-11,2025-02-10,Monthly,1,1800,0,1800
MS03987,M02040,2024-11-20,2024-12-19,Monthly,1,1800,0,1800
MS03988,M02040,2024-12-20,2025-03-19,Quarterly,3,4800,5,4560
MS03989,M02041,2025-04-07,2025-12-31,Yearly,12,15000,0,15000
MS03990,M02042,2024-07-29,2024-08-28,Monthly,1,1800,0,1800
MS03991,M02042,2024-08-29,2024-09-28,Monthly,1,1800,10,1620
MS03992,M02042,2024-09-29,2025-09-28,Yearly,12,15000,10,13500
MS03993,M02042,2025-09-29,2025-12-31,Half-Yearly,6,8500,5,8080
MS03994,M02043,2024-09-24,2024-12-23,Quarterly,3,4800,0,4800
MS03995,M02043,2024-12-24,2025-06-23,Half-Yearly,6,8500,5,8080
MS03996,M02043,2025-06-24,2025-09-23,Quarterly,3,4800,15,4080
MS03997,M02043,2025-09-24,2025-10-23,Monthly,1,1800,0,1800
MS03998,M02044,2024-04-30,2024-07-29,Quarterly,3,4800,0,4800
MS03999,M02044,2024-07-30,2024-10-29,Quarterly,3,4800,0,4800
MS04000,M02045,2025-02-16,2025-05-15,Quarterly,3,4800,0,4800
MS04001,M02046,2024-09-13,2024-10-12,Monthly,1,1800,0,1800
MS04002,M02046,2024-10-13,2024-11-12,Monthly,1,1800,5,1710
MS04003,M02046,2024-11-13,2024-12-12,Monthly,1,1800,15,1530
MS04004,M02046,2024-12-13,2025-01-12,Monthly,1,1800,0,1800
MS04005,M02047,2024-08-06,2024-09-05,Monthly,1,1800,0,1800
MS04006,M02048,2025-03-20,2025-04-19,Monthly,1,1800,10,1620
MS04007,M02049,2024-09-17,2025-03-16,Half-Yearly,6,8500,0,8500
MS04008,M02050,2024-10-23,2024-11-22,Monthly,1,1800,0,1800
MS04009,M02051,2024-10-07,2024-11-06,Monthly,1,1800,0,1800
MS04010,M02052,2024-06-13,2024-07-12,Monthly,1,1800,0,1800
MS04011,M02053,2024-03-21,2024-04-20,Monthly,1,1800,5,1710
MS04012,M02054,2025-06-11,2025-07-10,Monthly,1,1800,0,1800
MS04013,M02054,2025-07-11,2025-08-10,Monthly,1,1800,0,1800
MS04014,M02055,2024-02-28,2024-03-27,Monthly,1,1800,5,1710
MS04015,M02055,2024-03-28,2024-04-27,Monthly,1,1800,0,1800
MS04016,M02055,2024-04-28,2024-07-27,Quarterly,3,4800,5,4560
MS04017,M02056,2024-07-26,2024-08-25,Monthly,1,1800,0,1800
MS04018,M02057,2025-03-01,2025-08-31,Half-Yearly,6,8500,0,8500
MS04019,M02057,2025-09-01,2025-09-30,Monthly,1,1800,0,1800
MS04020,M02058,2024-03-24,2024-04-23,Monthly,1,1800,15,1530
MS04021,M02059,2025-02-22,2025-08-21,Half-Yearly,6,8500,0,8500
MS04022,M02059,2025-08-22,2025-12-31,Half-Yearly,6,8500,0,8500
MS04023,M02060,2025-04-12,2025-05-11,Monthly,1,1800,0,1800
MS04024,M02061,2025-02-26,2025-05-25,Quarterly,3,4800,10,4320
MS04025,M02061,2025-05-26,2025-11-25,Half-Yearly,6,8500,5,8080
MS04026,M02061,2025-11-26,2025-12-31,Half-Yearly,6,8500,0,8500
MS04027,M02062,2024-07-13,2025-01-12,Half-Yearly,6,8500,0,8500
MS04028,M02062,2025-01-13,2025-02-12,Monthly,1,1800,10,1620
MS04029,M02062,2025-02-13,2025-03-12,Monthly,1,1800,0,1800
MS04030,M02062,2025-03-13,2025-04-12,Monthly,1,1800,10,1620
MS04031,M02063,2024-01-13,2025-01-12,Yearly,12,15000,5,14250
MS04032,M02063,2025-01-13,2025-02-12,Monthly,1,1800,5,1710
MS04033,M02063,2025-02-13,2025-05-12,Quarterly,3,4800,0,4800
MS04034,M02064,2025-07-20,2025-08-19,Monthly,1,1800,0,1800
MS04035,M02065,2024-07-27,2024-08-26,Monthly,1,1800,0,1800
MS04036,M02065,2024-08-27,2024-09-26,Monthly,1,1800,5,1710
MS04037,M02066,2025-05-28,2025-11-27,Half-Yearly,6,8500,5,8080
MS04038,M02067,2024-05-06,2024-06-05,Monthly,1,1800,10,1620
MS04039,M02068,2024-04-13,2024-05-12,Monthly,1,1800,15,1530
MS04040,M02069,2025-05-11,2025-06-10,Monthly,1,1800,10,1620
MS04041,M02069,2025-06-11,2025-07-10,Monthly,1,1800,0,1800
MS04042,M02070,2025-08-22,2025-09-21,Monthly,1,1800,0,1800
MS04043,M02070,2025-09-22,2025-10-21,Monthly,1,1800,5,1710
MS04044,M02070,2025-10-22,2025-11-21,Monthly,1,1800,0,1800
MS04045,M02070,2025-11-22,2025-12-31,Quarterly,3,4800,10,4320
MS04046,M02071,2025-07-03,2025-08-02,Monthly,1,1800,0,1800
MS04047,M02072,2025-04-24,2025-05-23,Monthly,1,1800,5,1710
MS04048,M02073,2024-06-06,2024-07-05,Monthly,1,1800,0,1800
MS04049,M02074,2025-08-05,2025-09-04,Monthly,1,1800,5,1710
MS04050,M02075,2025-03-02,2025-04-01,Monthly,1,1800,10,1620
MS04051,M02075,2025-04-02,2025-05-01,Monthly,1,1800,5,1710
MS04052,M02076,2024-04-19,2024-05-18,Monthly,1,1800,5,1710
MS04053,M02076,2024-05-19,2024-08-18,Quarterly,3,4800,0,4800
MS04054,M02076,2024-08-19,2025-08-18,Yearly,12,15000,5,14250
MS04055,M02076,2025-08-19,2025-12-31,Yearly,12,15000,0,15000
MS04056,M02077,2024-03-23,2024-06-22,Quarterly,3,4800,10,4320
MS04057,M02077,2024-06-23,2024-09-22,Quarterly,3,4800,5,4560
MS04058,M02077,2024-09-23,2025-09-22,Yearly,12,15000,0,15000
MS04059,M02077,2025-09-23,2025-12-22,Quarterly,3,4800,0,4800
MS04060,M02078,2025-07-09,2025-08-08,Monthly,1,1800,0,1800
MS04061,M02079,2024-06-24,2025-06-23,Yearly,12,15000,5,14250
MS04062,M02079,2025-06-24,2025-07-23,Monthly,1,1800,10,1620
MS04063,M02080,2025-05-03,2025-08-02,Quarterly,3,4800,5,4560
MS04064,M02080,2025-08-03,2025-09-02,Monthly,1,1800,0,1800
MS04065,M02080,2025-09-03,2025-10-02,Monthly,1,1800,5,1710
MS04066,M02081,2024-03-29,2024-04-28,Monthly,1,1800,10,1620
MS04067,M02081,2024-04-29,2024-07-28,Quarterly,3,4800,10,4320
MS04068,M02082,2024-06-27,2024-12-26,Half-Yearly,6,8500,10,7650
MS04069,M02082,2024-12-27,2025-03-26,Quarterly,3,4800,10,4320
MS04070,M02082,2025-03-27,2025-06-26,Quarterly,3,4800,0,4800
MS04071,M02082,2025-06-27,2025-07-26,Monthly,1,1800,5,1710
MS04072,M02082,2025-07-27,2025-08-26,Monthly,1,1800,0,1800
MS04073,M02083,2024-06-29,2025-06-28,Yearly,12,15000,0,15000
MS04074,M02083,2025-06-29,2025-09-28,Quarterly,3,4800,5,4560
MS04075,M02083,2025-09-29,2025-12-28,Quarterly,3,4800,10,4320
MS04076,M02083,2025-12-29,2025-12-31,Quarterly,3,4800,0,4800
MS04077,M02084,2024-06-28,2024-12-27,Half-Yearly,6,8500,5,8080
MS04078,M02085,2025-03-06,2025-04-05,Monthly,1,1800,10,1620
MS04079,M02086,2025-08-06,2025-12-31,Half-Yearly,6,8500,5,8080
MS04080,M02087,2025-08-03,2025-09-02,Monthly,1,1800,0,1800
MS04081,M02088,2025-04-18,2025-05-17,Monthly,1,1800,5,1710
MS04082,M02088,2025-05-18,2025-08-17,Quarterly,3,4800,0,4800
MS04083,M02088,2025-08-18,2025-09-17,Monthly,1,1800,0,1800
MS04084,M02088,2025-09-18,2025-12-31,Yearly,12,15000,5,14250
MS04085,M02089,2024-05-09,2025-05-08,Yearly,12,15000,5,14250
MS04086,M02089,2025-05-09,2025-08-08,Quarterly,3,4800,0,4800
MS04087,M02089,2025-08-09,2025-12-31,Yearly,12,15000,0,15000
MS04088,M02090,2025-09-04,2025-12-31,Half-Yearly,6,8500,0,8500
MS04089,M02091,2024-12-11,2025-03-10,Quarterly,3,4800,0,4800
MS04090,M02091,2025-03-11,2025-04-10,Monthly,1,1800,10,1620
MS04091,M02092,2024-12-14,2025-06-13,Half-Yearly,6,8500,0,8500
MS04092,M02092,2025-06-14,2025-09-13,Quarterly,3,4800,5,4560
MS04093,M02092,2025-09-14,2025-10-13,Monthly,1,1800,0,1800
MS04094,M02092,2025-10-14,2025-12-31,Quarterly,3,4800,15,4080
MS04095,M02093,2025-03-23,2025-06-22,Quarterly,3,4800,0,4800
MS04096,M02093,2025-06-23,2025-07-22,Monthly,1,1800,0,1800
MS04097,M02093,2025-07-23,2025-10-22,Quarterly,3,4800,5,4560
MS04098,M02094,2025-05-05,2025-08-04,Quarterly,3,4800,0,4800
MS04099,M02094,2025-08-05,2025-09-04,Monthly,1,1800,0,1800
MS04100,M02094,2025-09-05,2025-12-31,Yearly,12,15000,15,12750
MS04101,M02095,2025-08-30,2025-11-29,Quarterly,3,4800,5,4560
MS04102,M02095,2025-11-30,2025-12-31,Quarterly,3,4800,0,4800
MS04103,M02096,2025-01-06,2025-07-05,Half-Yearly,6,8500,0,8500
MS04104,M02096,2025-07-06,2025-12-31,Half-Yearly,6,8500,10,7650
MS04105,M02097,2025-04-20,2025-07-19,Quarterly,3,4800,0,4800
MS04106,M02097,2025-07-20,2025-08-19,Monthly,1,1800,0,1800
MS04107,M02097,2025-08-20,2025-09-19,Monthly,1,1800,10,1620
MS04108,M02098,2024-06-11,2024-07-10,Monthly,1,1800,0,1800
MS04109,M02099,2024-07-15,2024-10-14,Quarterly,3,4800,5,4560
MS04110,M02099,2024-10-15,2024-11-14,Monthly,1,1800,10,1620
MS04111,M02099,2024-11-15,2024-12-14,Monthly,1,1800,0,1800
MS04112,M02100,2025-02-03,2025-08-02,Half-Yearly,6,8500,5,8080
MS04113,M02101,2024-02-10,2024-03-09,Monthly,1,1800,0,1800
MS04114,M02102,2024-07-23,2024-08-22,Monthly,1,1800,10,1620
MS04115,M02103,2025-04-03,2025-05-02,Monthly,1,1800,15,1530
MS04116,M02103,2025-05-03,2025-08-02,Quarterly,3,4800,0,4800
MS04117,M02103,2025-08-03,2025-11-02,Quarterly,3,4800,0,4800
MS04118,M02104,2025-09-14,2025-10-13,Monthly,1,1800,0,1800
MS04119,M02104,2025-10-14,2025-12-31,Quarterly,3,4800,0,4800
MS04120,M02105,2024-11-27,2025-02-26,Quarterly,3,4800,10,4320
MS04121,M02106,2024-09-11,2025-03-10,Half-Yearly,6,8500,0,8500
MS04122,M02107,2024-10-07,2024-11-06,Monthly,1,1800,0,1800
MS04123,M02107,2024-11-07,2024-12-06,Monthly,1,1800,5,1710
MS04124,M02107,2024-12-07,2025-03-06,Quarterly,3,4800,15,4080
MS04125,M02107,2025-03-07,2025-04-06,Monthly,1,1800,0,1800
MS04126,M02107,2025-04-07,2025-12-31,Yearly,12,15000,0,15000
MS04127,M02108,2025-03-13,2025-04-12,Monthly,1,1800,0,1800
MS04128,M02109,2024-12-13,2025-12-12,Yearly,12,15000,5,14250
MS04129,M02109,2025-12-13,2025-12-31,Quarterly,3,4800,10,4320
MS04130,M02110,2024-01-15,2024-04-14,Quarterly,3,4800,5,4560
MS04131,M02111,2024-12-10,2025-01-09,Monthly,1,1800,10,1620
MS04132,M02112,2024-09-12,2024-12-11,Quarterly,3,4800,0,4800
MS04133,M02112,2024-12-12,2025-06-11,Half-Yearly,6,8500,5,8080
MS04134,M02113,2025-03-23,2025-04-22,Monthly,1,1800,0,1800
MS04135,M02114,2025-07-12,2025-12-31,Half-Yearly,6,8500,5,8080
MS04136,M02115,2025-09-06,2025-10-05,Monthly,1,1800,0,1800
MS04137,M02115,2025-10-06,2025-11-05,Monthly,1,1800,5,1710
MS04138,M02115,2025-11-06,2025-12-31,Yearly,12,15000,0,15000
MS04139,M02116,2025-01-24,2025-04-23,Quarterly,3,4800,0,4800
MS04140,M02116,2025-04-24,2025-12-31,Yearly,12,15000,15,12750
MS04141,M02117,2024-08-19,2024-11-18,Quarterly,3,4800,0,4800
MS04142,M02117,2024-11-19,2024-12-18,Monthly,1,1800,10,1620
MS04143,M02118,2024-10-10,2024-11-09,Monthly,1,1800,15,1530
MS04144,M02119,2024-04-22,2024-05-21,Monthly,1,1800,10,1620
MS04145,M02120,2025-08-20,2025-09-19,Monthly,1,1800,0,1800
MS04146,M02120,2025-09-20,2025-10-19,Monthly,1,1800,10,1620
MS04147,M02120,2025-10-20,2025-11-19,Monthly,1,1800,15,1530
MS04148,M02121,2025-06-24,2025-12-23,Half-Yearly,6,8500,10,7650
MS04149,M02122,2025-06-28,2025-12-27,Half-Yearly,6,8500,0,8500
MS04150,M02122,2025-12-28,2025-12-31,Monthly,1,1800,0,1800
MS04151,M02123,2024-07-28,2024-08-27,Monthly,1,1800,0,1800
MS04152,M02124,2024-07-24,2024-08-23,Monthly,1,1800,0,1800
MS04153,M02125,2025-06-30,2025-07-29,Monthly,1,1800,0,1800
MS04154,M02125,2025-07-30,2025-10-29,Quarterly,3,4800,10,4320
MS04155,M02125,2025-10-30,2025-12-31,Half-Yearly,6,8500,10,7650
MS04156,M02126,2024-12-13,2025-06-12,Half-Yearly,6,8500,5,8080
MS04157,M02126,2025-06-13,2025-07-12,Monthly,1,1800,0,1800
MS04158,M02126,2025-07-13,2025-12-31,Yearly,12,15000,0,15000
MS04159,M02127,2025-03-25,2025-12-31,Yearly,12,15000,0,15000
MS04160,M02128,2024-11-08,2024-12-07,Monthly,1,1800,0,1800
MS04161,M02129,2024-10-09,2024-11-08,Monthly,1,1800,5,1710
MS04162,M02129,2024-11-09,2025-02-08,Quarterly,3,4800,0,4800
MS04163,M02129,2025-02-09,2025-03-08,Monthly,1,1800,10,1620
MS04164,M02130,2025-02-07,2025-03-06,Monthly,1,1800,5,1710
MS04165,M02130,2025-03-07,2025-09-06,Half-Yearly,6,8500,15,7220
MS04166,M02130,2025-09-07,2025-12-06,Quarterly,3,4800,0,4800
MS04167,M02131,2025-06-02,2025-07-01,Monthly,1,1800,5,1710
MS04168,M02132,2024-08-01,2024-08-31,Monthly,1,1800,10,1620
MS04169,M02132,2024-09-01,2025-08-31,Yearly,12,15000,10,13500
MS04170,M02132,2025-09-01,2025-09-30,Monthly,1,1800,5,1710
MS04171,M02133,2025-05-31,2025-06-29,Monthly,1,1800,15,1530
MS04172,M02134,2024-06-04,2025-06-03,Yearly,12,15000,0,15000
MS04173,M02134,2025-06-04,2025-07-03,Monthly,1,1800,0,1800
MS04174,M02134,2025-07-04,2025-08-03,Monthly,1,1800,5,1710
MS04175,M02134,2025-08-04,2025-09-03,Monthly,1,1800,5,1710
MS04176,M02135,2024-09-14,2025-03-13,Half-Yearly,6,8500,5,8080
MS04177,M02135,2025-03-14,2025-06-13,Quarterly,3,4800,5,4560
MS04178,M02135,2025-06-14,2025-07-13,Monthly,1,1800,10,1620
MS04179,M02135,2025-07-14,2025-08-13,Monthly,1,1800,0,1800
MS04180,M02136,2025-08-05,2025-11-04,Quarterly,3,4800,15,4080
MS04181,M02137,2025-08-31,2025-12-31,Half-Yearly,6,8500,0,8500
MS04182,M02138,2025-08-12,2025-12-31,Half-Yearly,6,8500,15,7220
MS04183,M02139,2024-07-20,2025-07-19,Yearly,12,15000,5,14250
MS04184,M02139,2025-07-20,2025-10-19,Quarterly,3,4800,0,4800
MS04185,M02139,2025-10-20,2025-11-19,Monthly,1,1800,0,1800
MS04186,M02139,2025-11-20,2025-12-19,Monthly,1,1800,5,1710
MS04187,M02140,2025-06-22,2025-09-21,Quarterly,3,4800,10,4320
MS04188,M02140,2025-09-22,2025-10-21,Monthly,1,1800,5,1710
MS04189,M02140,2025-10-22,2025-12-31,Quarterly,3,4800,10,4320
MS04190,M02141,2025-08-20,2025-12-31,Half-Yearly,6,8500,0,8500
MS04191,M02142,2025-09-16,2025-12-31,Half-Yearly,6,8500,10,7650
MS04192,M02143,2024-01-14,2024-04-13,Quarterly,3,4800,0,4800
MS04193,M02144,2025-04-20,2025-07-19,Quarterly,3,4800,0,4800
MS04194,M02144,2025-07-20,2025-12-31,Yearly,12,15000,0,15000
MS04195,M02145,2025-09-27,2025-10-26,Monthly,1,1800,0,1800
MS04196,M02146,2025-05-02,2025-08-01,Quarterly,3,4800,5,4560
MS04197,M02146,2025-08-02,2025-11-01,Quarterly,3,4800,5,4560
MS04198,M02146,2025-11-02,2025-12-31,Quarterly,3,4800,0,4800
MS04199,M02147,2024-05-28,2024-06-27,Monthly,1,1800,0,1800
MS04200,M02148,2025-05-01,2025-12-31,Yearly,12,15000,0,15000
MS04201,M02149,2024-03-08,2025-03-07,Yearly,12,15000,0,15000
MS04202,M02149,2025-03-08,2025-06-07,Quarterly,3,4800,0,4800
MS04203,M02149,2025-06-08,2025-12-31,Yearly,12,15000,5,14250
MS04204,M02150,2024-11-02,2024-12-01,Monthly,1,1800,0,1800
MS04205,M02151,2025-02-03,2025-12-31,Yearly,12,15000,10,13500
MS04206,M02152,2024-10-18,2025-04-17,Half-Yearly,6,8500,0,8500
MS04207,M02152,2025-04-18,2025-07-17,Quarterly,3,4800,0,4800
MS04208,M02152,2025-07-18,2025-12-31,Half-Yearly,6,8500,10,7650
MS04209,M02153,2025-03-22,2025-04-21,Monthly,1,1800,5,1710
MS04210,M02153,2025-04-22,2025-05-21,Monthly,1,1800,0,1800
MS04211,M02153,2025-05-22,2025-06-21,Monthly,1,1800,15,1530
MS04212,M02154,2024-06-02,2024-09-01,Quarterly,3,4800,0,4800
MS04213,M02155,2025-01-21,2025-02-20,Monthly,1,1800,10,1620
MS04214,M02156,2025-02-15,2025-05-14,Quarterly,3,4800,0,4800
MS04215,M02157,2025-02-08,2025-08-07,Half-Yearly,6,8500,0,8500
MS04216,M02158,2024-07-03,2024-08-02,Monthly,1,1800,0,1800
MS04217,M02159,2024-07-13,2024-10-12,Quarterly,3,4800,0,4800
MS04218,M02159,2024-10-13,2024-11-12,Monthly,1,1800,0,1800
MS04219,M02159,2024-11-13,2024-12-12,Monthly,1,1800,5,1710
MS04220,M02160,2024-06-13,2024-09-12,Quarterly,3,4800,15,4080
MS04221,M02160,2024-09-13,2024-10-12,Monthly,1,1800,0,1800
MS04222,M02160,2024-10-13,2025-01-12,Quarterly,3,4800,0,4800
MS04223,M02161,2024-10-21,2025-10-20,Yearly,12,15000,0,15000
MS04224,M02161,2025-10-21,2025-12-31,Half-Yearly,6,8500,10,7650
MS04225,M02162,2024-08-19,2024-11-18,Quarterly,3,4800,0,4800
MS04226,M02163,2024-09-18,2024-12-17,Quarterly,3,4800,0,4800
MS04227,M02163,2024-12-18,2025-03-17,Quarterly,3,4800,5,4560
MS04228,M02164,2024-07-01,2024-09-30,Quarterly,3,4800,10,4320
MS04229,M02165,2024-05-19,2024-08-18,Quarterly,3,4800,0,4800
MS04230,M02165,2024-08-19,2024-11-18,Quarterly,3,4800,0,4800
MS04231,M02165,2024-11-19,2024-12-18,Monthly,1,1800,10,1620
MS04232,M02166,2025-02-23,2025-08-22,Half-Yearly,6,8500,15,7220
MS04233,M02166,2025-08-23,2025-11-22,Quarterly,3,4800,0,4800
MS04234,M02167,2025-06-04,2025-12-03,Half-Yearly,6,8500,10,7650
MS04235,M02167,2025-12-04,2025-12-31,Half-Yearly,6,8500,0,8500
MS04236,M02168,2024-07-04,2024-08-03,Monthly,1,1800,0,1800
MS04237,M02168,2024-08-04,2025-02-03,Half-Yearly,6,8500,0,8500
MS04238,M02169,2025-07-03,2025-08-02,Monthly,1,1800,0,1800
MS04239,M02170,2024-12-30,2025-01-29,Monthly,1,1800,0,1800
MS04240,M02170,2025-01-30,2025-04-29,Quarterly,3,4800,0,4800
MS04241,M02170,2025-04-30,2025-05-29,Monthly,1,1800,0,1800
MS04242,M02170,2025-05-30,2025-06-29,Monthly,1,1800,10,1620
MS04243,M02170,2025-06-30,2025-09-29,Quarterly,3,4800,10,4320
MS04244,M02170,2025-09-30,2025-12-31,Half-Yearly,6,8500,10,7650
MS04245,M02171,2024-04-16,2024-10-15,Half-Yearly,6,8500,0,8500
MS04246,M02171,2024-10-16,2025-01-15,Quarterly,3,4800,5,4560
MS04247,M02171,2025-01-16,2025-02-15,Monthly,1,1800,15,1530
MS04248,M02171,2025-02-16,2025-03-15,Monthly,1,1800,0,1800
MS04249,M02172,2024-08-21,2024-09-20,Monthly,1,1800,0,1800
MS04250,M02173,2024-01-05,2024-02-04,Monthly,1,1800,0,1800
MS04251,M02174,2024-01-25,2024-02-24,Monthly,1,1800,0,1800
MS04252,M02175,2024-08-02,2024-11-01,Quarterly,3,4800,0,4800
MS04253,M02176,2024-10-16,2025-04-15,Half-Yearly,6,8500,5,8080
MS04254,M02176,2025-04-16,2025-10-15,Half-Yearly,6,8500,0,8500
MS04255,M02176,2025-10-16,2025-11-15,Monthly,1,1800,0,1800
MS04256,M02177,2025-05-23,2025-06-22,Monthly,1,1800,0,1800
MS04257,M02177,2025-06-23,2025-09-22,Quarterly,3,4800,10,4320
MS04258,M02177,2025-09-23,2025-12-31,Half-Yearly,6,8500,0,8500
MS04259,M02178,2024-03-26,2024-09-25,Half-Yearly,6,8500,0,8500
MS04260,M02179,2025-06-19,2025-07-18,Monthly,1,1800,5,1710
MS04261,M02179,2025-07-19,2025-08-18,Monthly,1,1800,15,1530
MS04262,M02180,2024-05-29,2024-08-28,Quarterly,3,4800,15,4080
MS04263,M02180,2024-08-29,2024-09-28,Monthly,1,1800,10,1620
MS04264,M02180,2024-09-29,2025-03-28,Half-Yearly,6,8500,0,8500
MS04265,M02180,2025-03-29,2025-04-28,Monthly,1,1800,0,1800
MS04266,M02180,2025-04-29,2025-05-28,Monthly,1,1800,0,1800
MS04267,M02181,2024-03-29,2024-04-28,Monthly,1,1800,0,1800
MS04268,M02181,2024-04-29,2024-05-28,Monthly,1,1800,0,1800
MS04269,M02181,2024-05-29,2024-06-28,Monthly,1,1800,15,1530
MS04270,M02181,2024-06-29,2024-07-28,Monthly,1,1800,5,1710
MS04271,M02181,2024-07-29,2024-08-28,Monthly,1,1800,0,1800
MS04272,M02182,2025-03-22,2025-09-21,Half-Yearly,6,8500,0,8500
MS04273,M02183,2025-05-09,2025-08-08,Quarterly,3,4800,5,4560
MS04274,M02183,2025-08-09,2025-12-31,Yearly,12,15000,0,15000
MS04275,M02184,2025-01-20,2025-04-19,Quarterly,3,4800,15,4080
MS04276,M02184,2025-04-20,2025-05-19,Monthly,1,1800,15,1530
MS04277,M02185,2024-03-14,2024-06-13,Quarterly,3,4800,0,4800
MS04278,M02185,2024-06-14,2025-06-13,Yearly,12,15000,0,15000
MS04279,M02185,2025-06-14,2025-09-13,Quarterly,3,4800,15,4080
MS04280,M02185,2025-09-14,2025-10-13,Monthly,1,1800,10,1620
MS04281,M02186,2024-03-14,2025-03-13,Yearly,12,15000,0,15000
MS04282,M02186,2025-03-14,2025-09-13,Half-Yearly,6,8500,5,8080
MS04283,M02186,2025-09-14,2025-10-13,Monthly,1,1800,0,1800
MS04284,M02186,2025-10-14,2025-11-13,Monthly,1,1800,15,1530
MS04285,M02187,2024-09-05,2024-10-04,Monthly,1,1800,5,1710
MS04286,M02187,2024-10-05,2025-04-04,Half-Yearly,6,8500,10,7650
MS04287,M02187,2025-04-05,2025-12-31,Yearly,12,15000,0,15000
MS04288,M02188,2024-10-14,2025-10-13,Yearly,12,15000,10,13500
MS04289,M02188,2025-10-14,2025-11-13,Monthly,1,1800,0,1800
MS04290,M02188,2025-11-14,2025-12-13,Monthly,1,1800,0,1800
MS04291,M02189,2025-09-29,2025-10-28,Monthly,1,1800,0,1800
MS04292,M02190,2024-07-01,2024-07-31,Monthly,1,1800,5,1710
MS04293,M02191,2024-05-02,2024-08-01,Quarterly,3,4800,0,4800
MS04294,M02192,2025-08-26,2025-11-25,Quarterly,3,4800,5,4560
MS04295,M02193,2024-04-08,2024-10-07,Half-Yearly,6,8500,0,8500
MS04296,M02193,2024-10-08,2025-04-07,Half-Yearly,6,8500,5,8080
MS04297,M02193,2025-04-08,2025-05-07,Monthly,1,1800,0,1800
MS04298,M02194,2024-01-17,2024-07-16,Half-Yearly,6,8500,0,8500
MS04299,M02195,2024-09-26,2025-03-25,Half-Yearly,6,8500,10,7650
MS04300,M02196,2024-09-12,2024-10-11,Monthly,1,1800,0,1800
MS04301,M02196,2024-10-12,2024-11-11,Monthly,1,1800,0,1800
MS04302,M02197,2025-01-30,2025-07-29,Half-Yearly,6,8500,0,8500
MS04303,M02197,2025-07-30,2025-10-29,Quarterly,3,4800,10,4320
MS04304,M02198,2025-07-13,2025-08-12,Monthly,1,1800,0,1800
MS04305,M02199,2025-08-18,2025-09-17,Monthly,1,1800,10,1620
MS04306,M02199,2025-09-18,2025-10-17,Monthly,1,1800,5,1710
MS04307,M02200,2024-07-03,2024-08-02,Monthly,1,1800,10,1620
MS04308,M02201,2025-09-17,2025-12-31,Half-Yearly,6,8500,15,7220
MS04309,M02202,2025-02-07,2025-08-06,Half-Yearly,6,8500,5,8080
MS04310,M02203,2024-02-14,2025-02-13,Yearly,12,15000,5,14250
MS04311,M02203,2025-02-14,2025-03-13,Monthly,1,1800,10,1620
MS04312,M02204,2025-08-21,2025-09-20,Monthly,1,1800,15,1530
MS04313,M02204,2025-09-21,2025-10-20,Monthly,1,1800,10,1620
MS04314,M02205,2024-03-29,2024-06-28,Quarterly,3,4800,15,4080
MS04315,M02206,2025-01-10,2025-07-09,Half-Yearly,6,8500,10,7650
MS04316,M02206,2025-07-10,2025-08-09,Monthly,1,1800,0,1800
MS04317,M02206,2025-08-10,2025-09-09,Monthly,1,1800,0,1800
MS04318,M02206,2025-09-10,2025-12-09,Quarterly,3,4800,0,4800
MS04319,M02206,2025-12-10,2025-12-31,Monthly,1,1800,0,1800
MS04320,M02207,2025-05-19,2025-12-31,Yearly,12,15000,5,14250
MS04321,M02208,2024-06-08,2025-06-07,Yearly,12,15000,10,13500
MS04322,M02208,2025-06-08,2025-07-07,Monthly,1,1800,5,1710
MS04323,M02209,2024-06-21,2024-12-20,Half-Yearly,6,8500,0,8500
MS04324,M02210,2024-10-30,2025-01-29,Quarterly,3,4800,10,4320
MS04325,M02210,2025-01-30,2025-02-27,Monthly,1,1800,0,1800
MS04326,M02210,2025-02-28,2025-03-27,Monthly,1,1800,10,1620
MS04327,M02210,2025-03-28,2025-04-27,Monthly,1,1800,0,1800
MS04328,M02211,2025-07-18,2025-08-17,Monthly,1,1800,0,1800
MS04329,M02212,2024-05-22,2024-06-21,Monthly,1,1800,15,1530
MS04330,M02212,2024-06-22,2024-09-21,Quarterly,3,4800,5,4560
MS04331,M02212,2024-09-22,2024-12-21,Quarterly,3,4800,0,4800
MS04332,M02212,2024-12-22,2025-06-21,Half-Yearly,6,8500,15,7220
MS04333,M02212,2025-06-22,2025-09-21,Quarterly,3,4800,0,4800
MS04334,M02212,2025-09-22,2025-10-21,Monthly,1,1800,5,1710
MS04335,M02213,2025-02-27,2025-05-26,Quarterly,3,4800,15,4080
MS04336,M02214,2024-10-15,2024-11-14,Monthly,1,1800,0,1800
MS04337,M02215,2024-03-12,2024-04-11,Monthly,1,1800,0,1800
MS04338,M02215,2024-04-12,2024-05-11,Monthly,1,1800,5,1710
MS04339,M02216,2025-03-29,2025-09-28,Half-Yearly,6,8500,15,7220
MS04340,M02217,2025-06-15,2025-07-14,Monthly,1,1800,5,1710
MS04341,M02217,2025-07-15,2025-12-31,Yearly,12,15000,5,14250
MS04342,M02218,2024-04-22,2024-07-21,Quarterly,3,4800,5,4560
MS04343,M02219,2024-04-09,2024-05-08,Monthly,1,1800,0,1800
MS04344,M02220,2024-09-27,2024-10-26,Monthly,1,1800,0,1800
MS04345,M02221,2024-11-19,2025-02-18,Quarterly,3,4800,0,4800
MS04346,M02221,2025-02-19,2025-03-18,Monthly,1,1800,0,1800
MS04347,M02221,2025-03-19,2025-04-18,Monthly,1,1800,10,1620
MS04348,M02222,2024-12-18,2025-01-17,Monthly,1,1800,0,1800
MS04349,M02222,2025-01-18,2025-02-17,Monthly,1,1800,15,1530
MS04350,M02222,2025-02-18,2025-08-17,Half-Yearly,6,8500,5,8080
MS04351,M02223,2024-06-04,2025-06-03,Yearly,12,15000,10,13500
MS04352,M02223,2025-06-04,2025-07-03,Monthly,1,1800,5,1710
MS04353,M02223,2025-07-04,2025-08-03,Monthly,1,1800,10,1620
MS04354,M02224,2024-11-15,2024-12-14,Monthly,1,1800,10,1620
MS04355,M02224,2024-12-15,2025-12-14,Yearly,12,15000,10,13500
MS04356,M02224,2025-12-15,2025-12-31,Monthly,1,1800,15,1530
MS04357,M02225,2024-07-07,2025-07-06,Yearly,12,15000,0,15000
MS04358,M02225,2025-07-07,2025-10-06,Quarterly,3,4800,5,4560
MS04359,M02225,2025-10-07,2025-12-31,Quarterly,3,4800,0,4800
MS04360,M02226,2025-03-13,2025-09-12,Half-Yearly,6,8500,5,8080
MS04361,M02226,2025-09-13,2025-12-12,Quarterly,3,4800,5,4560
MS04362,M02226,2025-12-13,2025-12-31,Yearly,12,15000,0,15000
MS04363,M02227,2025-05-23,2025-11-22,Half-Yearly,6,8500,5,8080
MS04364,M02227,2025-11-23,2025-12-22,Monthly,1,1800,0,1800
MS04365,M02228,2025-02-20,2025-03-19,Monthly,1,1800,0,1800
MS04366,M02229,2024-01-01,2024-01-31,Monthly,1,1800,0,1800
MS04367,M02230,2025-09-24,2025-10-23,Monthly,1,1800,0,1800
MS04368,M02230,2025-10-24,2025-12-31,Quarterly,3,4800,15,4080
MS04369,M02231,2024-01-16,2024-04-15,Quarterly,3,4800,0,4800
MS04370,M02232,2025-09-29,2025-10-28,Monthly,1,1800,10,1620
MS04371,M02233,2024-01-21,2024-04-20,Quarterly,3,4800,0,4800
MS04372,M02234,2024-11-25,2024-12-24,Monthly,1,1800,5,1710
MS04373,M02235,2024-03-08,2024-06-07,Quarterly,3,4800,10,4320
MS04374,M02236,2024-03-01,2024-08-31,Half-Yearly,6,8500,0,8500
MS04375,M02236,2024-09-01,2024-11-30,Quarterly,3,4800,5,4560
MS04376,M02237,2025-03-12,2025-06-11,Quarterly,3,4800,5,4560
MS04377,M02237,2025-06-12,2025-07-11,Monthly,1,1800,10,1620
MS04378,M02237,2025-07-12,2025-08-11,Monthly,1,1800,10,1620
MS04379,M02237,2025-08-12,2025-09-11,Monthly,1,1800,5,1710
MS04380,M02238,2025-04-09,2025-12-31,Yearly,12,15000,10,13500
MS04381,M02239,2024-03-16,2025-03-15,Yearly,12,15000,0,15000
MS04382,M02239,2025-03-16,2025-06-15,Quarterly,3,4800,5,4560
MS04383,M02239,2025-06-16,2025-07-15,Monthly,1,1800,0,1800
MS04384,M02239,2025-07-16,2025-08-15,Monthly,1,1800,10,1620
MS04385,M02240,2025-09-15,2025-12-14,Quarterly,3,4800,0,4800
MS04386,M02240,2025-12-15,2025-12-31,Monthly,1,1800,5,1710
MS04387,M02241,2024-07-23,2024-08-22,Monthly,1,1800,10,1620
MS04388,M02242,2024-07-22,2024-08-21,Monthly,1,1800,10,1620
MS04389,M02242,2024-08-22,2025-08-21,Yearly,12,15000,5,14250
MS04390,M02242,2025-08-22,2025-09-21,Monthly,1,1800,5,1710
MS04391,M02243,2024-07-08,2025-01-07,Half-Yearly,6,8500,0,8500
MS04392,M02244,2024-10-21,2024-11-20,Monthly,1,1800,0,1800
MS04393,M02244,2024-11-21,2025-05-20,Half-Yearly,6,8500,5,8080
MS04394,M02244,2025-05-21,2025-08-20,Quarterly,3,4800,10,4320
MS04395,M02244,2025-08-21,2025-09-20,Monthly,1,1800,0,1800
MS04396,M02244,2025-09-21,2025-10-20,Monthly,1,1800,10,1620
MS04397,M02244,2025-10-21,2025-12-31,Half-Yearly,6,8500,15,7220
MS04398,M02245,2024-04-23,2024-05-22,Monthly,1,1800,0,1800
MS04399,M02246,2024-09-28,2024-12-27,Quarterly,3,4800,5,4560
MS04400,M02247,2024-05-13,2024-11-12,Half-Yearly,6,8500,5,8080
MS04401,M02248,2024-02-02,2025-02-01,Yearly,12,15000,5,14250
MS04402,M02248,2025-02-02,2025-08-01,Half-Yearly,6,8500,10,7650
MS04403,M02248,2025-08-02,2025-11-01,Quarterly,3,4800,0,4800
MS04404,M02248,2025-11-02,2025-12-31,Half-Yearly,6,8500,10,7650
MS04405,M02249,2024-08-23,2024-09-22,Monthly,1,1800,0,1800
MS04406,M02249,2024-09-23,2025-03-22,Half-Yearly,6,8500,0,8500
MS04407,M02250,2025-03-04,2025-06-03,Quarterly,3,4800,5,4560
MS04408,M02250,2025-06-04,2025-12-03,Half-Yearly,6,8500,0,8500
MS04409,M02250,2025-12-04,2025-12-31,Quarterly,3,4800,0,4800
MS04410,M02251,2025-05-01,2025-12-31,Yearly,12,15000,5,14250
MS04411,M02252,2024-08-13,2025-02-12,Half-Yearly,6,8500,0,8500
MS04412,M02252,2025-02-13,2025-03-12,Monthly,1,1800,0,1800
MS04413,M02252,2025-03-13,2025-06-12,Quarterly,3,4800,0,4800
MS04414,M02252,2025-06-13,2025-07-12,Monthly,1,1800,0,1800
MS04415,M02253,2024-07-25,2024-08-24,Monthly,1,1800,5,1710
MS04416,M02253,2024-08-25,2024-09-24,Monthly,1,1800,10,1620
MS04417,M02254,2025-05-17,2025-08-16,Quarterly,3,4800,0,4800
MS04418,M02254,2025-08-17,2025-11-16,Quarterly,3,4800,15,4080
MS04419,M02254,2025-11-17,2025-12-31,Quarterly,3,4800,0,4800
MS04420,M02255,2025-03-10,2025-04-09,Monthly,1,1800,0,1800
MS04421,M02256,2025-06-14,2025-09-13,Quarterly,3,4800,5,4560
MS04422,M02257,2025-08-01,2025-12-31,Half-Yearly,6,8500,0,8500
MS04423,M02258,2025-06-07,2025-12-06,Half-Yearly,6,8500,0,8500
MS04424,M02258,2025-12-07,2025-12-31,Monthly,1,1800,5,1710
MS04425,M02259,2025-08-20,2025-11-19,Quarterly,3,4800,5,4560
MS04426,M02259,2025-11-20,2025-12-19,Monthly,1,1800,10,1620
MS04427,M02260,2024-09-22,2025-03-21,Half-Yearly,6,8500,0,8500
MS04428,M02261,2024-09-08,2025-03-07,Half-Yearly,6,8500,0,8500
MS04429,M02261,2025-03-08,2025-04-07,Monthly,1,1800,5,1710
MS04430,M02262,2024-07-24,2024-10-23,Quarterly,3,4800,0,4800
MS04431,M02262,2024-10-24,2025-01-23,Quarterly,3,4800,5,4560
MS04432,M02262,2025-01-24,2025-12-31,Yearly,12,15000,0,15000
MS04433,M02263,2024-05-30,2024-06-29,Monthly,1,1800,10,1620
MS04434,M02264,2025-04-22,2025-10-21,Half-Yearly,6,8500,10,7650
MS04435,M02264,2025-10-22,2025-11-21,Monthly,1,1800,5,1710
MS04436,M02264,2025-11-22,2025-12-31,Quarterly,3,4800,0,4800
MS04437,M02265,2025-03-31,2025-04-29,Monthly,1,1800,0,1800
MS04438,M02266,2025-05-26,2025-06-25,Monthly,1,1800,10,1620
MS04439,M02266,2025-06-26,2025-12-25,Half-Yearly,6,8500,5,8080
MS04440,M02266,2025-12-26,2025-12-31,Monthly,1,1800,0,1800
MS04441,M02267,2024-04-16,2024-05-15,Monthly,1,1800,0,1800
MS04442,M02268,2024-11-09,2025-02-08,Quarterly,3,4800,0,4800
MS04443,M02268,2025-02-09,2025-05-08,Quarterly,3,4800,0,4800
MS04444,M02268,2025-05-09,2025-06-08,Monthly,1,1800,15,1530
MS04445,M02269,2024-05-21,2024-08-20,Quarterly,3,4800,10,4320
MS04446,M02270,2025-07-23,2025-12-31,Half-Yearly,6,8500,5,8080
MS04447,M02271,2024-06-19,2024-07-18,Monthly,1,1800,10,1620
MS04448,M02272,2024-04-01,2024-06-30,Quarterly,3,4800,10,4320
MS04449,M02273,2024-12-29,2025-03-28,Quarterly,3,4800,10,4320
MS04450,M02274,2025-07-14,2025-08-13,Monthly,1,1800,0,1800
MS04451,M02275,2025-08-07,2025-09-06,Monthly,1,1800,5,1710
MS04452,M02276,2024-03-02,2024-04-01,Monthly,1,1800,10,1620
MS04453,M02277,2024-07-26,2025-07-25,Yearly,12,15000,0,15000
MS04454,M02277,2025-07-26,2025-10-25,Quarterly,3,4800,10,4320
MS04455,M02278,2024-04-07,2025-04-06,Yearly,12,15000,0,15000
MS04456,M02278,2025-04-07,2025-07-06,Quarterly,3,4800,0,4800
MS04457,M02279,2024-07-15,2025-01-14,Half-Yearly,6,8500,10,7650
MS04458,M02280,2024-12-06,2025-01-05,Monthly,1,1800,0,1800
MS04459,M02281,2024-06-28,2024-12-27,Half-Yearly,6,8500,10,7650
MS04460,M02281,2024-12-28,2025-03-27,Quarterly,3,4800,0,4800
MS04461,M02281,2025-03-28,2025-12-31,Yearly,12,15000,0,15000
MS04462,M02282,2024-02-13,2024-03-12,Monthly,1,1800,10,1620
MS04463,M02282,2024-03-13,2024-04-12,Monthly,1,1800,0,1800
MS04464,M02283,2024-11-21,2024-12-20,Monthly,1,1800,10,1620
MS04465,M02284,2024-02-03,2024-05-02,Quarterly,3,4800,0,4800
MS04466,M02284,2024-05-03,2024-06-02,Monthly,1,1800,0,1800
MS04467,M02285,2024-05-24,2024-06-23,Monthly,1,1800,0,1800
MS04468,M02285,2024-06-24,2024-07-23,Monthly,1,1800,0,1800
MS04469,M02285,2024-07-24,2025-01-23,Half-Yearly,6,8500,0,8500
MS04470,M02285,2025-01-24,2025-12-31,Yearly,12,15000,5,14250
MS04471,M02286,2024-01-01,2024-03-31,Quarterly,3,4800,0,4800
MS04472,M02286,2024-04-01,2024-09-30,Half-Yearly,6,8500,10,7650
MS04473,M02286,2024-10-01,2024-12-31,Quarterly,3,4800,0,4800
MS04474,M02286,2025-01-01,2025-01-31,Monthly,1,1800,15,1530
MS04475,M02286,2025-02-01,2025-02-28,Monthly,1,1800,5,1710
MS04476,M02286,2025-03-01,2025-12-31,Yearly,12,15000,0,15000
MS04477,M02287,2024-02-25,2024-03-24,Monthly,1,1800,0,1800
MS04478,M02288,2024-10-05,2025-04-04,Half-Yearly,6,8500,0,8500
MS04479,M02288,2025-04-05,2025-05-04,Monthly,1,1800,0,1800
MS04480,M02289,2025-06-26,2025-12-31,Yearly,12,15000,5,14250
MS04481,M02290,2025-05-09,2025-08-08,Quarterly,3,4800,5,4560
MS04482,M02290,2025-08-09,2025-09-08,Monthly,1,1800,5,1710
MS04483,M02291,2024-03-04,2024-04-03,Monthly,1,1800,10,1620
MS04484,M02292,2024-01-23,2025-01-22,Yearly,12,15000,15,12750
MS04485,M02292,2025-01-23,2025-02-22,Monthly,1,1800,10,1620
MS04486,M02293,2024-08-03,2024-09-02,Monthly,1,1800,5,1710
MS04487,M02294,2025-02-20,2025-03-19,Monthly,1,1800,0,1800
MS04488,M02294,2025-03-20,2025-04-19,Monthly,1,1800,5,1710
MS04489,M02294,2025-04-20,2025-10-19,Half-Yearly,6,8500,0,8500
MS04490,M02295,2025-04-21,2025-05-20,Monthly,1,1800,10,1620
MS04491,M02295,2025-05-21,2025-08-20,Quarterly,3,4800,0,4800
MS04492,M02295,2025-08-21,2025-09-20,Monthly,1,1800,0,1800
MS04493,M02296,2025-06-09,2025-07-08,Monthly,1,1800,15,1530
MS04494,M02297,2024-08-06,2024-09-05,Monthly,1,1800,15,1530
MS04495,M02297,2024-09-06,2025-03-05,Half-Yearly,6,8500,0,8500
MS04496,M02297,2025-03-06,2025-09-05,Half-Yearly,6,8500,0,8500
MS04497,M02297,2025-09-06,2025-10-05,Monthly,1,1800,5,1710
MS04498,M02297,2025-10-06,2025-11-05,Monthly,1,1800,0,1800
MS04499,M02298,2024-04-17,2025-04-16,Yearly,12,15000,15,12750
MS04500,M02298,2025-04-17,2025-10-16,Half-Yearly,6,8500,10,7650
MS04501,M02298,2025-10-17,2025-11-16,Monthly,1,1800,5,1710
MS04502,M02298,2025-11-17,2025-12-31,Half-Yearly,6,8500,0,8500
MS04503,M02299,2024-01-17,2024-07-16,Half-Yearly,6,8500,0,8500
MS04504,M02300,2024-04-03,2025-04-02,Yearly,12,15000,5,14250
MS04505,M02300,2025-04-03,2025-05-02,Monthly,1,1800,0,1800
MS04506,M02301,2024-02-11,2024-03-10,Monthly,1,1800,0,1800
MS04507,M02301,2024-03-11,2024-06-10,Quarterly,3,4800,5,4560
MS04508,M02301,2024-06-11,2024-07-10,Monthly,1,1800,10,1620
MS04509,M02301,2024-07-11,2024-08-10,Monthly,1,1800,0,1800
MS04510,M02302,2025-07-03,2025-08-02,Monthly,1,1800,0,1800
MS04511,M02303,2024-06-20,2024-07-19,Monthly,1,1800,15,1530
MS04512,M02304,2025-06-09,2025-09-08,Quarterly,3,4800,0,4800
MS04513,M02304,2025-09-09,2025-12-08,Quarterly,3,4800,0,4800
MS04514,M02305,2024-12-18,2025-01-17,Monthly,1,1800,5,1710
MS04515,M02305,2025-01-18,2025-04-17,Quarterly,3,4800,0,4800
MS04516,M02305,2025-04-18,2025-05-17,Monthly,1,1800,0,1800
MS04517,M02306,2024-12-09,2025-01-08,Monthly,1,1800,0,1800
MS04518,M02307,2024-10-17,2024-11-16,Monthly,1,1800,10,1620
MS04519,M02307,2024-11-17,2025-05-16,Half-Yearly,6,8500,5,8080
MS04520,M02307,2025-05-17,2025-06-16,Monthly,1,1800,5,1710
MS04521,M02308,2025-06-06,2025-07-05,Monthly,1,1800,5,1710
MS04522,M02309,2024-01-28,2024-04-27,Quarterly,3,4800,5,4560
MS04523,M02310,2024-02-29,2024-05-28,Quarterly,3,4800,0,4800
MS04524,M02310,2024-05-29,2024-06-28,Monthly,1,1800,0,1800
MS04525,M02310,2024-06-29,2024-12-28,Half-Yearly,6,8500,0,8500
MS04526,M02310,2024-12-29,2025-01-28,Monthly,1,1800,0,1800
MS04527,M02310,2025-01-29,2025-02-27,Monthly,1,1800,0,1800
MS04528,M02310,2025-02-28,2025-05-27,Quarterly,3,4800,0,4800
MS04529,M02310,2025-05-28,2025-06-27,Monthly,1,1800,0,1800
MS04530,M02310,2025-06-28,2025-07-27,Monthly,1,1800,5,1710
MS04531,M02311,2024-09-27,2025-09-26,Yearly,12,15000,10,13500
MS04532,M02311,2025-09-27,2025-10-26,Monthly,1,1800,10,1620
MS04533,M02311,2025-10-27,2025-11-26,Monthly,1,1800,5,1710
MS04534,M02312,2024-09-08,2024-10-07,Monthly,1,1800,0,1800
MS04535,M02312,2024-10-08,2024-11-07,Monthly,1,1800,0,1800
MS04536,M02313,2024-12-14,2025-01-13,Monthly,1,1800,0,1800
MS04537,M02313,2025-01-14,2025-12-31,Yearly,12,15000,0,15000
MS04538,M02314,2025-04-15,2025-07-14,Quarterly,3,4800,0,4800
MS04539,M02314,2025-07-15,2025-08-14,Monthly,1,1800,15,1530
MS04540,M02315,2025-01-09,2025-04-08,Quarterly,3,4800,10,4320
MS04541,M02315,2025-04-09,2025-05-08,Monthly,1,1800,0,1800
MS04542,M02315,2025-05-09,2025-06-08,Monthly,1,1800,10,1620
MS04543,M02315,2025-06-09,2025-07-08,Monthly,1,1800,0,1800
MS04544,M02315,2025-07-09,2025-12-31,Yearly,12,15000,5,14250
MS04545,M02316,2024-06-13,2024-09-12,Quarterly,3,4800,10,4320
MS04546,M02316,2024-09-13,2024-12-12,Quarterly,3,4800,5,4560
MS04547,M02316,2024-12-13,2025-03-12,Quarterly,3,4800,5,4560
MS04548,M02317,2024-07-27,2025-07-26,Yearly,12,15000,15,12750
MS04549,M02317,2025-07-27,2025-12-31,Half-Yearly,6,8500,5,8080
MS04550,M02318,2025-04-24,2025-12-31,Yearly,12,15000,10,13500
MS04551,M02319,2024-05-08,2024-06-07,Monthly,1,1800,0,1800
MS04552,M02320,2024-11-17,2025-11-16,Yearly,12,15000,0,15000
MS04553,M02320,2025-11-17,2025-12-31,Quarterly,3,4800,0,4800
MS04554,M02321,2024-12-09,2025-12-08,Yearly,12,15000,0,15000
MS04555,M02321,2025-12-09,2025-12-31,Quarterly,3,4800,0,4800
MS04556,M02322,2025-04-23,2025-07-22,Quarterly,3,4800,10,4320
MS04557,M02322,2025-07-23,2025-12-31,Yearly,12,15000,0,15000
MS04558,M02323,2025-03-31,2025-06-29,Quarterly,3,4800,0,4800
MS04559,M02323,2025-06-30,2025-07-29,Monthly,1,1800,0,1800
MS04560,M02324,2024-10-23,2025-04-22,Half-Yearly,6,8500,0,8500
MS04561,M02324,2025-04-23,2025-07-22,Quarterly,3,4800,10,4320
MS04562,M02325,2024-07-16,2024-08-15,Monthly,1,1800,0,1800
MS04563,M02325,2024-08-16,2024-11-15,Quarterly,3,4800,0,4800
MS04564,M02325,2024-11-16,2025-05-15,Half-Yearly,6,8500,0,8500
MS04565,M02326,2024-08-22,2025-02-21,Half-Yearly,6,8500,0,8500
MS04566,M02326,2025-02-22,2025-05-21,Quarterly,3,4800,5,4560
MS04567,M02326,2025-05-22,2025-12-31,Yearly,12,15000,10,13500
MS04568,M02327,2024-09-19,2024-10-18,Monthly,1,1800,0,1800
MS04569,M02328,2024-05-19,2024-06-18,Monthly,1,1800,10,1620
MS04570,M02328,2024-06-19,2024-07-18,Monthly,1,1800,10,1620
MS04571,M02329,2025-02-03,2025-03-02,Monthly,1,1800,5,1710
MS04572,M02330,2024-05-12,2024-06-11,Monthly,1,1800,0,1800
MS04573,M02331,2025-02-17,2025-05-16,Quarterly,3,4800,0,4800
MS04574,M02331,2025-05-17,2025-08-16,Quarterly,3,4800,0,4800
MS04575,M02332,2025-04-24,2025-05-23,Monthly,1,1800,10,1620
MS04576,M02333,2025-09-05,2025-10-04,Monthly,1,1800,5,1710
MS04577,M02333,2025-10-05,2025-12-31,Quarterly,3,4800,15,4080
MS04578,M02334,2024-03-16,2024-04-15,Monthly,1,1800,10,1620
MS04579,M02335,2025-04-29,2025-05-28,Monthly,1,1800,10,1620
MS04580,M02335,2025-05-29,2025-12-31,Yearly,12,15000,10,13500
MS04581,M02336,2024-02-24,2024-03-23,Monthly,1,1800,15,1530
MS04582,M02336,2024-03-24,2024-06-23,Quarterly,3,4800,5,4560
MS04583,M02336,2024-06-24,2024-07-23,Monthly,1,1800,0,1800
MS04584,M02337,2024-08-03,2025-02-02,Half-Yearly,6,8500,10,7650
MS04585,M02337,2025-02-03,2025-05-02,Quarterly,3,4800,5,4560
MS04586,M02338,2024-04-22,2024-10-21,Half-Yearly,6,8500,0,8500
MS04587,M02339,2024-04-13,2025-04-12,Yearly,12,15000,0,15000
MS04588,M02340,2024-04-21,2025-04-20,Yearly,12,15000,0,15000
MS04589,M02340,2025-04-21,2025-07-20,Quarterly,3,4800,10,4320
MS04590,M02340,2025-07-21,2025-10-20,Quarterly,3,4800,5,4560
MS04591,M02340,2025-10-21,2025-11-20,Monthly,1,1800,0,1800
MS04592,M02341,2024-01-29,2024-02-28,Monthly,1,1800,5,1710
MS04593,M02342,2025-06-09,2025-12-31,Yearly,12,15000,15,12750
MS04594,M02343,2024-09-11,2024-12-10,Quarterly,3,4800,0,4800
MS04595,M02343,2024-12-11,2025-01-10,Monthly,1,1800,0,1800
MS04596,M02343,2025-01-11,2025-02-10,Monthly,1,1800,0,1800
MS04597,M02344,2025-03-22,2025-12-31,Yearly,12,15000,0,15000
MS04598,M02345,2025-06-28,2025-09-27,Quarterly,3,4800,0,4800
MS04599,M02346,2024-03-28,2024-04-27,Monthly,1,1800,0,1800
MS04600,M02347,2025-09-22,2025-12-21,Quarterly,3,4800,5,4560
MS04601,M02347,2025-12-22,2025-12-31,Monthly,1,1800,0,1800
MS04602,M02348,2025-02-20,2025-03-19,Monthly,1,1800,0,1800
MS04603,M02349,2024-04-24,2024-07-23,Quarterly,3,4800,0,4800
MS04604,M02350,2024-10-13,2025-01-12,Quarterly,3,4800,10,4320
MS04605,M02350,2025-01-13,2025-04-12,Quarterly,3,4800,0,4800
MS04606,M02350,2025-04-13,2025-05-12,Monthly,1,1800,0,1800
MS04607,M02351,2025-08-08,2025-12-31,Half-Yearly,6,8500,0,8500
MS04608,M02352,2024-09-07,2024-10-06,Monthly,1,1800,5,1710
MS04609,M02352,2024-10-07,2025-04-06,Half-Yearly,6,8500,0,8500
MS04610,M02352,2025-04-07,2025-12-31,Yearly,12,15000,0,15000
MS04611,M02353,2024-04-27,2025-04-26,Yearly,12,15000,5,14250
MS04612,M02353,2025-04-27,2025-07-26,Quarterly,3,4800,0,4800
MS04613,M02354,2025-07-12,2025-10-11,Quarterly,3,4800,10,4320
MS04614,M02354,2025-10-12,2025-11-11,Monthly,1,1800,5,1710
MS04615,M02355,2025-08-30,2025-09-29,Monthly,1,1800,0,1800
MS04616,M02356,2025-09-14,2025-10-13,Monthly,1,1800,10,1620
MS04617,M02356,2025-10-14,2025-12-31,Half-Yearly,6,8500,5,8080
MS04618,M02357,2025-09-01,2025-09-30,Monthly,1,1800,0,1800
MS04619,M02358,2025-07-10,2025-08-09,Monthly,1,1800,0,1800
MS04620,M02359,2024-10-16,2025-10-15,Yearly,12,15000,0,15000
MS04621,M02359,2025-10-16,2025-12-31,Yearly,12,15000,5,14250
MS04622,M02360,2024-05-02,2024-08-01,Quarterly,3,4800,5,4560
MS04623,M02361,2025-01-28,2025-02-27,Monthly,1,1800,5,1710
MS04624,M02362,2024-05-20,2024-06-19,Monthly,1,1800,0,1800
MS04625,M02363,2024-10-28,2024-11-27,Monthly,1,1800,0,1800
MS04626,M02363,2024-11-28,2024-12-27,Monthly,1,1800,5,1710
MS04627,M02363,2024-12-28,2025-01-27,Monthly,1,1800,0,1800
MS04628,M02364,2025-02-22,2025-12-31,Yearly,12,15000,0,15000
MS04629,M02365,2025-08-26,2025-09-25,Monthly,1,1800,0,1800
MS04630,M02366,2024-07-03,2024-10-02,Quarterly,3,4800,5,4560
MS04631,M02367,2024-06-09,2024-12-08,Half-Yearly,6,8500,0,8500
MS04632,M02367,2024-12-09,2025-01-08,Monthly,1,1800,5,1710
MS04633,M02367,2025-01-09,2025-02-08,Monthly,1,1800,0,1800
MS04634,M02367,2025-02-09,2025-03-08,Monthly,1,1800,5,1710
MS04635,M02367,2025-03-09,2025-12-31,Yearly,12,15000,0,15000
MS04636,M02368,2025-04-13,2025-05-12,Monthly,1,1800,0,1800
MS04637,M02368,2025-05-13,2025-06-12,Monthly,1,1800,0,1800
MS04638,M02369,2024-01-05,2024-02-04,Monthly,1,1800,0,1800
MS04639,M02369,2024-02-05,2024-05-04,Quarterly,3,4800,0,4800
MS04640,M02369,2024-05-05,2024-06-04,Monthly,1,1800,5,1710
MS04641,M02370,2024-12-27,2025-01-26,Monthly,1,1800,5,1710
MS04642,M02370,2025-01-27,2025-04-26,Quarterly,3,4800,5,4560
MS04643,M02371,2025-04-20,2025-05-19,Monthly,1,1800,5,1710
MS04644,M02372,2024-12-17,2025-06-16,Half-Yearly,6,8500,5,8080
MS04645,M02373,2024-09-01,2024-09-30,Monthly,1,1800,0,1800
MS04646,M02373,2024-10-01,2024-10-31,Monthly,1,1800,0,1800
MS04647,M02374,2025-06-12,2025-09-11,Quarterly,3,4800,5,4560
MS04648,M02375,2024-08-24,2024-09-23,Monthly,1,1800,0,1800
MS04649,M02375,2024-09-24,2025-03-23,Half-Yearly,6,8500,0,8500
MS04650,M02375,2025-03-24,2025-04-23,Monthly,1,1800,5,1710
MS04651,M02376,2025-03-29,2025-09-28,Half-Yearly,6,8500,0,8500
MS04652,M02376,2025-09-29,2025-10-28,Monthly,1,1800,10,1620
MS04653,M02376,2025-10-29,2025-11-28,Monthly,1,1800,5,1710
MS04654,M02376,2025-11-29,2025-12-31,Yearly,12,15000,0,15000
MS04655,M02377,2024-10-23,2024-11-22,Monthly,1,1800,0,1800
MS04656,M02378,2024-01-17,2024-04-16,Quarterly,3,4800,10,4320
MS04657,M02378,2024-04-17,2024-07-16,Quarterly,3,4800,0,4800
MS04658,M02379,2024-12-04,2025-03-03,Quarterly,3,4800,5,4560
MS04659,M02380,2024-02-01,2024-02-29,Monthly,1,1800,10,1620
MS04660,M02381,2025-08-16,2025-12-31,Half-Yearly,6,8500,5,8080
MS04661,M02382,2025-01-18,2025-07-17,Half-Yearly,6,8500,5,8080
MS04662,M02382,2025-07-18,2025-10-17,Quarterly,3,4800,5,4560
MS04663,M02383,2024-08-25,2025-02-24,Half-Yearly,6,8500,0,8500
MS04664,M02383,2025-02-25,2025-03-24,Monthly,1,1800,10,1620
MS04665,M02384,2024-11-06,2025-02-05,Quarterly,3,4800,10,4320
MS04666,M02384,2025-02-06,2025-05-05,Quarterly,3,4800,15,4080
MS04667,M02384,2025-05-06,2025-06-05,Monthly,1,1800,0,1800
MS04668,M02384,2025-06-06,2025-09-05,Quarterly,3,4800,0,4800
MS04669,M02384,2025-09-06,2025-10-05,Monthly,1,1800,0,1800
MS04670,M02384,2025-10-06,2025-12-31,Yearly,12,15000,5,14250
MS04671,M02385,2025-01-30,2025-04-29,Quarterly,3,4800,0,4800
MS04672,M02386,2024-06-14,2024-07-13,Monthly,1,1800,0,1800
MS04673,M02387,2024-07-02,2025-01-01,Half-Yearly,6,8500,10,7650
MS04674,M02387,2025-01-02,2025-04-01,Quarterly,3,4800,0,4800
MS04675,M02388,2024-09-24,2025-09-23,Yearly,12,15000,5,14250
MS04676,M02388,2025-09-24,2025-12-31,Half-Yearly,6,8500,5,8080
MS04677,M02389,2024-06-13,2024-09-12,Quarterly,3,4800,15,4080
MS04678,M02389,2024-09-13,2025-03-12,Half-Yearly,6,8500,0,8500
MS04679,M02389,2025-03-13,2025-12-31,Yearly,12,15000,5,14250
MS04680,M02390,2025-04-28,2025-05-27,Monthly,1,1800,0,1800
MS04681,M02391,2024-03-07,2024-04-06,Monthly,1,1800,0,1800
MS04682,M02392,2025-06-11,2025-09-10,Quarterly,3,4800,0,4800
MS04683,M02392,2025-09-11,2025-10-10,Monthly,1,1800,5,1710
MS04684,M02393,2024-08-10,2024-09-09,Monthly,1,1800,0,1800
MS04685,M02394,2024-12-24,2025-01-23,Monthly,1,1800,5,1710
MS04686,M02394,2025-01-24,2025-12-31,Yearly,12,15000,5,14250
MS04687,M02395,2024-04-10,2024-05-09,Monthly,1,1800,0,1800
MS04688,M02395,2024-05-10,2024-06-09,Monthly,1,1800,5,1710
MS04689,M02396,2024-09-02,2024-10-01,Monthly,1,1800,0,1800
MS04690,M02397,2025-04-26,2025-05-25,Monthly,1,1800,5,1710
MS04691,M02398,2024-06-21,2024-09-20,Quarterly,3,4800,5,4560
MS04692,M02399,2024-03-25,2024-04-24,Monthly,1,1800,0,1800
MS04693,M02399,2024-04-25,2024-05-24,Monthly,1,1800,0,1800
MS04694,M02399,2024-05-25,2024-08-24,Quarterly,3,4800,0,4800
MS04695,M02400,2024-11-28,2024-12-27,Monthly,1,1800,5,1710
MS04696,M02400,2024-12-28,2025-01-27,Monthly,1,1800,5,1710
MS04697,M02400,2025-01-28,2025-04-27,Quarterly,3,4800,5,4560
MS04698,M02401,2024-04-13,2024-07-12,Quarterly,3,4800,10,4320
MS04699,M02401,2024-07-13,2025-07-12,Yearly,12,15000,0,15000
MS04700,M02401,2025-07-13,2025-12-31,Yearly,12,15000,0,15000
MS04701,M02402,2024-07-19,2024-10-18,Quarterly,3,4800,10,4320
MS04702,M02402,2024-10-19,2025-01-18,Quarterly,3,4800,0,4800
MS04703,M02402,2025-01-19,2025-04-18,Quarterly,3,4800,10,4320
MS04704,M02403,2024-10-14,2025-01-13,Quarterly,3,4800,10,4320
MS04705,M02403,2025-01-14,2025-02-13,Monthly,1,1800,10,1620
MS04706,M02404,2024-12-25,2025-01-24,Monthly,1,1800,0,1800
MS04707,M02404,2025-01-25,2025-07-24,Half-Yearly,6,8500,0,8500
MS04708,M02404,2025-07-25,2025-12-31,Half-Yearly,6,8500,15,7220
MS04709,M02405,2025-02-11,2025-08-10,Half-Yearly,6,8500,5,8080
MS04710,M02405,2025-08-11,2025-09-10,Monthly,1,1800,0,1800
MS04711,M02405,2025-09-11,2025-10-10,Monthly,1,1800,0,1800
MS04712,M02406,2025-03-07,2025-04-06,Monthly,1,1800,0,1800
MS04713,M02407,2025-06-22,2025-12-21,Half-Yearly,6,8500,15,7220
MS04714,M02408,2024-02-12,2025-02-11,Yearly,12,15000,0,15000
MS04715,M02408,2025-02-12,2025-03-11,Monthly,1,1800,10,1620
MS04716,M02408,2025-03-12,2025-06-11,Quarterly,3,4800,0,4800
MS04717,M02409,2024-08-19,2024-09-18,Monthly,1,1800,10,1620
MS04718,M02410,2024-01-01,2024-01-31,Monthly,1,1800,10,1620
MS04719,M02410,2024-02-01,2024-02-29,Monthly,1,1800,0,1800
MS04720,M02411,2024-01-07,2024-02-06,Monthly,1,1800,10,1620
MS04721,M02412,2024-05-15,2024-06-14,Monthly,1,1800,0,1800
MS04722,M02412,2024-06-15,2024-07-14,Monthly,1,1800,15,1530
MS04723,M02412,2024-07-15,2025-01-14,Half-Yearly,6,8500,15,7220
MS04724,M02412,2025-01-15,2025-04-14,Quarterly,3,4800,10,4320
MS04725,M02412,2025-04-15,2025-05-14,Monthly,1,1800,10,1620
MS04726,M02413,2025-01-16,2025-07-15,Half-Yearly,6,8500,10,7650
MS04727,M02414,2025-07-24,2025-10-23,Quarterly,3,4800,0,4800
MS04728,M02415,2025-05-08,2025-06-07,Monthly,1,1800,10,1620
MS04729,M02415,2025-06-08,2025-09-07,Quarterly,3,4800,10,4320
MS04730,M02416,2025-02-16,2025-03-15,Monthly,1,1800,5,1710
MS04731,M02416,2025-03-16,2025-04-15,Monthly,1,1800,5,1710
MS04732,M02417,2025-05-11,2025-12-31,Yearly,12,15000,5,14250
MS04733,M02418,2024-04-19,2024-05-18,Monthly,1,1800,0,1800
MS04734,M02419,2025-06-19,2025-12-18,Half-Yearly,6,8500,10,7650
MS04735,M02419,2025-12-19,2025-12-31,Monthly,1,1800,0,1800
MS04736,M02420,2025-07-21,2025-08-20,Monthly,1,1800,0,1800
MS04737,M02421,2024-03-01,2024-03-31,Monthly,1,1800,0,1800
MS04738,M02422,2024-10-26,2024-11-25,Monthly,1,1800,5,1710
MS04739,M02423,2025-06-13,2025-07-12,Monthly,1,1800,0,1800
MS04740,M02424,2024-10-30,2025-01-29,Quarterly,3,4800,15,4080
MS04741,M02424,2025-01-30,2025-07-29,Half-Yearly,6,8500,5,8080
MS04742,M02424,2025-07-30,2025-10-29,Quarterly,3,4800,0,4800
MS04743,M02424,2025-10-30,2025-11-29,Monthly,1,1800,0,1800
MS04744,M02425,2025-06-20,2025-07-19,Monthly,1,1800,0,1800
MS04745,M02425,2025-07-20,2025-10-19,Quarterly,3,4800,15,4080
MS04746,M02425,2025-10-20,2025-12-31,Yearly,12,15000,5,14250
MS04747,M02426,2025-08-19,2025-11-18,Quarterly,3,4800,0,4800
MS04748,M02427,2024-10-29,2025-01-28,Quarterly,3,4800,10,4320
MS04749,M02428,2024-02-07,2024-05-06,Quarterly,3,4800,5,4560
MS04750,M02428,2024-05-07,2024-08-06,Quarterly,3,4800,5,4560
MS04751,M02429,2024-08-04,2024-09-03,Monthly,1,1800,15,1530
MS04752,M02429,2024-09-04,2024-10-03,Monthly,1,1800,0,1800
MS04753,M02429,2024-10-04,2024-11-03,Monthly,1,1800,0,1800
MS04754,M02429,2024-11-04,2024-12-03,Monthly,1,1800,0,1800
MS04755,M02430,2024-05-17,2024-08-16,Quarterly,3,4800,0,4800
MS04756,M02430,2024-08-17,2024-11-16,Quarterly,3,4800,5,4560
MS04757,M02430,2024-11-17,2025-02-16,Quarterly,3,4800,0,4800
MS04758,M02430,2025-02-17,2025-12-31,Yearly,12,15000,0,15000
MS04759,M02431,2024-10-29,2024-11-28,Monthly,1,1800,5,1710
MS04760,M02431,2024-11-29,2024-12-28,Monthly,1,1800,0,1800
MS04761,M02431,2024-12-29,2025-01-28,Monthly,1,1800,0,1800
MS04762,M02431,2025-01-29,2025-02-27,Monthly,1,1800,15,1530
MS04763,M02432,2025-01-08,2025-02-07,Monthly,1,1800,0,1800
MS04764,M02433,2024-10-22,2025-04-21,Half-Yearly,6,8500,0,8500
MS04765,M02433,2025-04-22,2025-07-21,Quarterly,3,4800,0,4800
MS04766,M02433,2025-07-22,2025-08-21,Monthly,1,1800,10,1620
MS04767,M02433,2025-08-22,2025-09-21,Monthly,1,1800,0,1800
MS04768,M02434,2024-05-04,2024-08-03,Quarterly,3,4800,5,4560
MS04769,M02434,2024-08-04,2024-11-03,Quarterly,3,4800,0,4800
MS04770,M02435,2024-07-11,2025-01-10,Half-Yearly,6,8500,0,8500
MS04771,M02435,2025-01-11,2025-02-10,Monthly,1,1800,0,1800
MS04772,M02435,2025-02-11,2025-08-10,Half-Yearly,6,8500,10,7650
MS04773,M02435,2025-08-11,2025-11-10,Quarterly,3,4800,0,4800
MS04774,M02436,2025-03-09,2025-04-08,Monthly,1,1800,15,1530
MS04775,M02436,2025-04-09,2025-05-08,Monthly,1,1800,5,1710
MS04776,M02436,2025-05-09,2025-06-08,Monthly,1,1800,5,1710
MS04777,M02437,2024-01-18,2024-02-17,Monthly,1,1800,5,1710
MS04778,M02438,2024-05-16,2024-06-15,Monthly,1,1800,0,1800
MS04779,M02439,2025-07-23,2025-12-31,Yearly,12,15000,0,15000
MS04780,M02440,2024-03-04,2024-06-03,Quarterly,3,4800,5,4560
MS04781,M02441,2024-09-21,2024-12-20,Quarterly,3,4800,0,4800
MS04782,M02442,2024-05-12,2024-08-11,Quarterly,3,4800,5,4560
MS04783,M02442,2024-08-12,2024-09-11,Monthly,1,1800,5,1710
MS04784,M02443,2024-03-07,2024-04-06,Monthly,1,1800,0,1800
MS04785,M02444,2024-09-26,2024-10-25,Monthly,1,1800,5,1710
MS04786,M02444,2024-10-26,2025-01-25,Quarterly,3,4800,0,4800
MS04787,M02445,2024-11-28,2025-02-27,Quarterly,3,4800,0,4800
MS04788,M02446,2024-04-22,2024-05-21,Monthly,1,1800,0,1800
MS04789,M02447,2024-02-19,2024-05-18,Quarterly,3,4800,5,4560
MS04790,M02448,2024-03-26,2024-06-25,Quarterly,3,4800,0,4800
MS04791,M02448,2024-06-26,2024-12-25,Half-Yearly,6,8500,0,8500
MS04792,M02448,2024-12-26,2025-12-25,Yearly,12,15000,10,13500
MS04793,M02448,2025-12-26,2025-12-31,Half-Yearly,6,8500,0,8500
MS04794,M02449,2025-02-19,2025-05-18,Quarterly,3,4800,5,4560
MS04795,M02449,2025-05-19,2025-06-18,Monthly,1,1800,0,1800
MS04796,M02450,2025-07-02,2025-10-01,Quarterly,3,4800,10,4320
MS04797,M02450,2025-10-02,2025-11-01,Monthly,1,1800,5,1710
MS04798,M02451,2024-04-25,2024-07-24,Quarterly,3,4800,0,4800
MS04799,M02451,2024-07-25,2024-10-24,Quarterly,3,4800,10,4320
MS04800,M02452,2024-07-23,2024-10-22,Quarterly,3,4800,5,4560
MS04801,M02453,2024-08-07,2025-02-06,Half-Yearly,6,8500,0,8500
MS04802,M02453,2025-02-07,2025-08-06,Half-Yearly,6,8500,10,7650
MS04803,M02453,2025-08-07,2025-09-06,Monthly,1,1800,10,1620
MS04804,M02453,2025-09-07,2025-10-06,Monthly,1,1800,5,1710
MS04805,M02454,2024-08-18,2024-09-17,Monthly,1,1800,5,1710
MS04806,M02455,2024-06-04,2024-07-03,Monthly,1,1800,0,1800
MS04807,M02456,2024-02-05,2025-02-04,Yearly,12,15000,10,13500
MS04808,M02456,2025-02-05,2025-05-04,Quarterly,3,4800,10,4320
MS04809,M02456,2025-05-05,2025-08-04,Quarterly,3,4800,0,4800
MS04810,M02457,2024-12-01,2024-12-31,Monthly,1,1800,0,1800
MS04811,M02457,2025-01-01,2025-01-31,Monthly,1,1800,0,1800
MS04812,M02457,2025-02-01,2025-04-30,Quarterly,3,4800,0,4800
MS04813,M02457,2025-05-01,2025-05-31,Monthly,1,1800,15,1530
MS04814,M02457,2025-06-01,2025-08-31,Quarterly,3,4800,0,4800
MS04815,M02457,2025-09-01,2025-12-31,Half-Yearly,6,8500,5,8080
MS04816,M02458,2024-08-16,2024-09-15,Monthly,1,1800,0,1800
MS04817,M02458,2024-09-16,2024-10-15,Monthly,1,1800,10,1620
MS04818,M02458,2024-10-16,2024-11-15,Monthly,1,1800,0,1800
MS04819,M02458,2024-11-16,2024-12-15,Monthly,1,1800,0,1800
MS04820,M02459,2024-08-06,2024-11-05,Quarterly,3,4800,0,4800
MS04821,M02459,2024-11-06,2025-02-05,Quarterly,3,4800,0,4800
MS04822,M02460,2024-06-17,2024-09-16,Quarterly,3,4800,5,4560
MS04823,M02461,2025-08-15,2025-09-14,Monthly,1,1800,0,1800
MS04824,M02462,2025-01-24,2025-02-23,Monthly,1,1800,0,1800
MS04825,M02463,2024-09-24,2025-03-23,Half-Yearly,6,8500,0,8500
MS04826,M02464,2024-05-11,2024-06-10,Monthly,1,1800,10,1620
MS04827,M02464,2024-06-11,2024-09-10,Quarterly,3,4800,5,4560
MS04828,M02464,2024-09-11,2025-09-10,Yearly,12,15000,0,15000
MS04829,M02465,2025-05-26,2025-06-25,Monthly,1,1800,0,1800
MS04830,M02465,2025-06-26,2025-07-25,Monthly,1,1800,5,1710
MS04831,M02466,2025-07-20,2025-12-31,Half-Yearly,6,8500,5,8080
MS04832,M02467,2024-01-21,2024-02-20,Monthly,1,1800,5,1710
MS04833,M02468,2025-08-16,2025-09-15,Monthly,1,1800,0,1800
MS04834,M02468,2025-09-16,2025-10-15,Monthly,1,1800,5,1710
MS04835,M02468,2025-10-16,2025-12-31,Half-Yearly,6,8500,0,8500
MS04836,M02469,2025-03-22,2025-04-21,Monthly,1,1800,0,1800
MS04837,M02470,2024-03-04,2025-03-03,Yearly,12,15000,0,15000
MS04838,M02470,2025-03-04,2025-06-03,Quarterly,3,4800,5,4560
MS04839,M02471,2025-04-25,2025-05-24,Monthly,1,1800,5,1710
MS04840,M02471,2025-05-25,2025-06-24,Monthly,1,1800,10,1620
MS04841,M02471,2025-06-25,2025-07-24,Monthly,1,1800,0,1800
MS04842,M02471,2025-07-25,2025-12-31,Yearly,12,15000,0,15000
MS04843,M02472,2024-03-09,2024-09-08,Half-Yearly,6,8500,0,8500
MS04844,M02472,2024-09-09,2024-10-08,Monthly,1,1800,0,1800
MS04845,M02472,2024-10-09,2025-01-08,Quarterly,3,4800,0,4800
MS04846,M02473,2024-02-02,2025-02-01,Yearly,12,15000,0,15000
MS04847,M02473,2025-02-02,2025-03-01,Monthly,1,1800,0,1800
MS04848,M02473,2025-03-02,2025-06-01,Quarterly,3,4800,0,4800
MS04849,M02473,2025-06-02,2025-07-01,Monthly,1,1800,5,1710
MS04850,M02473,2025-07-02,2025-12-31,Half-Yearly,6,8500,5,8080
MS04851,M02474,2024-03-14,2024-06-13,Quarterly,3,4800,0,4800
MS04852,M02475,2024-10-20,2024-11-19,Monthly,1,1800,5,1710
MS04853,M02476,2025-01-30,2025-04-29,Quarterly,3,4800,5,4560
MS04854,M02476,2025-04-30,2025-07-29,Quarterly,3,4800,0,4800
MS04855,M02476,2025-07-30,2025-08-29,Monthly,1,1800,5,1710
MS04856,M02477,2024-09-16,2025-03-15,Half-Yearly,6,8500,5,8080
MS04857,M02478,2024-03-18,2025-03-17,Yearly,12,15000,0,15000
MS04858,M02478,2025-03-18,2025-04-17,Monthly,1,1800,0,1800
MS04859,M02479,2024-05-07,2024-06-06,Monthly,1,1800,10,1620
MS04860,M02480,2025-06-27,2025-12-26,Half-Yearly,6,8500,5,8080
MS04861,M02480,2025-12-27,2025-12-31,Monthly,1,1800,0,1800
MS04862,M02481,2025-09-06,2025-10-05,Monthly,1,1800,5,1710
MS04863,M02482,2025-04-26,2025-05-25,Monthly,1,1800,10,1620
MS04864,M02482,2025-05-26,2025-06-25,Monthly,1,1800,5,1710
MS04865,M02482,2025-06-26,2025-12-25,Half-Yearly,6,8500,0,8500
MS04866,M02482,2025-12-26,2025-12-31,Half-Yearly,6,8500,5,8080
MS04867,M02483,2024-03-06,2024-04-05,Monthly,1,1800,10,1620
MS04868,M02484,2025-06-07,2025-09-06,Quarterly,3,4800,0,4800
MS04869,M02485,2025-03-17,2025-12-31,Yearly,12,15000,5,14250
MS04870,M02486,2024-12-01,2024-12-31,Monthly,1,1800,0,1800
MS04871,M02487,2024-04-01,2024-06-30,Quarterly,3,4800,5,4560
MS04872,M02488,2025-09-27,2025-10-26,Monthly,1,1800,10,1620
MS04873,M02488,2025-10-27,2025-12-31,Yearly,12,15000,0,15000
MS04874,M02489,2024-10-09,2025-01-08,Quarterly,3,4800,0,4800
MS04875,M02489,2025-01-09,2025-04-08,Quarterly,3,4800,0,4800
MS04876,M02490,2024-01-29,2024-02-28,Monthly,1,1800,0,1800
MS04877,M02490,2024-02-29,2024-05-28,Quarterly,3,4800,0,4800
MS04878,M02490,2024-05-29,2024-06-28,Monthly,1,1800,0,1800
MS04879,M02491,2024-05-13,2024-06-12,Monthly,1,1800,0,1800
MS04880,M02491,2024-06-13,2025-06-12,Yearly,12,15000,0,15000
MS04881,M02492,2024-09-13,2024-10-12,Monthly,1,1800,15,1530
MS04882,M02492,2024-10-13,2025-01-12,Quarterly,3,4800,0,4800
MS04883,M02493,2024-02-09,2024-03-08,Monthly,1,1800,10,1620
MS04884,M02493,2024-03-09,2024-06-08,Quarterly,3,4800,10,4320
MS04885,M02493,2024-06-09,2024-09-08,Quarterly,3,4800,10,4320
MS04886,M02493,2024-09-09,2024-10-08,Monthly,1,1800,0,1800
MS04887,M02494,2024-07-25,2024-08-24,Monthly,1,1800,5,1710
MS04888,M02494,2024-08-25,2025-08-24,Yearly,12,15000,5,14250
MS04889,M02494,2025-08-25,2025-12-31,Half-Yearly,6,8500,10,7650
MS04890,M02495,2024-10-25,2024-11-24,Monthly,1,1800,0,1800
MS04891,M02495,2024-11-25,2024-12-24,Monthly,1,1800,0,1800
MS04892,M02495,2024-12-25,2025-01-24,Monthly,1,1800,0,1800
MS04893,M02495,2025-01-25,2025-04-24,Quarterly,3,4800,0,4800
MS04894,M02495,2025-04-25,2025-10-24,Half-Yearly,6,8500,5,8080
MS04895,M02496,2025-08-28,2025-12-31,Yearly,12,15000,5,14250
MS04896,M02497,2024-02-25,2024-03-24,Monthly,1,1800,5,1710
MS04897,M02498,2025-01-03,2025-04-02,Quarterly,3,4800,0,4800
MS04898,M02499,2025-08-07,2025-09-06,Monthly,1,1800,10,1620
MS04899,M02500,2025-05-29,2025-11-28,Half-Yearly,6,8500,0,8500
MS04900,M02500,2025-11-29,2025-12-31,Quarterly,3,4800,5,4560
MS04901,M02501,2025-08-13,2025-11-12,Quarterly,3,4800,10,4320
MS04902,M02501,2025-11-13,2025-12-12,Monthly,1,1800,5,1710
MS04903,M02502,2024-04-18,2025-04-17,Yearly,12,15000,10,13500
MS04904,M02502,2025-04-18,2025-07-17,Quarterly,3,4800,10,4320
MS04905,M02502,2025-07-18,2025-08-17,Monthly,1,1800,5,1710
MS04906,M02502,2025-08-18,2025-12-31,Yearly,12,15000,0,15000
MS04907,M02503,2025-05-26,2025-12-31,Yearly,12,15000,0,15000
MS04908,M02504,2025-09-16,2025-10-15,Monthly,1,1800,15,1530
MS04909,M02505,2024-07-27,2024-08-26,Monthly,1,1800,10,1620
MS04910,M02506,2024-11-14,2024-12-13,Monthly,1,1800,0,1800
MS04911,M02507,2024-12-04,2025-01-03,Monthly,1,1800,5,1710
MS04912,M02507,2025-01-04,2025-04-03,Quarterly,3,4800,0,4800
MS04913,M02507,2025-04-04,2025-05-03,Monthly,1,1800,15,1530
MS04914,M02507,2025-05-04,2025-06-03,Monthly,1,1800,0,1800
MS04915,M02507,2025-06-04,2025-12-03,Half-Yearly,6,8500,0,8500
MS04916,M02507,2025-12-04,2025-12-31,Quarterly,3,4800,10,4320
MS04917,M02508,2024-11-10,2024-12-09,Monthly,1,1800,10,1620
MS04918,M02509,2024-07-03,2025-07-02,Yearly,12,15000,15,12750
MS04919,M02509,2025-07-03,2025-08-02,Monthly,1,1800,0,1800
MS04920,M02510,2025-09-11,2025-12-31,Yearly,12,15000,0,15000
MS04921,M02511,2024-08-30,2024-09-29,Monthly,1,1800,0,1800
MS04922,M02511,2024-09-30,2024-10-29,Monthly,1,1800,5,1710
MS04923,M02511,2024-10-30,2025-01-29,Quarterly,3,4800,5,4560
MS04924,M02512,2025-05-28,2025-06-27,Monthly,1,1800,0,1800
MS04925,M02513,2024-09-10,2024-12-09,Quarterly,3,4800,0,4800
MS04926,M02513,2024-12-10,2025-12-09,Yearly,12,15000,0,15000
MS04927,M02513,2025-12-10,2025-12-31,Yearly,12,15000,10,13500
MS04928,M02514,2025-05-22,2025-11-21,Half-Yearly,6,8500,0,8500
MS04929,M02515,2025-01-08,2025-04-07,Quarterly,3,4800,5,4560
MS04930,M02516,2024-10-26,2025-04-25,Half-Yearly,6,8500,0,8500
MS04931,M02516,2025-04-26,2025-10-25,Half-Yearly,6,8500,5,8080
MS04932,M02516,2025-10-26,2025-11-25,Monthly,1,1800,15,1530
MS04933,M02516,2025-11-26,2025-12-31,Quarterly,3,4800,5,4560
MS04934,M02517,2024-03-22,2024-04-21,Monthly,1,1800,0,1800
MS04935,M02517,2024-04-22,2025-04-21,Yearly,12,15000,0,15000
MS04936,M02517,2025-04-22,2025-07-21,Quarterly,3,4800,10,4320
MS04937,M02517,2025-07-22,2025-08-21,Monthly,1,1800,5,1710
MS04938,M02518,2025-02-21,2025-05-20,Quarterly,3,4800,0,4800
MS04939,M02519,2024-07-23,2024-10-22,Quarterly,3,4800,10,4320
MS04940,M02520,2024-05-18,2024-11-17,Half-Yearly,6,8500,0,8500
MS04941,M02520,2024-11-18,2025-02-17,Quarterly,3,4800,0,4800
MS04942,M02520,2025-02-18,2025-03-17,Monthly,1,1800,10,1620
MS04943,M02521,2024-05-03,2024-08-02,Quarterly,3,4800,10,4320
MS04944,M02521,2024-08-03,2025-02-02,Half-Yearly,6,8500,0,8500
MS04945,M02521,2025-02-03,2025-05-02,Quarterly,3,4800,10,4320
MS04946,M02522,2025-09-18,2025-12-31,Yearly,12,15000,10,13500
MS04947,M02523,2024-03-06,2024-04-05,Monthly,1,1800,0,1800
MS04948,M02524,2025-05-24,2025-08-23,Quarterly,3,4800,0,4800
MS04949,M02524,2025-08-24,2025-12-31,Half-Yearly,6,8500,0,8500
MS04950,M02525,2025-07-06,2025-08-05,Monthly,1,1800,5,1710
MS04951,M02526,2024-01-20,2024-02-19,Monthly,1,1800,10,1620
MS04952,M02527,2025-01-10,2025-02-09,Monthly,1,1800,10,1620
MS04953,M02528,2025-01-03,2025-04-02,Quarterly,3,4800,0,4800
MS04954,M02528,2025-04-03,2025-05-02,Monthly,1,1800,0,1800
MS04955,M02529,2024-08-16,2025-08-15,Yearly,12,15000,0,15000
MS04956,M02529,2025-08-16,2025-11-15,Quarterly,3,4800,5,4560
MS04957,M02530,2025-03-01,2025-03-31,Monthly,1,1800,5,1710
MS04958,M02530,2025-04-01,2025-04-30,Monthly,1,1800,5,1710
MS04959,M02530,2025-05-01,2025-05-31,Monthly,1,1800,0,1800
MS04960,M02530,2025-06-01,2025-06-30,Monthly,1,1800,0,1800
MS04961,M02530,2025-07-01,2025-09-30,Quarterly,3,4800,5,4560
MS04962,M02531,2024-09-17,2025-09-16,Yearly,12,15000,10,13500
MS04963,M02531,2025-09-17,2025-10-16,Monthly,1,1800,0,1800
MS04964,M02532,2024-10-07,2025-10-06,Yearly,12,15000,5,14250
MS04965,M02532,2025-10-07,2025-11-06,Monthly,1,1800,0,1800
MS04966,M02533,2024-10-02,2024-11-01,Monthly,1,1800,0,1800
MS04967,M02534,2025-05-25,2025-11-24,Half-Yearly,6,8500,10,7650
MS04968,M02534,2025-11-25,2025-12-24,Monthly,1,1800,5,1710
MS04969,M02535,2025-02-07,2025-12-31,Yearly,12,15000,0,15000
MS04970,M02536,2024-08-29,2024-09-28,Monthly,1,1800,5,1710
MS04971,M02536,2024-09-29,2024-10-28,Monthly,1,1800,0,1800
MS04972,M02536,2024-10-29,2025-01-28,Quarterly,3,4800,0,4800
MS04973,M02537,2025-08-14,2025-11-13,Quarterly,3,4800,0,4800
MS04974,M02537,2025-11-14,2025-12-13,Monthly,1,1800,0,1800
MS04975,M02538,2025-05-26,2025-12-31,Yearly,12,15000,0,15000
MS04976,M02539,2025-08-18,2025-12-31,Half-Yearly,6,8500,5,8080
MS04977,M02540,2025-04-11,2025-05-10,Monthly,1,1800,0,1800
MS04978,M02540,2025-05-11,2025-12-31,Yearly,12,15000,5,14250
MS04979,M02541,2024-09-06,2025-09-05,Yearly,12,15000,0,15000
MS04980,M02541,2025-09-06,2025-12-31,Yearly,12,15000,5,14250
MS04981,M02542,2025-05-08,2025-06-07,Monthly,1,1800,0,1800
MS04982,M02543,2024-07-29,2024-08-28,Monthly,1,1800,10,1620
MS04983,M02544,2024-06-21,2024-07-20,Monthly,1,1800,10,1620
MS04984,M02545,2024-10-14,2025-04-13,Half-Yearly,6,8500,0,8500
MS04985,M02545,2025-04-14,2025-05-13,Monthly,1,1800,0,1800
MS04986,M02546,2025-09-10,2025-12-31,Yearly,12,15000,0,15000
MS04987,M02547,2024-12-28,2025-12-27,Yearly,12,15000,5,14250
MS04988,M02547,2025-12-28,2025-12-31,Monthly,1,1800,5,1710
MS04989,M02548,2024-09-01,2024-09-30,Monthly,1,1800,0,1800
MS04990,M02549,2024-10-21,2025-04-20,Half-Yearly,6,8500,15,7220
MS04991,M02550,2024-07-04,2024-10-03,Quarterly,3,4800,15,4080
MS04992,M02550,2024-10-04,2025-01-03,Quarterly,3,4800,0,4800
MS04993,M02550,2025-01-04,2025-02-03,Monthly,1,1800,10,1620
MS04994,M02550,2025-02-04,2025-03-03,Monthly,1,1800,15,1530
MS04995,M02551,2025-02-24,2025-08-23,Half-Yearly,6,8500,5,8080
MS04996,M02551,2025-08-24,2025-09-23,Monthly,1,1800,10,1620
MS04997,M02552,2024-08-11,2024-09-10,Monthly,1,1800,0,1800
MS04998,M02552,2024-09-11,2024-12-10,Quarterly,3,4800,0,4800
MS04999,M02552,2024-12-11,2025-01-10,Monthly,1,1800,5,1710
MS05000,M02553,2024-12-19,2025-01-18,Monthly,1,1800,0,1800
MS05001,M02553,2025-01-19,2025-04-18,Quarterly,3,4800,0,4800
MS05002,M02554,2024-08-23,2024-09-22,Monthly,1,1800,10,1620
MS05003,M02554,2024-09-23,2024-12-22,Quarterly,3,4800,5,4560
MS05004,M02554,2024-12-23,2025-01-22,Monthly,1,1800,0,1800
MS05005,M02555,2024-07-23,2025-07-22,Yearly,12,15000,5,14250
MS05006,M02555,2025-07-23,2025-08-22,Monthly,1,1800,0,1800
MS05007,M02556,2025-09-11,2025-10-10,Monthly,1,1800,0,1800
MS05008,M02556,2025-10-11,2025-11-10,Monthly,1,1800,15,1530
MS05009,M02556,2025-11-11,2025-12-10,Monthly,1,1800,0,1800
MS05010,M02556,2025-12-11,2025-12-31,Monthly,1,1800,0,1800
MS05011,M02557,2024-08-08,2024-09-07,Monthly,1,1800,10,1620
MS05012,M02558,2024-02-14,2024-08-13,Half-Yearly,6,8500,0,8500
MS05013,M02558,2024-08-14,2025-08-13,Yearly,12,15000,0,15000
MS05014,M02558,2025-08-14,2025-09-13,Monthly,1,1800,0,1800
MS05015,M02559,2024-08-29,2024-11-28,Quarterly,3,4800,0,4800
MS05016,M02559,2024-11-29,2024-12-28,Monthly,1,1800,0,1800
MS05017,M02560,2024-12-05,2025-03-04,Quarterly,3,4800,0,4800
MS05018,M02560,2025-03-05,2025-06-04,Quarterly,3,4800,0,4800
MS05019,M02561,2024-03-01,2024-08-31,Half-Yearly,6,8500,0,8500
MS05020,M02562,2024-07-14,2024-08-13,Monthly,1,1800,0,1800
MS05021,M02563,2024-04-15,2024-10-14,Half-Yearly,6,8500,5,8080
MS05022,M02564,2024-11-15,2024-12-14,Monthly,1,1800,10,1620
MS05023,M02565,2025-04-06,2025-10-05,Half-Yearly,6,8500,0,8500
MS05024,M02565,2025-10-06,2025-12-31,Yearly,12,15000,0,15000
MS05025,M02566,2025-09-09,2025-10-08,Monthly,1,1800,0,1800
MS05026,M02566,2025-10-09,2025-12-31,Quarterly,3,4800,0,4800
MS05027,M02567,2024-09-05,2025-09-04,Yearly,12,15000,0,15000
MS05028,M02567,2025-09-05,2025-10-04,Monthly,1,1800,5,1710
MS05029,M02568,2025-07-04,2025-12-31,Half-Yearly,6,8500,0,8500
MS05030,M02569,2024-05-16,2024-06-15,Monthly,1,1800,5,1710
MS05031,M02569,2024-06-16,2024-09-15,Quarterly,3,4800,0,4800
MS05032,M02570,2025-05-12,2025-06-11,Monthly,1,1800,5,1710
MS05033,M02570,2025-06-12,2025-09-11,Quarterly,3,4800,15,4080
MS05034,M02570,2025-09-12,2025-10-11,Monthly,1,1800,5,1710
MS05035,M02570,2025-10-12,2025-11-11,Monthly,1,1800,0,1800
MS05036,M02570,2025-11-12,2025-12-31,Half-Yearly,6,8500,0,8500
MS05037,M02571,2024-12-24,2025-01-23,Monthly,1,1800,0,1800
MS05038,M02572,2025-04-28,2025-10-27,Half-Yearly,6,8500,10,7650
MS05039,M02572,2025-10-28,2025-11-27,Monthly,1,1800,0,1800
MS05040,M02573,2025-04-27,2025-10-26,Half-Yearly,6,8500,10,7650
MS05041,M02574,2024-12-05,2025-01-04,Monthly,1,1800,15,1530
MS05042,M02575,2024-06-13,2024-07-12,Monthly,1,1800,0,1800
MS05043,M02576,2024-12-01,2024-12-31,Monthly,1,1800,0,1800
MS05044,M02576,2025-01-01,2025-03-31,Quarterly,3,4800,10,4320
MS05045,M02577,2025-06-11,2025-12-31,Yearly,12,15000,0,15000
MS05046,M02578,2025-09-11,2025-10-10,Monthly,1,1800,5,1710
MS05047,M02579,2025-08-14,2025-12-31,Half-Yearly,6,8500,5,8080
MS05048,M02580,2024-04-25,2024-05-24,Monthly,1,1800,5,1710
MS05049,M02580,2024-05-25,2024-06-24,Monthly,1,1800,10,1620
MS05050,M02580,2024-06-25,2024-07-24,Monthly,1,1800,0,1800
MS05051,M02580,2024-07-25,2024-08-24,Monthly,1,1800,0,1800
MS05052,M02581,2025-01-16,2025-02-15,Monthly,1,1800,0,1800
MS05053,M02582,2024-03-07,2024-06-06,Quarterly,3,4800,5,4560
MS05054,M02583,2025-03-02,2025-06-01,Quarterly,3,4800,0,4800
MS05055,M02584,2025-09-25,2025-10-24,Monthly,1,1800,5,1710
MS05056,M02585,2024-02-03,2024-08-02,Half-Yearly,6,8500,5,8080
MS05057,M02585,2024-08-03,2024-09-02,Monthly,1,1800,10,1620
MS05058,M02585,2024-09-03,2025-09-02,Yearly,12,15000,10,13500
MS05059,M02585,2025-09-03,2025-10-02,Monthly,1,1800,10,1620
MS05060,M02585,2025-10-03,2025-11-02,Monthly,1,1800,0,1800
MS05061,M02585,2025-11-03,2025-12-02,Monthly,1,1800,10,1620
MS05062,M02586,2025-02-22,2025-03-21,Monthly,1,1800,5,1710
MS05063,M02586,2025-03-22,2025-06-21,Quarterly,3,4800,0,4800
MS05064,M02587,2025-08-26,2025-12-31,Half-Yearly,6,8500,5,8080
MS05065,M02588,2025-06-24,2025-09-23,Quarterly,3,4800,0,4800
MS05066,M02589,2024-09-07,2025-09-06,Yearly,12,15000,15,12750
MS05067,M02589,2025-09-07,2025-12-06,Quarterly,3,4800,0,4800
MS05068,M02589,2025-12-07,2025-12-31,Quarterly,3,4800,15,4080
MS05069,M02590,2024-03-07,2024-09-06,Half-Yearly,6,8500,0,8500
MS05070,M02590,2024-09-07,2024-12-06,Quarterly,3,4800,5,4560
MS05071,M02590,2024-12-07,2025-03-06,Quarterly,3,4800,0,4800
MS05072,M02591,2025-08-12,2025-12-31,Yearly,12,15000,5,14250
MS05073,M02592,2025-08-10,2025-09-09,Monthly,1,1800,5,1710
MS05074,M02593,2025-01-04,2025-02-03,Monthly,1,1800,5,1710
MS05075,M02594,2025-09-16,2025-10-15,Monthly,1,1800,5,1710
MS05076,M02595,2024-01-03,2024-07-02,Half-Yearly,6,8500,15,7220
MS05077,M02596,2025-01-28,2025-04-27,Quarterly,3,4800,0,4800
MS05078,M02596,2025-04-28,2025-05-27,Monthly,1,1800,5,1710
MS05079,M02596,2025-05-28,2025-06-27,Monthly,1,1800,10,1620
MS05080,M02596,2025-06-28,2025-07-27,Monthly,1,1800,5,1710
MS05081,M02596,2025-07-28,2025-10-27,Quarterly,3,4800,0,4800
MS05082,M02597,2024-01-25,2024-04-24,Quarterly,3,4800,5,4560
MS05083,M02597,2024-04-25,2024-07-24,Quarterly,3,4800,0,4800
MS05084,M02597,2024-07-25,2024-08-24,Monthly,1,1800,0,1800
MS05085,M02597,2024-08-25,2024-09-24,Monthly,1,1800,0,1800
MS05086,M02597,2024-09-25,2025-03-24,Half-Yearly,6,8500,5,8080
MS05087,M02597,2025-03-25,2025-04-24,Monthly,1,1800,0,1800
MS05088,M02598,2025-08-19,2025-09-18,Monthly,1,1800,10,1620
MS05089,M02599,2025-03-10,2025-04-09,Monthly,1,1800,10,1620
MS05090,M02600,2025-08-05,2025-12-31,Half-Yearly,6,8500,5,8080
MS05091,M02601,2024-12-24,2025-03-23,Quarterly,3,4800,0,4800
MS05092,M02601,2025-03-24,2025-06-23,Quarterly,3,4800,0,4800
MS05093,M02602,2024-02-23,2025-02-22,Yearly,12,15000,0,15000
MS05094,M02602,2025-02-23,2025-03-22,Monthly,1,1800,0,1800
MS05095,M02602,2025-03-23,2025-12-31,Yearly,12,15000,0,15000
MS05096,M02603,2024-01-17,2024-02-16,Monthly,1,1800,0,1800
MS05097,M02604,2024-08-02,2025-02-01,Half-Yearly,6,8500,0,8500
MS05098,M02604,2025-02-02,2025-12-31,Yearly,12,15000,5,14250
MS05099,M02605,2025-04-19,2025-05-18,Monthly,1,1800,5,1710
MS05100,M02605,2025-05-19,2025-06-18,Monthly,1,1800,5,1710
MS05101,M02605,2025-06-19,2025-09-18,Quarterly,3,4800,10,4320
MS05102,M02606,2024-04-06,2024-07-05,Quarterly,3,4800,0,4800
MS05103,M02607,2025-06-27,2025-12-26,Half-Yearly,6,8500,0,8500
MS05104,M02608,2024-06-01,2025-05-31,Yearly,12,15000,5,14250
MS05105,M02608,2025-06-01,2025-08-31,Quarterly,3,4800,0,4800
MS05106,M02608,2025-09-01,2025-09-30,Monthly,1,1800,5,1710
MS05107,M02609,2024-11-12,2024-12-11,Monthly,1,1800,0,1800
MS05108,M02609,2024-12-12,2025-01-11,Monthly,1,1800,0,1800
MS05109,M02609,2025-01-12,2025-02-11,Monthly,1,1800,0,1800
MS05110,M02610,2024-05-09,2024-08-08,Quarterly,3,4800,10,4320
MS05111,M02610,2024-08-09,2024-09-08,Monthly,1,1800,0,1800
MS05112,M02610,2024-09-09,2024-10-08,Monthly,1,1800,10,1620
MS05113,M02610,2024-10-09,2024-11-08,Monthly,1,1800,0,1800
MS05114,M02610,2024-11-09,2025-02-08,Quarterly,3,4800,0,4800
MS05115,M02610,2025-02-09,2025-08-08,Half-Yearly,6,8500,0,8500
MS05116,M02610,2025-08-09,2025-11-08,Quarterly,3,4800,0,4800
MS05117,M02611,2024-10-24,2025-04-23,Half-Yearly,6,8500,0,8500
MS05118,M02611,2025-04-24,2025-05-23,Monthly,1,1800,10,1620
MS05119,M02611,2025-05-24,2025-08-23,Quarterly,3,4800,0,4800
MS05120,M02612,2024-10-15,2025-10-14,Yearly,12,15000,0,15000
MS05121,M02612,2025-10-15,2025-12-31,Quarterly,3,4800,5,4560
MS05122,M02613,2024-01-04,2024-04-03,Quarterly,3,4800,5,4560
MS05123,M02614,2024-12-28,2025-03-27,Quarterly,3,4800,5,4560
MS05124,M02614,2025-03-28,2025-04-27,Monthly,1,1800,5,1710
MS05125,M02615,2025-05-16,2025-11-15,Half-Yearly,6,8500,0,8500
MS05126,M02615,2025-11-16,2025-12-15,Monthly,1,1800,0,1800
MS05127,M02615,2025-12-16,2025-12-31,Monthly,1,1800,0,1800
MS05128,M02616,2025-08-20,2025-09-19,Monthly,1,1800,15,1530
MS05129,M02617,2024-07-29,2024-08-28,Monthly,1,1800,10,1620
MS05130,M02618,2025-07-15,2025-12-31,Yearly,12,15000,5,14250
MS05131,M02619,2025-07-14,2025-08-13,Monthly,1,1800,15,1530
MS05132,M02620,2025-09-22,2025-12-21,Quarterly,3,4800,5,4560
MS05133,M02620,2025-12-22,2025-12-31,Half-Yearly,6,8500,0,8500
MS05134,M02621,2024-08-26,2024-09-25,Monthly,1,1800,5,1710
MS05135,M02621,2024-09-26,2025-03-25,Half-Yearly,6,8500,15,7220
MS05136,M02621,2025-03-26,2025-12-31,Yearly,12,15000,5,14250
MS05137,M02622,2025-06-26,2025-07-25,Monthly,1,1800,0,1800
MS05138,M02623,2024-12-26,2025-03-25,Quarterly,3,4800,5,4560
MS05139,M02623,2025-03-26,2025-04-25,Monthly,1,1800,5,1710
MS05140,M02624,2024-02-07,2024-08-06,Half-Yearly,6,8500,0,8500
MS05141,M02624,2024-08-07,2024-09-06,Monthly,1,1800,0,1800
MS05142,M02624,2024-09-07,2024-10-06,Monthly,1,1800,10,1620
MS05143,M02624,2024-10-07,2025-04-06,Half-Yearly,6,8500,15,7220
MS05144,M02624,2025-04-07,2025-07-06,Quarterly,3,4800,0,4800
MS05145,M02624,2025-07-07,2025-08-06,Monthly,1,1800,0,1800
MS05146,M02625,2024-06-21,2024-09-20,Quarterly,3,4800,5,4560
MS05147,M02625,2024-09-21,2025-03-20,Half-Yearly,6,8500,10,7650
MS05148,M02626,2025-03-04,2025-06-03,Quarterly,3,4800,0,4800
MS05149,M02626,2025-06-04,2025-09-03,Quarterly,3,4800,0,4800
MS05150,M02627,2024-04-12,2025-04-11,Yearly,12,15000,15,12750
MS05151,M02627,2025-04-12,2025-05-11,Monthly,1,1800,0,1800
MS05152,M02628,2024-10-04,2025-01-03,Quarterly,3,4800,10,4320
MS05153,M02629,2025-05-09,2025-06-08,Monthly,1,1800,0,1800
MS05154,M02630,2024-04-05,2024-05-04,Monthly,1,1800,5,1710
MS05155,M02630,2024-05-05,2024-08-04,Quarterly,3,4800,15,4080
MS05156,M02630,2024-08-05,2024-11-04,Quarterly,3,4800,15,4080
MS05157,M02630,2024-11-05,2025-05-04,Half-Yearly,6,8500,10,7650
MS05158,M02630,2025-05-05,2025-06-04,Monthly,1,1800,0,1800
MS05159,M02630,2025-06-05,2025-07-04,Monthly,1,1800,0,1800
MS05160,M02630,2025-07-05,2025-12-31,Half-Yearly,6,8500,0,8500
MS05161,M02631,2024-11-12,2024-12-11,Monthly,1,1800,5,1710
MS05162,M02631,2024-12-12,2025-01-11,Monthly,1,1800,15,1530
MS05163,M02632,2024-05-17,2024-08-16,Quarterly,3,4800,5,4560
MS05164,M02632,2024-08-17,2024-09-16,Monthly,1,1800,5,1710
MS05165,M02633,2024-12-08,2025-12-07,Yearly,12,15000,5,14250
MS05166,M02633,2025-12-08,2025-12-31,Quarterly,3,4800,5,4560
MS05167,M02634,2024-06-02,2024-07-01,Monthly,1,1800,0,1800
MS05168,M02634,2024-07-02,2025-01-01,Half-Yearly,6,8500,0,8500
MS05169,M02634,2025-01-02,2025-02-01,Monthly,1,1800,0,1800
MS05170,M02635,2025-09-07,2025-12-06,Quarterly,3,4800,10,4320
MS05171,M02636,2024-02-18,2024-08-17,Half-Yearly,6,8500,0,8500
MS05172,M02636,2024-08-18,2024-09-17,Monthly,1,1800,10,1620
MS05173,M02637,2025-09-06,2025-10-05,Monthly,1,1800,5,1710
MS05174,M02638,2025-05-20,2025-06-19,Monthly,1,1800,5,1710
MS05175,M02639,2025-06-29,2025-07-28,Monthly,1,1800,5,1710
MS05176,M02640,2025-06-27,2025-07-26,Monthly,1,1800,0,1800
MS05177,M02641,2024-04-29,2024-07-28,Quarterly,3,4800,10,4320
MS05178,M02642,2025-08-17,2025-11-16,Quarterly,3,4800,0,4800
MS05179,M02642,2025-11-17,2025-12-31,Quarterly,3,4800,0,4800
MS05180,M02643,2025-01-14,2025-02-13,Monthly,1,1800,0,1800
MS05181,M02644,2025-09-05,2025-10-04,Monthly,1,1800,0,1800
MS05182,M02645,2025-07-14,2025-12-31,Half-Yearly,6,8500,0,8500
MS05183,M02646,2025-01-04,2025-04-03,Quarterly,3,4800,5,4560
MS05184,M02646,2025-04-04,2025-05-03,Monthly,1,1800,10,1620
MS05185,M02646,2025-05-04,2025-11-03,Half-Yearly,6,8500,0,8500
MS05186,M02646,2025-11-04,2025-12-31,Quarterly,3,4800,0,4800
MS05187,M02647,2024-08-26,2024-09-25,Monthly,1,1800,10,1620
MS05188,M02648,2024-03-15,2024-04-14,Monthly,1,1800,5,1710
MS05189,M02649,2024-03-05,2024-04-04,Monthly,1,1800,0,1800
MS05190,M02650,2024-09-05,2024-10-04,Monthly,1,1800,5,1710
MS05191,M02650,2024-10-05,2025-01-04,Quarterly,3,4800,0,4800
MS05192,M02650,2025-01-05,2025-07-04,Half-Yearly,6,8500,5,8080
MS05193,M02650,2025-07-05,2025-10-04,Quarterly,3,4800,5,4560
MS05194,M02650,2025-10-05,2025-12-31,Quarterly,3,4800,15,4080
MS05195,M02651,2025-06-01,2025-11-30,Half-Yearly,6,8500,5,8080
MS05196,M02651,2025-12-01,2025-12-31,Quarterly,3,4800,0,4800
MS05197,M02652,2024-11-18,2025-02-17,Quarterly,3,4800,0,4800
MS05198,M02652,2025-02-18,2025-03-17,Monthly,1,1800,5,1710
MS05199,M02653,2024-11-03,2025-05-02,Half-Yearly,6,8500,10,7650
MS05200,M02653,2025-05-03,2025-06-02,Monthly,1,1800,10,1620
MS05201,M02653,2025-06-03,2025-07-02,Monthly,1,1800,0,1800
MS05202,M02654,2024-06-04,2024-12-03,Half-Yearly,6,8500,0,8500
MS05203,M02655,2024-12-26,2025-06-25,Half-Yearly,6,8500,5,8080
MS05204,M02655,2025-06-26,2025-07-25,Monthly,1,1800,0,1800
MS05205,M02656,2025-02-11,2025-05-10,Quarterly,3,4800,0,4800
MS05206,M02656,2025-05-11,2025-08-10,Quarterly,3,4800,10,4320
MS05207,M02656,2025-08-11,2025-11-10,Quarterly,3,4800,15,4080
MS05208,M02657,2025-09-18,2025-10-17,Monthly,1,1800,10,1620
MS05209,M02658,2025-04-10,2025-10-09,Half-Yearly,6,8500,0,8500
MS05210,M02658,2025-10-10,2025-11-09,Monthly,1,1800,0,1800
MS05211,M02659,2025-01-22,2025-02-21,Monthly,1,1800,5,1710
MS05212,M02660,2025-08-03,2025-11-02,Quarterly,3,4800,0,4800
MS05213,M02660,2025-11-03,2025-12-02,Monthly,1,1800,10,1620
MS05214,M02660,2025-12-03,2025-12-31,Monthly,1,1800,0,1800
MS05215,M02661,2024-09-28,2024-12-27,Quarterly,3,4800,15,4080
MS05216,M02661,2024-12-28,2025-01-27,Monthly,1,1800,10,1620
MS05217,M02661,2025-01-28,2025-02-27,Monthly,1,1800,10,1620
MS05218,M02662,2025-08-19,2025-09-18,Monthly,1,1800,15,1530
MS05219,M02662,2025-09-19,2025-10-18,Monthly,1,1800,0,1800
MS05220,M02662,2025-10-19,2025-11-18,Monthly,1,1800,10,1620
MS05221,M02663,2024-08-24,2024-11-23,Quarterly,3,4800,10,4320
MS05222,M02663,2024-11-24,2024-12-23,Monthly,1,1800,0,1800
MS05223,M02664,2024-03-22,2024-04-21,Monthly,1,1800,0,1800
MS05224,M02665,2024-09-23,2024-10-22,Monthly,1,1800,10,1620
MS05225,M02665,2024-10-23,2025-01-22,Quarterly,3,4800,5,4560
MS05226,M02665,2025-01-23,2025-02-22,Monthly,1,1800,5,1710
MS05227,M02666,2024-03-23,2024-04-22,Monthly,1,1800,0,1800
MS05228,M02666,2024-04-23,2024-05-22,Monthly,1,1800,10,1620
MS05229,M02666,2024-05-23,2024-06-22,Monthly,1,1800,5,1710
MS05230,M02667,2024-03-16,2024-04-15,Monthly,1,1800,5,1710
MS05231,M02668,2025-07-16,2025-08-15,Monthly,1,1800,0,1800
MS05232,M02669,2025-05-22,2025-06-21,Monthly,1,1800,0,1800
MS05233,M02670,2024-05-21,2024-06-20,Monthly,1,1800,0,1800
MS05234,M02670,2024-06-21,2024-07-20,Monthly,1,1800,5,1710
MS05235,M02670,2024-07-21,2024-08-20,Monthly,1,1800,5,1710
MS05236,M02671,2025-06-18,2025-09-17,Quarterly,3,4800,0,4800
MS05237,M02671,2025-09-18,2025-12-31,Yearly,12,15000,0,15000
MS05238,M02672,2024-02-13,2024-05-12,Quarterly,3,4800,10,4320
MS05239,M02673,2024-06-30,2024-07-29,Monthly,1,1800,15,1530
MS05240,M02673,2024-07-30,2025-01-29,Half-Yearly,6,8500,0,8500
MS05241,M02674,2025-03-26,2025-09-25,Half-Yearly,6,8500,10,7650
MS05242,M02674,2025-09-26,2025-10-25,Monthly,1,1800,0,1800
MS05243,M02674,2025-10-26,2025-12-31,Quarterly,3,4800,0,4800
MS05244,M02675,2024-07-12,2024-08-11,Monthly,1,1800,10,1620
MS05245,M02675,2024-08-12,2024-11-11,Quarterly,3,4800,0,4800
MS05246,M02675,2024-11-12,2025-02-11,Quarterly,3,4800,0,4800
MS05247,M02676,2025-04-11,2025-05-10,Monthly,1,1800,15,1530
MS05248,M02676,2025-05-11,2025-06-10,Monthly,1,1800,10,1620
MS05249,M02677,2025-07-11,2025-10-10,Quarterly,3,4800,0,4800
MS05250,M02677,2025-10-11,2025-12-31,Quarterly,3,4800,0,4800
MS05251,M02678,2024-02-12,2024-05-11,Quarterly,3,4800,0,4800
MS05252,M02679,2024-01-16,2024-02-15,Monthly,1,1800,15,1530
MS05253,M02680,2025-08-22,2025-12-31,Yearly,12,15000,10,13500
MS05254,M02681,2024-11-28,2024-12-27,Monthly,1,1800,0,1800
MS05255,M02682,2024-11-19,2024-12-18,Monthly,1,1800,5,1710
MS05256,M02683,2024-10-22,2024-11-21,Monthly,1,1800,5,1710
MS05257,M02684,2024-10-03,2025-04-02,Half-Yearly,6,8500,0,8500
MS05258,M02684,2025-04-03,2025-07-02,Quarterly,3,4800,0,4800
MS05259,M02684,2025-07-03,2025-12-31,Yearly,12,15000,0,15000
MS05260,M02685,2025-03-16,2025-04-15,Monthly,1,1800,10,1620
MS05261,M02685,2025-04-16,2025-05-15,Monthly,1,1800,5,1710
MS05262,M02685,2025-05-16,2025-06-15,Monthly,1,1800,5,1710
MS05263,M02686,2025-01-04,2025-02-03,Monthly,1,1800,0,1800
MS05264,M02687,2024-04-14,2024-05-13,Monthly,1,1800,15,1530
MS05265,M02687,2024-05-14,2024-08-13,Quarterly,3,4800,5,4560
MS05266,M02687,2024-08-14,2024-09-13,Monthly,1,1800,5,1710
MS05267,M02688,2025-02-03,2025-03-02,Monthly,1,1800,0,1800
MS05268,M02688,2025-03-03,2025-04-02,Monthly,1,1800,0,1800
MS05269,M02689,2025-03-02,2025-12-31,Yearly,12,15000,15,12750
MS05270,M02690,2024-03-13,2024-04-12,Monthly,1,1800,0,1800
MS05271,M02690,2024-04-13,2024-07-12,Quarterly,3,4800,0,4800
MS05272,M02690,2024-07-13,2025-01-12,Half-Yearly,6,8500,10,7650
MS05273,M02691,2024-08-28,2024-09-27,Monthly,1,1800,10,1620
MS05274,M02691,2024-09-28,2024-10-27,Monthly,1,1800,0,1800
MS05275,M02692,2025-05-19,2025-06-18,Monthly,1,1800,10,1620
MS05276,M02692,2025-06-19,2025-12-31,Yearly,12,15000,0,15000
MS05277,M02693,2025-01-29,2025-12-31,Yearly,12,15000,5,14250
MS05278,M02694,2024-03-28,2024-06-27,Quarterly,3,4800,0,4800
MS05279,M02695,2024-01-26,2024-04-25,Quarterly,3,4800,0,4800
MS05280,M02695,2024-04-26,2024-05-25,Monthly,1,1800,0,1800
MS05281,M02696,2025-01-05,2025-12-31,Yearly,12,15000,5,14250
MS05282,M02697,2024-10-21,2024-11-20,Monthly,1,1800,0,1800
MS05283,M02697,2024-11-21,2025-05-20,Half-Yearly,6,8500,5,8080
MS05284,M02697,2025-05-21,2025-06-20,Monthly,1,1800,10,1620
MS05285,M02697,2025-06-21,2025-07-20,Monthly,1,1800,0,1800
MS05286,M02697,2025-07-21,2025-10-20,Quarterly,3,4800,5,4560
MS05287,M02697,2025-10-21,2025-11-20,Monthly,1,1800,15,1530
MS05288,M02698,2025-09-05,2025-12-31,Yearly,12,15000,0,15000
MS05289,M02699,2024-11-29,2025-02-27,Quarterly,3,4800,5,4560
MS05290,M02699,2025-02-28,2025-03-27,Monthly,1,1800,10,1620
MS05291,M02699,2025-03-28,2025-06-27,Quarterly,3,4800,10,4320
MS05292,M02700,2025-08-17,2025-09-16,Monthly,1,1800,10,1620
MS05293,M02700,2025-09-17,2025-12-31,Half-Yearly,6,8500,0,8500
MS05294,M02701,2024-05-16,2024-06-15,Monthly,1,1800,10,1620
MS05295,M02702,2024-10-12,2024-11-11,Monthly,1,1800,0,1800
MS05296,M02703,2024-03-30,2024-04-29,Monthly,1,1800,0,1800
MS05297,M02704,2025-01-01,2025-01-31,Monthly,1,1800,0,1800
MS05298,M02704,2025-02-01,2025-04-30,Quarterly,3,4800,5,4560
MS05299,M02704,2025-05-01,2025-05-31,Monthly,1,1800,0,1800
MS05300,M02704,2025-06-01,2025-06-30,Monthly,1,1800,0,1800
MS05301,M02705,2024-04-30,2024-05-29,Monthly,1,1800,15,1530
MS05302,M02706,2024-11-10,2024-12-09,Monthly,1,1800,5,1710
MS05303,M02707,2024-08-07,2024-09-06,Monthly,1,1800,0,1800
MS05304,M02708,2024-04-28,2024-05-27,Monthly,1,1800,5,1710
MS05305,M02709,2024-03-02,2024-04-01,Monthly,1,1800,5,1710
MS05306,M02710,2024-11-22,2024-12-21,Monthly,1,1800,0,1800
MS05307,M02710,2024-12-22,2025-06-21,Half-Yearly,6,8500,5,8080
MS05308,M02710,2025-06-22,2025-12-21,Half-Yearly,6,8500,15,7220
MS05309,M02710,2025-12-22,2025-12-31,Half-Yearly,6,8500,0,8500
MS05310,M02711,2025-08-27,2025-09-26,Monthly,1,1800,0,1800
MS05311,M02712,2024-05-06,2024-06-05,Monthly,1,1800,5,1710
MS05312,M02712,2024-06-06,2024-07-05,Monthly,1,1800,15,1530
MS05313,M02713,2024-09-15,2024-12-14,Quarterly,3,4800,0,4800
MS05314,M02713,2024-12-15,2025-12-14,Yearly,12,15000,0,15000
MS05315,M02713,2025-12-15,2025-12-31,Quarterly,3,4800,15,4080
MS05316,M02714,2024-05-23,2024-11-22,Half-Yearly,6,8500,0,8500
MS05317,M02714,2024-11-23,2024-12-22,Monthly,1,1800,10,1620
MS05318,M02715,2025-05-31,2025-12-31,Yearly,12,15000,5,14250
MS05319,M02716,2024-09-21,2024-12-20,Quarterly,3,4800,5,4560
MS05320,M02716,2024-12-21,2025-06-20,Half-Yearly,6,8500,0,8500
MS05321,M02716,2025-06-21,2025-09-20,Quarterly,3,4800,10,4320
MS05322,M02716,2025-09-21,2025-12-20,Quarterly,3,4800,5,4560
MS05323,M02716,2025-12-21,2025-12-31,Monthly,1,1800,10,1620
MS05324,M02717,2025-09-13,2025-12-12,Quarterly,3,4800,0,4800
MS05325,M02717,2025-12-13,2025-12-31,Half-Yearly,6,8500,10,7650
MS05326,M02718,2024-06-05,2025-06-04,Yearly,12,15000,0,15000
MS05327,M02719,2024-02-21,2025-02-20,Yearly,12,15000,5,14250
MS05328,M02720,2025-01-06,2025-04-05,Quarterly,3,4800,0,4800
MS05329,M02721,2025-02-19,2025-03-18,Monthly,1,1800,0,1800
MS05330,M02721,2025-03-19,2025-06-18,Quarterly,3,4800,5,4560
MS05331,M02722,2025-09-24,2025-12-31,Yearly,12,15000,10,13500
MS05332,M02723,2025-07-09,2025-12-31,Yearly,12,15000,0,15000
MS05333,M02724,2025-07-18,2025-08-17,Monthly,1,1800,0,1800
MS05334,M02724,2025-08-18,2025-09-17,Monthly,1,1800,15,1530
MS05335,M02724,2025-09-18,2025-12-31,Yearly,12,15000,0,15000
MS05336,M02725,2025-02-08,2025-03-07,Monthly,1,1800,15,1530
MS05337,M02725,2025-03-08,2025-06-07,Quarterly,3,4800,15,4080
MS05338,M02726,2024-08-17,2025-02-16,Half-Yearly,6,8500,0,8500
MS05339,M02726,2025-02-17,2025-03-16,Monthly,1,1800,0,1800
MS05340,M02726,2025-03-17,2025-09-16,Half-Yearly,6,8500,15,7220
MS05341,M02726,2025-09-17,2025-12-31,Half-Yearly,6,8500,5,8080
MS05342,M02727,2024-09-30,2024-12-29,Quarterly,3,4800,0,4800
MS05343,M02727,2024-12-30,2025-12-29,Yearly,12,15000,0,15000
MS05344,M02727,2025-12-30,2025-12-31,Monthly,1,1800,5,1710
MS05345,M02728,2024-03-26,2024-06-25,Quarterly,3,4800,0,4800
MS05346,M02729,2024-10-02,2025-10-01,Yearly,12,15000,0,15000
MS05347,M02730,2024-08-20,2024-09-19,Monthly,1,1800,0,1800
MS05348,M02730,2024-09-20,2024-10-19,Monthly,1,1800,15,1530
MS05349,M02731,2024-01-23,2025-01-22,Yearly,12,15000,0,15000
MS05350,M02731,2025-01-23,2025-04-22,Quarterly,3,4800,0,4800
MS05351,M02732,2024-05-10,2024-11-09,Half-Yearly,6,8500,10,7650
MS05352,M02733,2024-12-07,2025-01-06,Monthly,1,1800,10,1620
MS05353,M02734,2024-08-23,2024-11-22,Quarterly,3,4800,0,4800
MS05354,M02734,2024-11-23,2024-12-22,Monthly,1,1800,0,1800
MS05355,M02735,2025-09-25,2025-12-31,Yearly,12,15000,10,13500
MS05356,M02736,2024-11-01,2025-01-31,Quarterly,3,4800,5,4560
MS05357,M02736,2025-02-01,2025-02-28,Monthly,1,1800,15,1530
MS05358,M02737,2025-09-03,2025-12-31,Half-Yearly,6,8500,0,8500
MS05359,M02738,2025-02-25,2025-05-24,Quarterly,3,4800,5,4560
MS05360,M02739,2024-01-26,2024-02-25,Monthly,1,1800,0,1800
MS05361,M02740,2024-05-09,2024-08-08,Quarterly,3,4800,5,4560
MS05362,M02741,2025-03-26,2025-09-25,Half-Yearly,6,8500,10,7650
MS05363,M02741,2025-09-26,2025-12-25,Quarterly,3,4800,0,4800
MS05364,M02741,2025-12-26,2025-12-31,Quarterly,3,4800,0,4800
MS05365,M02742,2024-12-13,2025-01-12,Monthly,1,1800,5,1710
MS05366,M02742,2025-01-13,2025-12-31,Yearly,12,15000,0,15000
MS05367,M02743,2024-07-11,2024-10-10,Quarterly,3,4800,5,4560
MS05368,M02743,2024-10-11,2024-11-10,Monthly,1,1800,0,1800
MS05369,M02743,2024-11-11,2024-12-10,Monthly,1,1800,5,1710
MS05370,M02744,2024-11-29,2024-12-28,Monthly,1,1800,5,1710
MS05371,M02744,2024-12-29,2025-12-28,Yearly,12,15000,5,14250
MS05372,M02744,2025-12-29,2025-12-31,Monthly,1,1800,5,1710
MS05373,M02745,2025-07-30,2025-12-31,Yearly,12,15000,0,15000
MS05374,M02746,2024-09-04,2025-03-03,Half-Yearly,6,8500,5,8080
MS05375,M02746,2025-03-04,2025-12-31,Yearly,12,15000,0,15000
MS05376,M02747,2024-01-29,2025-01-28,Yearly,12,15000,0,15000
MS05377,M02748,2024-07-17,2024-08-16,Monthly,1,1800,0,1800
MS05378,M02748,2024-08-17,2025-02-16,Half-Yearly,6,8500,0,8500
MS05379,M02748,2025-02-17,2025-03-16,Monthly,1,1800,0,1800
MS05380,M02748,2025-03-17,2025-12-31,Yearly,12,15000,5,14250
MS05381,M02749,2025-08-20,2025-09-19,Monthly,1,1800,0,1800
MS05382,M02749,2025-09-20,2025-10-19,Monthly,1,1800,10,1620
MS05383,M02749,2025-10-20,2025-11-19,Monthly,1,1800,5,1710
MS05384,M02749,2025-11-20,2025-12-31,Half-Yearly,6,8500,5,8080
MS05385,M02750,2025-05-01,2025-10-31,Half-Yearly,6,8500,0,8500
MS05386,M02750,2025-11-01,2025-12-31,Quarterly,3,4800,10,4320
MS05387,M02751,2025-06-18,2025-07-17,Monthly,1,1800,10,1620
MS05388,M02752,2025-08-04,2025-11-03,Quarterly,3,4800,5,4560
MS05389,M02752,2025-11-04,2025-12-31,Quarterly,3,4800,0,4800
MS05390,M02753,2024-03-15,2024-06-14,Quarterly,3,4800,10,4320
MS05391,M02754,2024-06-29,2024-09-28,Quarterly,3,4800,5,4560
MS05392,M02754,2024-09-29,2025-03-28,Half-Yearly,6,8500,10,7650
MS05393,M02755,2024-02-08,2024-08-07,Half-Yearly,6,8500,10,7650
MS05394,M02755,2024-08-08,2024-11-07,Quarterly,3,4800,5,4560
MS05395,M02755,2024-11-08,2025-05-07,Half-Yearly,6,8500,0,8500
MS05396,M02755,2025-05-08,2025-06-07,Monthly,1,1800,0,1800
MS05397,M02755,2025-06-08,2025-07-07,Monthly,1,1800,0,1800
MS05398,M02755,2025-07-08,2025-10-07,Quarterly,3,4800,5,4560
MS05399,M02755,2025-10-08,2025-12-31,Yearly,12,15000,0,15000
MS05400,M02756,2024-01-04,2025-01-03,Yearly,12,15000,10,13500
MS05401,M02756,2025-01-04,2025-02-03,Monthly,1,1800,10,1620
MS05402,M02757,2025-06-16,2025-12-15,Half-Yearly,6,8500,0,8500
MS05403,M02758,2025-08-20,2025-12-31,Yearly,12,15000,10,13500
MS05404,M02759,2024-04-09,2024-05-08,Monthly,1,1800,0,1800
MS05405,M02760,2025-04-05,2025-07-04,Quarterly,3,4800,5,4560
MS05406,M02760,2025-07-05,2025-10-04,Quarterly,3,4800,0,4800
MS05407,M02761,2024-12-07,2025-12-06,Yearly,12,15000,0,15000
MS05408,M02762,2024-02-14,2024-03-13,Monthly,1,1800,5,1710
MS05409,M02763,2025-08-07,2025-09-06,Monthly,1,1800,0,1800
MS05410,M02764,2025-07-09,2025-08-08,Monthly,1,1800,0,1800
MS05411,M02764,2025-08-09,2025-09-08,Monthly,1,1800,0,1800
MS05412,M02765,2024-12-28,2025-03-27,Quarterly,3,4800,0,4800
MS05413,M02766,2025-03-27,2025-04-26,Monthly,1,1800,0,1800
MS05414,M02767,2024-09-10,2025-03-09,Half-Yearly,6,8500,5,8080
MS05415,M02767,2025-03-10,2025-09-09,Half-Yearly,6,8500,5,8080
MS05416,M02767,2025-09-10,2025-10-09,Monthly,1,1800,0,1800
MS05417,M02768,2025-05-20,2025-08-19,Quarterly,3,4800,0,4800
MS05418,M02768,2025-08-20,2025-12-31,Yearly,12,15000,0,15000
MS05419,M02769,2024-10-10,2025-04-09,Half-Yearly,6,8500,10,7650
MS05420,M02769,2025-04-10,2025-10-09,Half-Yearly,6,8500,0,8500
MS05421,M02770,2025-09-23,2025-10-22,Monthly,1,1800,5,1710
MS05422,M02771,2024-02-10,2024-08-09,Half-Yearly,6,8500,0,8500
MS05423,M02771,2024-08-10,2025-02-09,Half-Yearly,6,8500,0,8500
MS05424,M02771,2025-02-10,2025-03-09,Monthly,1,1800,10,1620
MS05425,M02772,2024-04-19,2024-07-18,Quarterly,3,4800,10,4320
MS05426,M02773,2025-09-10,2025-10-09,Monthly,1,1800,0,1800
MS05427,M02774,2024-07-03,2024-10-02,Quarterly,3,4800,0,4800
MS05428,M02775,2024-07-17,2024-08-16,Monthly,1,1800,0,1800
MS05429,M02776,2025-05-19,2025-12-31,Yearly,12,15000,0,15000
MS05430,M02777,2024-04-30,2024-07-29,Quarterly,3,4800,15,4080
MS05431,M02777,2024-07-30,2024-08-29,Monthly,1,1800,15,1530
MS05432,M02778,2024-11-23,2024-12-22,Monthly,1,1800,0,1800
MS05433,M02779,2024-07-01,2024-07-31,Monthly,1,1800,0,1800
MS05434,M02779,2024-08-01,2025-07-31,Yearly,12,15000,10,13500
MS05435,M02779,2025-08-01,2025-08-31,Monthly,1,1800,0,1800
MS05436,M02780,2024-05-06,2024-08-05,Quarterly,3,4800,0,4800
MS05437,M02781,2025-09-07,2025-10-06,Monthly,1,1800,0,1800
MS05438,M02781,2025-10-07,2025-12-31,Yearly,12,15000,10,13500
MS05439,M02782,2024-05-07,2024-06-06,Monthly,1,1800,10,1620
MS05440,M02782,2024-06-07,2024-07-06,Monthly,1,1800,10,1620
MS05441,M02783,2024-03-01,2024-03-31,Monthly,1,1800,0,1800
MS05442,M02784,2025-03-05,2025-04-04,Monthly,1,1800,5,1710
MS05443,M02785,2025-07-07,2025-10-06,Quarterly,3,4800,0,4800
MS05444,M02786,2024-03-22,2025-03-21,Yearly,12,15000,5,14250
MS05445,M02786,2025-03-22,2025-12-31,Yearly,12,15000,0,15000
MS05446,M02787,2025-03-27,2025-04-26,Monthly,1,1800,0,1800
MS05447,M02787,2025-04-27,2025-10-26,Half-Yearly,6,8500,0,8500
MS05448,M02787,2025-10-27,2025-12-31,Half-Yearly,6,8500,0,8500
MS05449,M02788,2024-12-11,2025-12-10,Yearly,12,15000,0,15000
MS05450,M02788,2025-12-11,2025-12-31,Monthly,1,1800,5,1710
MS05451,M02789,2025-06-13,2025-12-31,Yearly,12,15000,5,14250
MS05452,M02790,2024-03-21,2025-03-20,Yearly,12,15000,0,15000
MS05453,M02791,2025-09-14,2025-12-13,Quarterly,3,4800,5,4560
MS05454,M02792,2025-01-29,2025-02-27,Monthly,1,1800,10,1620
MS05455,M02793,2025-06-21,2025-12-20,Half-Yearly,6,8500,10,7650
MS05456,M02793,2025-12-21,2025-12-31,Yearly,12,15000,0,15000
MS05457,M02794,2024-08-18,2024-09-17,Monthly,1,1800,0,1800
MS05458,M02795,2025-08-24,2025-09-23,Monthly,1,1800,5,1710
MS05459,M02796,2025-02-03,2025-08-02,Half-Yearly,6,8500,0,8500
MS05460,M02797,2024-03-21,2024-09-20,Half-Yearly,6,8500,10,7650
MS05461,M02797,2024-09-21,2024-12-20,Quarterly,3,4800,0,4800
MS05462,M02797,2024-12-21,2025-01-20,Monthly,1,1800,5,1710
MS05463,M02797,2025-01-21,2025-02-20,Monthly,1,1800,5,1710
MS05464,M02797,2025-02-21,2025-03-20,Monthly,1,1800,10,1620
MS05465,M02798,2025-08-11,2025-12-31,Half-Yearly,6,8500,10,7650
MS05466,M02799,2025-05-22,2025-06-21,Monthly,1,1800,5,1710
MS05467,M02800,2024-07-10,2024-08-09,Monthly,1,1800,0,1800
MS05468,M02801,2024-12-14,2025-03-13,Quarterly,3,4800,0,4800
MS05469,M02802,2024-09-04,2024-12-03,Quarterly,3,4800,10,4320
MS05470,M02802,2024-12-04,2025-01-03,Monthly,1,1800,0,1800
MS05471,M02802,2025-01-04,2025-02-03,Monthly,1,1800,0,1800
MS05472,M02802,2025-02-04,2025-05-03,Quarterly,3,4800,0,4800
MS05473,M02802,2025-05-04,2025-06-03,Monthly,1,1800,0,1800
MS05474,M02802,2025-06-04,2025-12-31,Yearly,12,15000,0,15000
MS05475,M02803,2024-12-12,2025-01-11,Monthly,1,1800,0,1800
MS05476,M02803,2025-01-12,2025-02-11,Monthly,1,1800,10,1620
MS05477,M02804,2025-09-07,2025-12-06,Quarterly,3,4800,0,4800
MS05478,M02805,2025-07-27,2025-10-26,Quarterly,3,4800,0,4800
MS05479,M02805,2025-10-27,2025-12-31,Quarterly,3,4800,0,4800
MS05480,M02806,2024-05-17,2024-06-16,Monthly,1,1800,5,1710
MS05481,M02807,2025-09-12,2025-10-11,Monthly,1,1800,0,1800
MS05482,M02808,2024-10-06,2025-01-05,Quarterly,3,4800,0,4800
MS05483,M02808,2025-01-06,2025-02-05,Monthly,1,1800,0,1800
MS05484,M02809,2025-03-25,2025-04-24,Monthly,1,1800,0,1800
MS05485,M02809,2025-04-25,2025-05-24,Monthly,1,1800,0,1800
MS05486,M02810,2025-05-02,2025-08-01,Quarterly,3,4800,5,4560
MS05487,M02810,2025-08-02,2025-12-31,Yearly,12,15000,5,14250
MS05488,M02811,2024-11-04,2025-02-03,Quarterly,3,4800,0,4800
MS05489,M02812,2024-10-18,2024-11-17,Monthly,1,1800,10,1620
MS05490,M02813,2024-10-18,2025-01-17,Quarterly,3,4800,10,4320
MS05491,M02813,2025-01-18,2025-04-17,Quarterly,3,4800,0,4800
MS05492,M02813,2025-04-18,2025-05-17,Monthly,1,1800,5,1710
MS05493,M02814,2025-07-04,2025-08-03,Monthly,1,1800,0,1800
MS05494,M02814,2025-08-04,2025-11-03,Quarterly,3,4800,0,4800
MS05495,M02814,2025-11-04,2025-12-31,Yearly,12,15000,15,12750
MS05496,M02815,2024-09-03,2024-10-02,Monthly,1,1800,5,1710
MS05497,M02816,2024-06-27,2024-07-26,Monthly,1,1800,15,1530
MS05498,M02816,2024-07-27,2024-08-26,Monthly,1,1800,5,1710
MS05499,M02817,2024-08-18,2025-02-17,Half-Yearly,6,8500,0,8500
MS05500,M02817,2025-02-18,2025-08-17,Half-Yearly,6,8500,5,8080
MS05501,M02817,2025-08-18,2025-11-17,Quarterly,3,4800,10,4320
MS05502,M02817,2025-11-18,2025-12-31,Quarterly,3,4800,5,4560
MS05503,M02818,2024-05-04,2024-06-03,Monthly,1,1800,0,1800
MS05504,M02819,2024-09-06,2024-10-05,Monthly,1,1800,0,1800
MS05505,M02819,2024-10-06,2024-11-05,Monthly,1,1800,5,1710
MS05506,M02820,2024-03-13,2024-04-12,Monthly,1,1800,0,1800
MS05507,M02820,2024-04-13,2024-07-12,Quarterly,3,4800,0,4800
MS05508,M02821,2024-02-27,2024-05-26,Quarterly,3,4800,0,4800
MS05509,M02821,2024-05-27,2024-08-26,Quarterly,3,4800,0,4800
MS05510,M02821,2024-08-27,2024-09-26,Monthly,1,1800,5,1710
MS05511,M02822,2025-04-06,2025-10-05,Half-Yearly,6,8500,0,8500
MS05512,M02823,2024-02-19,2024-05-18,Quarterly,3,4800,5,4560
MS05513,M02823,2024-05-19,2024-11-18,Half-Yearly,6,8500,5,8080
MS05514,M02823,2024-11-19,2024-12-18,Monthly,1,1800,15,1530
MS05515,M02823,2024-12-19,2025-06-18,Half-Yearly,6,8500,10,7650
MS05516,M02823,2025-06-19,2025-12-18,Half-Yearly,6,8500,0,8500
MS05517,M02823,2025-12-19,2025-12-31,Quarterly,3,4800,10,4320
MS05518,M02824,2024-12-28,2025-01-27,Monthly,1,1800,5,1710
MS05519,M02825,2025-05-12,2025-08-11,Quarterly,3,4800,0,4800
MS05520,M02825,2025-08-12,2025-11-11,Quarterly,3,4800,0,4800
MS05521,M02826,2025-04-07,2025-05-06,Monthly,1,1800,5,1710
MS05522,M02827,2024-10-11,2025-01-10,Quarterly,3,4800,10,4320
MS05523,M02827,2025-01-11,2025-02-10,Monthly,1,1800,5,1710
MS05524,M02828,2024-05-03,2024-08-02,Quarterly,3,4800,0,4800
MS05525,M02828,2024-08-03,2025-02-02,Half-Yearly,6,8500,5,8080
MS05526,M02828,2025-02-03,2025-05-02,Quarterly,3,4800,0,4800
MS05527,M02828,2025-05-03,2025-12-31,Yearly,12,15000,5,14250
MS05528,M02829,2025-08-16,2025-12-31,Yearly,12,15000,15,12750
MS05529,M02830,2025-06-16,2025-12-15,Half-Yearly,6,8500,15,7220
MS05530,M02830,2025-12-16,2025-12-31,Half-Yearly,6,8500,0,8500
MS05531,M02831,2025-01-25,2025-02-24,Monthly,1,1800,0,1800
MS05532,M02832,2024-02-25,2025-02-24,Yearly,12,15000,0,15000
MS05533,M02833,2024-01-23,2024-07-22,Half-Yearly,6,8500,0,8500
MS05534,M02834,2024-07-20,2024-08-19,Monthly,1,1800,0,1800
MS05535,M02835,2024-04-10,2025-04-09,Yearly,12,15000,0,15000
MS05536,M02835,2025-04-10,2025-07-09,Quarterly,3,4800,10,4320
MS05537,M02836,2025-07-02,2025-08-01,Monthly,1,1800,10,1620
MS05538,M02837,2024-05-11,2024-06-10,Monthly,1,1800,5,1710
MS05539,M02837,2024-06-11,2024-09-10,Quarterly,3,4800,0,4800
MS05540,M02837,2024-09-11,2025-09-10,Yearly,12,15000,10,13500
MS05541,M02837,2025-09-11,2025-12-31,Half-Yearly,6,8500,15,7220
MS05542,M02838,2024-06-29,2024-09-28,Quarterly,3,4800,0,4800
MS05543,M02839,2025-09-14,2025-10-13,Monthly,1,1800,10,1620
MS05544,M02839,2025-10-14,2025-11-13,Monthly,1,1800,10,1620
MS05545,M02839,2025-11-14,2025-12-31,Yearly,12,15000,0,15000
MS05546,M02840,2025-06-06,2025-12-05,Half-Yearly,6,8500,0,8500
MS05547,M02840,2025-12-06,2025-12-31,Quarterly,3,4800,5,4560
MS05548,M02841,2024-05-19,2024-06-18,Monthly,1,1800,0,1800
MS05549,M02841,2024-06-19,2025-06-18,Yearly,12,15000,0,15000
MS05550,M02841,2025-06-19,2025-07-18,Monthly,1,1800,10,1620
MS05551,M02842,2024-09-01,2024-09-30,Monthly,1,1800,10,1620
MS05552,M02843,2024-11-25,2025-11-24,Yearly,12,15000,5,14250
MS05553,M02843,2025-11-25,2025-12-24,Monthly,1,1800,0,1800
MS05554,M02844,2025-02-27,2025-03-26,Monthly,1,1800,0,1800
MS05555,M02845,2025-08-20,2025-12-31,Half-Yearly,6,8500,0,8500
MS05556,M02846,2025-07-09,2025-08-08,Monthly,1,1800,5,1710
MS05557,M02847,2025-09-15,2025-10-14,Monthly,1,1800,10,1620
MS05558,M02848,2024-01-26,2025-01-25,Yearly,12,15000,0,15000
MS05559,M02848,2025-01-26,2025-02-25,Monthly,1,1800,10,1620
MS05560,M02848,2025-02-26,2025-03-25,Monthly,1,1800,15,1530
MS05561,M02848,2025-03-26,2025-04-25,Monthly,1,1800,10,1620
MS05562,M02848,2025-04-26,2025-07-25,Quarterly,3,4800,0,4800
MS05563,M02848,2025-07-26,2025-08-25,Monthly,1,1800,10,1620
MS05564,M02848,2025-08-26,2025-09-25,Monthly,1,1800,15,1530
MS05565,M02849,2024-05-30,2024-08-29,Quarterly,3,4800,15,4080
MS05566,M02849,2024-08-30,2024-11-29,Quarterly,3,4800,10,4320
MS05567,M02849,2024-11-30,2024-12-29,Monthly,1,1800,10,1620
MS05568,M02849,2024-12-30,2025-01-29,Monthly,1,1800,10,1620
MS05569,M02849,2025-01-30,2025-02-27,Monthly,1,1800,0,1800
MS05570,M02849,2025-02-28,2025-03-27,Monthly,1,1800,10,1620
MS05571,M02850,2024-02-01,2024-04-30,Quarterly,3,4800,0,4800
MS05572,M02850,2024-05-01,2025-04-30,Yearly,12,15000,0,15000
MS05573,M02850,2025-05-01,2025-12-31,Yearly,12,15000,0,15000
MS05574,M02851,2024-08-14,2024-09-13,Monthly,1,1800,5,1710
MS05575,M02851,2024-09-14,2024-12-13,Quarterly,3,4800,10,4320
MS05576,M02852,2024-04-07,2024-05-06,Monthly,1,1800,0,1800
MS05577,M02853,2025-08-18,2025-12-31,Yearly,12,15000,0,15000
MS05578,M02854,2024-02-10,2024-05-09,Quarterly,3,4800,10,4320
MS05579,M02855,2024-04-04,2024-07-03,Quarterly,3,4800,0,4800
MS05580,M02856,2024-05-04,2024-11-03,Half-Yearly,6,8500,0,8500
MS05581,M02856,2024-11-04,2024-12-03,Monthly,1,1800,0,1800
MS05582,M02857,2024-04-04,2024-05-03,Monthly,1,1800,10,1620
MS05583,M02857,2024-05-04,2024-06-03,Monthly,1,1800,5,1710
MS05584,M02857,2024-06-04,2024-09-03,Quarterly,3,4800,0,4800
MS05585,M02858,2024-12-28,2025-12-27,Yearly,12,15000,0,15000
MS05586,M02858,2025-12-28,2025-12-31,Half-Yearly,6,8500,0,8500
MS05587,M02859,2024-08-20,2025-02-19,Half-Yearly,6,8500,0,8500
MS05588,M02859,2025-02-20,2025-03-19,Monthly,1,1800,5,1710
MS05589,M02860,2025-08-05,2025-11-04,Quarterly,3,4800,5,4560
MS05590,M02860,2025-11-05,2025-12-04,Monthly,1,1800,10,1620
MS05591,M02861,2024-06-15,2024-12-14,Half-Yearly,6,8500,5,8080
MS05592,M02861,2024-12-15,2025-03-14,Quarterly,3,4800,5,4560
MS05593,M02861,2025-03-15,2025-04-14,Monthly,1,1800,0,1800
MS05594,M02861,2025-04-15,2025-10-14,Half-Yearly,6,8500,0,8500
MS05595,M02862,2024-12-08,2025-12-07,Yearly,12,15000,10,13500
MS05596,M02863,2025-02-25,2025-08-24,Half-Yearly,6,8500,0,8500
MS05597,M02864,2025-02-03,2025-05-02,Quarterly,3,4800,15,4080
MS05598,M02864,2025-05-03,2025-06-02,Monthly,1,1800,10,1620
MS05599,M02865,2025-05-23,2025-06-22,Monthly,1,1800,5,1710
MS05600,M02866,2024-05-08,2024-08-07,Quarterly,3,4800,15,4080
MS05601,M02866,2024-08-08,2025-02-07,Half-Yearly,6,8500,0,8500
MS05602,M02866,2025-02-08,2025-03-07,Monthly,1,1800,5,1710
MS05603,M02867,2024-11-19,2025-02-18,Quarterly,3,4800,0,4800
MS05604,M02867,2025-02-19,2025-12-31,Yearly,12,15000,0,15000
MS05605,M02868,2025-05-25,2025-08-24,Quarterly,3,4800,5,4560
MS05606,M02868,2025-08-25,2025-09-24,Monthly,1,1800,5,1710
MS05607,M02868,2025-09-25,2025-10-24,Monthly,1,1800,0,1800
MS05608,M02868,2025-10-25,2025-11-24,Monthly,1,1800,10,1620
MS05609,M02868,2025-11-25,2025-12-31,Quarterly,3,4800,5,4560
MS05610,M02869,2025-07-04,2025-12-31,Half-Yearly,6,8500,0,8500
MS05611,M02870,2025-01-29,2025-04-28,Quarterly,3,4800,0,4800
MS05612,M02871,2025-02-19,2025-03-18,Monthly,1,1800,0,1800
MS05613,M02871,2025-03-19,2025-06-18,Quarterly,3,4800,5,4560
MS05614,M02872,2025-07-05,2025-12-31,Yearly,12,15000,15,12750
MS05615,M02873,2025-02-02,2025-12-31,Yearly,12,15000,0,15000
MS05616,M02874,2025-08-28,2025-09-27,Monthly,1,1800,0,1800
MS05617,M02874,2025-09-28,2025-10-27,Monthly,1,1800,10,1620
MS05618,M02874,2025-10-28,2025-11-27,Monthly,1,1800,10,1620
MS05619,M02875,2024-03-22,2024-06-21,Quarterly,3,4800,15,4080
MS05620,M02875,2024-06-22,2024-07-21,Monthly,1,1800,0,1800
MS05621,M02875,2024-07-22,2024-08-21,Monthly,1,1800,5,1710
MS05622,M02875,2024-08-22,2024-11-21,Quarterly,3,4800,10,4320
MS05623,M02875,2024-11-22,2025-02-21,Quarterly,3,4800,0,4800
MS05624,M02876,2024-08-09,2024-09-08,Monthly,1,1800,10,1620
MS05625,M02877,2024-03-12,2024-06-11,Quarterly,3,4800,0,4800
MS05626,M02877,2024-06-12,2024-07-11,Monthly,1,1800,5,1710
MS05627,M02878,2024-02-27,2024-08-26,Half-Yearly,6,8500,0,8500
MS05628,M02879,2024-10-28,2025-10-27,Yearly,12,15000,0,15000
MS05629,M02879,2025-10-28,2025-12-31,Quarterly,3,4800,0,4800
MS05630,M02880,2024-05-24,2024-08-23,Quarterly,3,4800,5,4560
MS05631,M02880,2024-08-24,2025-08-23,Yearly,12,15000,0,15000
MS05632,M02880,2025-08-24,2025-09-23,Monthly,1,1800,10,1620
MS05633,M02881,2024-09-16,2024-10-15,Monthly,1,1800,5,1710
MS05634,M02881,2024-10-16,2024-11-15,Monthly,1,1800,0,1800
MS05635,M02882,2024-10-06,2024-11-05,Monthly,1,1800,5,1710
MS05636,M02882,2024-11-06,2025-11-05,Yearly,12,15000,15,12750
MS05637,M02882,2025-11-06,2025-12-31,Quarterly,3,4800,5,4560
MS05638,M02883,2025-01-31,2025-04-29,Quarterly,3,4800,0,4800
MS05639,M02883,2025-04-30,2025-07-29,Quarterly,3,4800,0,4800
MS05640,M02883,2025-07-30,2025-12-31,Half-Yearly,6,8500,10,7650
MS05641,M02884,2025-08-26,2025-11-25,Quarterly,3,4800,5,4560
MS05642,M02884,2025-11-26,2025-12-25,Monthly,1,1800,0,1800
MS05643,M02884,2025-12-26,2025-12-31,Yearly,12,15000,0,15000
MS05644,M02885,2025-06-25,2025-09-24,Quarterly,3,4800,10,4320
MS05645,M02885,2025-09-25,2025-10-24,Monthly,1,1800,5,1710
MS05646,M02885,2025-10-25,2025-12-31,Quarterly,3,4800,5,4560
MS05647,M02886,2024-08-29,2024-11-28,Quarterly,3,4800,0,4800
MS05648,M02887,2024-07-26,2025-07-25,Yearly,12,15000,5,14250
MS05649,M02888,2024-03-19,2024-06-18,Quarterly,3,4800,5,4560
MS05650,M02888,2024-06-19,2025-06-18,Yearly,12,15000,0,15000
MS05651,M02888,2025-06-19,2025-07-18,Monthly,1,1800,5,1710
MS05652,M02889,2024-12-10,2025-03-09,Quarterly,3,4800,0,4800
MS05653,M02890,2024-09-26,2024-10-25,Monthly,1,1800,10,1620
MS05654,M02890,2024-10-26,2024-11-25,Monthly,1,1800,0,1800
MS05655,M02890,2024-11-26,2025-02-25,Quarterly,3,4800,15,4080
MS05656,M02890,2025-02-26,2025-03-25,Monthly,1,1800,0,1800
MS05657,M02891,2024-04-26,2024-05-25,Monthly,1,1800,10,1620
MS05658,M02892,2025-01-28,2025-02-27,Monthly,1,1800,15,1530
MS05659,M02892,2025-02-28,2025-05-27,Quarterly,3,4800,0,4800
MS05660,M02892,2025-05-28,2025-06-27,Monthly,1,1800,5,1710
MS05661,M02892,2025-06-28,2025-12-27,Half-Yearly,6,8500,0,8500
MS05662,M02892,2025-12-28,2025-12-31,Quarterly,3,4800,0,4800
MS05663,M02893,2024-07-23,2024-08-22,Monthly,1,1800,5,1710
MS05664,M02893,2024-08-23,2024-09-22,Monthly,1,1800,5,1710
MS05665,M02894,2024-04-28,2024-05-27,Monthly,1,1800,10,1620
MS05666,M02894,2024-05-28,2024-08-27,Quarterly,3,4800,0,4800
MS05667,M02894,2024-08-28,2024-09-27,Monthly,1,1800,0,1800
MS05668,M02894,2024-09-28,2024-10-27,Monthly,1,1800,0,1800
MS05669,M02894,2024-10-28,2024-11-27,Monthly,1,1800,5,1710
MS05670,M02894,2024-11-28,2024-12-27,Monthly,1,1800,0,1800
MS05671,M02895,2025-02-20,2025-05-19,Quarterly,3,4800,10,4320
MS05672,M02895,2025-05-20,2025-08-19,Quarterly,3,4800,0,4800
MS05673,M02896,2024-04-21,2024-07-20,Quarterly,3,4800,0,4800
MS05674,M02897,2025-03-05,2025-04-04,Monthly,1,1800,15,1530
MS05675,M02897,2025-04-05,2025-05-04,Monthly,1,1800,5,1710
MS05676,M02897,2025-05-05,2025-08-04,Quarterly,3,4800,0,4800
MS05677,M02897,2025-08-05,2025-09-04,Monthly,1,1800,15,1530
MS05678,M02898,2024-04-13,2024-07-12,Quarterly,3,4800,5,4560
MS05679,M02898,2024-07-13,2024-08-12,Monthly,1,1800,15,1530
MS05680,M02899,2024-10-04,2025-01-03,Quarterly,3,4800,0,4800
MS05681,M02900,2024-05-25,2025-05-24,Yearly,12,15000,15,12750
MS05682,M02900,2025-05-25,2025-06-24,Monthly,1,1800,15,1530
MS05683,M02901,2025-05-04,2025-06-03,Monthly,1,1800,0,1800
MS05684,M02902,2025-04-05,2025-10-04,Half-Yearly,6,8500,15,7220
MS05685,M02903,2025-07-29,2025-10-28,Quarterly,3,4800,15,4080
MS05686,M02903,2025-10-29,2025-11-28,Monthly,1,1800,0,1800
MS05687,M02904,2024-04-17,2025-04-16,Yearly,12,15000,10,13500
MS05688,M02905,2025-04-01,2025-06-30,Quarterly,3,4800,10,4320
MS05689,M02905,2025-07-01,2025-12-31,Half-Yearly,6,8500,10,7650
MS05690,M02906,2025-08-20,2025-09-19,Monthly,1,1800,0,1800
MS05691,M02907,2025-05-01,2025-07-31,Quarterly,3,4800,0,4800
MS05692,M02908,2024-04-29,2024-05-28,Monthly,1,1800,0,1800
MS05693,M02909,2025-06-08,2025-07-07,Monthly,1,1800,0,1800
MS05694,M02910,2024-03-09,2024-04-08,Monthly,1,1800,0,1800
MS05695,M02910,2024-04-09,2024-10-08,Half-Yearly,6,8500,5,8080
MS05696,M02911,2025-01-10,2025-04-09,Quarterly,3,4800,0,4800
MS05697,M02911,2025-04-10,2025-05-09,Monthly,1,1800,10,1620
MS05698,M02912,2024-11-13,2025-02-12,Quarterly,3,4800,10,4320
MS05699,M02912,2025-02-13,2025-12-31,Yearly,12,15000,0,15000
MS05700,M02913,2024-12-04,2025-01-03,Monthly,1,1800,0,1800
MS05701,M02914,2024-11-27,2024-12-26,Monthly,1,1800,10,1620
MS05702,M02915,2024-01-21,2024-04-20,Quarterly,3,4800,0,4800
MS05703,M02916,2024-11-20,2025-11-19,Yearly,12,15000,0,15000
MS05704,M02916,2025-11-20,2025-12-31,Yearly,12,15000,0,15000
MS05705,M02917,2025-08-20,2025-12-31,Yearly,12,15000,5,14250
MS05706,M02918,2024-10-05,2024-11-04,Monthly,1,1800,5,1710
MS05707,M02918,2024-11-05,2024-12-04,Monthly,1,1800,10,1620
MS05708,M02919,2024-06-25,2025-06-24,Yearly,12,15000,0,15000
MS05709,M02920,2025-09-26,2025-12-25,Quarterly,3,4800,0,4800
MS05710,M02920,2025-12-26,2025-12-31,Monthly,1,1800,0,1800
MS05711,M02921,2024-03-04,2025-03-03,Yearly,12,15000,0,15000
MS05712,M02921,2025-03-04,2025-04-03,Monthly,1,1800,10,1620
MS05713,M02922,2024-11-06,2025-02-05,Quarterly,3,4800,5,4560
MS05714,M02923,2024-11-23,2024-12-22,Monthly,1,1800,0,1800
MS05715,M02924,2024-10-31,2025-10-30,Yearly,12,15000,5,14250
MS05716,M02925,2025-08-11,2025-12-31,Yearly,12,15000,0,15000
MS05717,M02926,2024-09-26,2025-03-25,Half-Yearly,6,8500,0,8500
MS05718,M02926,2025-03-26,2025-04-25,Monthly,1,1800,10,1620
MS05719,M02926,2025-04-26,2025-05-25,Monthly,1,1800,5,1710
MS05720,M02927,2025-09-12,2025-10-11,Monthly,1,1800,0,1800
MS05721,M02928,2024-02-12,2025-02-11,Yearly,12,15000,5,14250
MS05722,M02928,2025-02-12,2025-08-11,Half-Yearly,6,8500,5,8080
MS05723,M02928,2025-08-12,2025-09-11,Monthly,1,1800,0,1800
MS05724,M02928,2025-09-12,2025-12-11,Quarterly,3,4800,0,4800
MS05725,M02928,2025-12-12,2025-12-31,Quarterly,3,4800,5,4560
MS05726,M02929,2025-04-13,2025-07-12,Quarterly,3,4800,0,4800
MS05727,M02929,2025-07-13,2025-10-12,Quarterly,3,4800,0,4800
MS05728,M02929,2025-10-13,2025-11-12,Monthly,1,1800,0,1800
MS05729,M02929,2025-11-13,2025-12-31,Quarterly,3,4800,5,4560
MS05730,M02930,2025-01-13,2025-02-12,Monthly,1,1800,10,1620
MS05731,M02930,2025-02-13,2025-05-12,Quarterly,3,4800,0,4800
MS05732,M02930,2025-05-13,2025-11-12,Half-Yearly,6,8500,0,8500
MS05733,M02930,2025-11-13,2025-12-12,Monthly,1,1800,15,1530
MS05734,M02931,2024-06-02,2024-09-01,Quarterly,3,4800,0,4800
MS05735,M02931,2024-09-02,2025-03-01,Half-Yearly,6,8500,0,8500
MS05736,M02931,2025-03-02,2025-09-01,Half-Yearly,6,8500,0,8500
MS05737,M02932,2024-05-25,2024-11-24,Half-Yearly,6,8500,10,7650
MS05738,M02932,2024-11-25,2024-12-24,Monthly,1,1800,5,1710
MS05739,M02933,2025-04-04,2025-10-03,Half-Yearly,6,8500,10,7650
MS05740,M02934,2025-02-10,2025-05-09,Quarterly,3,4800,10,4320
MS05741,M02934,2025-05-10,2025-12-31,Yearly,12,15000,10,13500
MS05742,M02935,2025-01-24,2025-04-23,Quarterly,3,4800,5,4560
MS05743,M02936,2024-02-02,2024-03-01,Monthly,1,1800,5,1710
MS05744,M02937,2025-01-16,2025-02-15,Monthly,1,1800,15,1530
MS05745,M02938,2025-09-18,2025-10-17,Monthly,1,1800,10,1620
MS05746,M02938,2025-10-18,2025-11-17,Monthly,1,1800,0,1800
MS05747,M02939,2024-01-12,2025-01-11,Yearly,12,15000,5,14250
MS05748,M02939,2025-01-12,2025-02-11,Monthly,1,1800,5,1710
MS05749,M02940,2024-10-26,2024-11-25,Monthly,1,1800,0,1800
MS05750,M02941,2024-11-11,2025-02-10,Quarterly,3,4800,0,4800
MS05751,M02942,2025-07-26,2025-08-25,Monthly,1,1800,10,1620
MS05752,M02942,2025-08-26,2025-12-31,Yearly,12,15000,0,15000
MS05753,M02943,2024-06-29,2024-09-28,Quarterly,3,4800,0,4800
MS05754,M02943,2024-09-29,2025-03-28,Half-Yearly,6,8500,0,8500
MS05755,M02943,2025-03-29,2025-06-28,Quarterly,3,4800,0,4800
MS05756,M02943,2025-06-29,2025-09-28,Quarterly,3,4800,0,4800
MS05757,M02943,2025-09-29,2025-10-28,Monthly,1,1800,15,1530
MS05758,M02943,2025-10-29,2025-12-31,Quarterly,3,4800,5,4560
MS05759,M02944,2024-10-30,2024-11-29,Monthly,1,1800,0,1800
MS05760,M02945,2025-04-02,2025-07-01,Quarterly,3,4800,10,4320
MS05761,M02945,2025-07-02,2025-12-31,Half-Yearly,6,8500,0,8500
MS05762,M02946,2024-02-08,2024-05-07,Quarterly,3,4800,0,4800
MS05763,M02947,2025-05-26,2025-08-25,Quarterly,3,4800,0,4800
MS05764,M02947,2025-08-26,2025-12-31,Half-Yearly,6,8500,10,7650
MS05765,M02948,2025-06-08,2025-07-07,Monthly,1,1800,5,1710
MS05766,M02948,2025-07-08,2025-08-07,Monthly,1,1800,0,1800
MS05767,M02949,2025-04-04,2025-05-03,Monthly,1,1800,0,1800
MS05768,M02949,2025-05-04,2025-06-03,Monthly,1,1800,15,1530
MS05769,M02949,2025-06-04,2025-07-03,Monthly,1,1800,10,1620
MS05770,M02950,2025-02-17,2025-08-16,Half-Yearly,6,8500,0,8500
MS05771,M02950,2025-08-17,2025-11-16,Quarterly,3,4800,10,4320
MS05772,M02950,2025-11-17,2025-12-16,Monthly,1,1800,0,1800
MS05773,M02951,2025-04-21,2025-05-20,Monthly,1,1800,5,1710
MS05774,M02952,2025-05-13,2025-11-12,Half-Yearly,6,8500,10,7650
MS05775,M02952,2025-11-13,2025-12-12,Monthly,1,1800,10,1620
MS05776,M02952,2025-12-13,2025-12-31,Monthly,1,1800,0,1800
MS05777,M02953,2025-07-30,2025-08-29,Monthly,1,1800,0,1800
MS05778,M02953,2025-08-30,2025-11-29,Quarterly,3,4800,5,4560
MS05779,M02953,2025-11-30,2025-12-29,Monthly,1,1800,10,1620
MS05780,M02953,2025-12-30,2025-12-31,Monthly,1,1800,5,1710
MS05781,M02954,2024-10-17,2025-04-16,Half-Yearly,6,8500,0,8500
MS05782,M02955,2025-02-11,2025-03-10,Monthly,1,1800,10,1620
MS05783,M02956,2024-05-03,2024-06-02,Monthly,1,1800,0,1800
MS05784,M02956,2024-06-03,2024-09-02,Quarterly,3,4800,10,4320
MS05785,M02957,2025-06-30,2025-09-29,Quarterly,3,4800,10,4320
MS05786,M02958,2025-05-06,2025-12-31,Yearly,12,15000,0,15000
MS05787,M02959,2025-02-06,2025-12-31,Yearly,12,15000,5,14250
MS05788,M02960,2024-07-11,2024-08-10,Monthly,1,1800,0,1800
MS05789,M02960,2024-08-11,2024-09-10,Monthly,1,1800,5,1710
MS05790,M02961,2024-08-09,2024-11-08,Quarterly,3,4800,0,4800
MS05791,M02961,2024-11-09,2024-12-08,Monthly,1,1800,0,1800
MS05792,M02962,2024-10-04,2024-11-03,Monthly,1,1800,0,1800
MS05793,M02963,2025-02-26,2025-05-25,Quarterly,3,4800,0,4800
MS05794,M02964,2025-05-11,2025-06-10,Monthly,1,1800,0,1800
MS05795,M02964,2025-06-11,2025-09-10,Quarterly,3,4800,5,4560
MS05796,M02965,2025-03-04,2025-06-03,Quarterly,3,4800,0,4800
MS05797,M02966,2025-08-16,2025-09-15,Monthly,1,1800,5,1710
MS05798,M02966,2025-09-16,2025-10-15,Monthly,1,1800,5,1710
MS05799,M02967,2025-09-04,2025-12-31,Half-Yearly,6,8500,10,7650
MS05800,M02968,2025-03-25,2025-04-24,Monthly,1,1800,0,1800
MS05801,M02968,2025-04-25,2025-05-24,Monthly,1,1800,0,1800
MS05802,M02969,2024-08-24,2024-09-23,Monthly,1,1800,0,1800
MS05803,M02969,2024-09-24,2025-03-23,Half-Yearly,6,8500,0,8500
MS05804,M02970,2025-01-17,2025-07-16,Half-Yearly,6,8500,10,7650
MS05805,M02970,2025-07-17,2025-12-31,Half-Yearly,6,8500,0,8500
MS05806,M02971,2024-09-28,2024-10-27,Monthly,1,1800,0,1800
MS05807,M02972,2025-02-05,2025-05-04,Quarterly,3,4800,0,4800
MS05808,M02972,2025-05-05,2025-06-04,Monthly,1,1800,10,1620
MS05809,M02973,2025-06-02,2025-07-01,Monthly,1,1800,0,1800
MS05810,M02973,2025-07-02,2025-10-01,Quarterly,3,4800,5,4560
MS05811,M02974,2024-08-23,2024-11-22,Quarterly,3,4800,0,4800
MS05812,M02974,2024-11-23,2024-12-22,Monthly,1,1800,5,1710
MS05813,M02975,2024-11-18,2025-11-17,Yearly,12,15000,0,15000
MS05814,M02976,2025-04-14,2025-05-13,Monthly,1,1800,0,1800
MS05815,M02976,2025-05-14,2025-06-13,Monthly,1,1800,0,1800
MS05816,M02976,2025-06-14,2025-09-13,Quarterly,3,4800,10,4320
MS05817,M02977,2024-11-08,2025-05-07,Half-Yearly,6,8500,10,7650
MS05818,M02978,2024-10-20,2024-11-19,Monthly,1,1800,15,1530
MS05819,M02978,2024-11-20,2024-12-19,Monthly,1,1800,5,1710
MS05820,M02978,2024-12-20,2025-01-19,Monthly,1,1800,0,1800
MS05821,M02979,2024-12-05,2025-06-04,Half-Yearly,6,8500,0,8500
MS05822,M02979,2025-06-05,2025-09-04,Quarterly,3,4800,0,4800
MS05823,M02979,2025-09-05,2025-10-04,Monthly,1,1800,5,1710
MS05824,M02979,2025-10-05,2025-11-04,Monthly,1,1800,0,1800
MS05825,M02980,2024-05-17,2024-06-16,Monthly,1,1800,5,1710
MS05826,M02981,2025-01-16,2025-02-15,Monthly,1,1800,0,1800
MS05827,M02981,2025-02-16,2025-12-31,Yearly,12,15000,5,14250
MS05828,M02982,2025-04-20,2025-10-19,Half-Yearly,6,8500,15,7220
MS05829,M02983,2024-08-11,2024-09-10,Monthly,1,1800,5,1710
MS05830,M02984,2024-03-24,2024-06-23,Quarterly,3,4800,10,4320
MS05831,M02985,2024-09-03,2024-12-02,Quarterly,3,4800,5,4560
MS05832,M02985,2024-12-03,2025-01-02,Monthly,1,1800,0,1800
MS05833,M02986,2024-05-06,2025-05-05,Yearly,12,15000,10,13500
MS05834,M02986,2025-05-06,2025-11-05,Half-Yearly,6,8500,0,8500
MS05835,M02986,2025-11-06,2025-12-31,Yearly,12,15000,15,12750
MS05836,M02987,2024-08-26,2024-11-25,Quarterly,3,4800,0,4800
MS05837,M02988,2025-02-03,2025-03-02,Monthly,1,1800,0,1800
MS05838,M02989,2024-03-13,2024-04-12,Monthly,1,1800,5,1710
MS05839,M02989,2024-04-13,2024-05-12,Monthly,1,1800,0,1800
MS05840,M02989,2024-05-13,2024-06-12,Monthly,1,1800,5,1710
MS05841,M02990,2025-04-21,2025-05-20,Monthly,1,1800,10,1620
MS05842,M02991,2024-05-23,2024-08-22,Quarterly,3,4800,5,4560
MS05843,M02992,2025-07-24,2025-08-23,Monthly,1,1800,0,1800
MS05844,M02992,2025-08-24,2025-12-31,Half-Yearly,6,8500,0,8500
MS05845,M02993,2025-04-12,2025-05-11,Monthly,1,1800,0,1800
MS05846,M02993,2025-05-12,2025-11-11,Half-Yearly,6,8500,0,8500
MS05847,M02993,2025-11-12,2025-12-31,Quarterly,3,4800,0,4800
MS05848,M02994,2024-12-25,2025-06-24,Half-Yearly,6,8500,5,8080
MS05849,M02994,2025-06-25,2025-09-24,Quarterly,3,4800,5,4560
MS05850,M02995,2024-03-11,2024-04-10,Monthly,1,1800,10,1620
MS05851,M02996,2024-03-04,2024-04-03,Monthly,1,1800,5,1710
MS05852,M02996,2024-04-04,2024-05-03,Monthly,1,1800,5,1710
MS05853,M02996,2024-05-04,2024-06-03,Monthly,1,1800,5,1710
MS05854,M02997,2025-09-01,2025-09-30,Monthly,1,1800,0,1800
MS05855,M02997,2025-10-01,2025-10-31,Monthly,1,1800,10,1620
MS05856,M02997,2025-11-01,2025-12-31,Quarterly,3,4800,0,4800
MS05857,M02998,2025-05-26,2025-06-25,Monthly,1,1800,15,1530
MS05858,M02999,2024-04-08,2025-04-07,Yearly,12,15000,5,14250
MS05859,M03000,2024-06-29,2024-07-28,Monthly,1,1800,5,1710
