Member_ID,Join_Date,Gender,Age,City,Occupation,Fitness_Goal,Lead_Source,Current_Status,Membership_Count
M00001,2024-02-26,Male,38,Pune,Student,Weight Loss,Instagram,Active,7
M00002,2025-05-08,Male,41,Pune,Government,Muscle Gain,Walk-in,Churned,1
M00003,2025-02-21,Female,22,Nagpur,IT Professional,Weight Loss,Facebook,Active,2
M00004,2024-10-03,Female,26,Nashik,Business Owner,General Fitness,Instagram,Churned,1
M00005,2025-07-01,Female,22,Mumbai,Business Owner,General Fitness,Facebook,Active,3
M00006,2024-02-24,Male,20,Pune,IT Professional,Muscle Gain,Website,Churned,2
M00007,2025-03-20,Female,34,Pune,Finance,Bodybuilding,Instagram,Active,1
M00008,2024-05-08,Female,28,Pune,Healthcare,Muscle Gain,Walk-in,Churned,2
M00009,2024-03-01,Male,29,Pune,Other,General Fitness,Website,Churned,6
M00010,2024-12-01,Male,33,Pune,Student,General Fitness,Walk-in,Churned,1
M00011,2025-04-14,Female,18,Pune,Healthcare,Muscle Gain,Referral,Churned,2
M00012,2025-04-02,Male,38,Pune,Student,Weight Loss,Website,Active,2
M00013,2025-05-16,Male,27,Mumbai,Sales/Marketing,General Fitness,Walk-in,Active,2
M00014,2024-11-23,Male,33,Mumbai,Healthcare,General Fitness,Google,Churned,1
M00015,2024-03-22,Male,33,Pune,IT Professional,Weight Loss,Instagram,Active,5
M00016,2025-06-19,Male,39,Pune,Sales/Marketing,General Fitness,Referral,Active,3
M00017,2024-10-14,Male,28,Nashik,Business Owner,Muscle Gain,Google,Churned,2
M00018,2024-11-15,Female,18,Nashik,IT Professional,Muscle Gain,Google,Churned,3
M00019,2024-08-24,Male,29,Nashik,Business Owner,Strength,Instagram,Active,3
M00020,2024-04-26,Male,30,Pune,Student,Muscle Gain,Facebook,Churned,3
M00021,2025-08-14,Male,22,Nagpur,Sales/Marketing,General Fitness,Walk-in,Active,1
M00022,2025-05-13,Male,30,Pune,Government,General Fitness,Google,Active,3
M00023,2025-02-14,Other,26,Pune,Government,Weight Loss,Instagram,Churned,1
M00024,2024-09-13,Male,20,Pune,Sales/Marketing,Muscle Gain,Instagram,Active,3
M00025,2025-06-08,Male,34,Pune,Sales/Marketing,Weight Loss,Instagram,Active,3
M00026,2024-12-13,Male,25,Pune,IT Professional,Weight Loss,Walk-in,Churned,2
M00027,2024-10-09,Other,26,Pune,Student,General Fitness,,Churned,5
M00028,2024-10-14,Male,26,Nashik,IT Professional,Weight Loss,Website,Churned,1
M00029,2024-05-24,Female,38,Pune,Other,Bodybuilding,Google,Churned,1
M00030,2024-02-28,Male,29,Pune,Other,Muscle Gain,Instagram,Churned,3
M00031,2024-12-19,Male,30,Pune,Government,Muscle Gain,Facebook,Churned,3
M00032,2025-07-20,Female,26,Pune,IT Professional,Strength,Google,Churned,2
M00033,2024-02-10,Male,32,Pune,IT Professional,Muscle Gain,Google,Churned,4
M00034,2025-07-01,Female,38,Pune,Sales/Marketing,General Fitness,Instagram,Active,1
M00035,2025-06-12,Male,34,Pune,IT Professional,General Fitness,Walk-in,Active,1
M00036,2024-06-25,Female,34,Nashik,Healthcare,Strength,Google,Churned,2
M00037,2024-04-15,Female,33,Kolhapur,IT Professional,Weight Loss,Facebook,Churned,3
M00038,2025-04-28,Female,19,Pune,IT Professional,Weight Loss,Walk-in,Churned,2
M00039,2025-03-22,Male,23,Mumbai,Finance,Bodybuilding,Facebook,Active,1
M00040,2024-08-14,Female,28,Nagpur,Other,Weight Loss,Walk-in,Churned,1
M00041,2024-02-13,Other,24,Kolhapur,Government,General Fitness,Walk-in,Churned,1
M00042,2025-09-11,Male,22,Mumbai,Business Owner,General Fitness,Walk-in,Active,1
M00043,2024-10-11,Male,18,Nagpur,Business Owner,Muscle Gain,Referral,Churned,1
M00044,2025-07-23,Female,20,Nagpur,Other,General Fitness,Walk-in,Churned,1
M00045,2025-03-08,Male,27,Nashik,Healthcare,Bodybuilding,Walk-in,Active,1
M00046,2025-05-11,Male,29,Pune,Business Owner,Weight Loss,Instagram,Active,3
M00047,2025-04-29,Female,23,Pune,Finance,General Fitness,Walk-in,Churned,1
M00048,2024-05-04,Male,30,Pune,IT Professional,General Fitness,Google,Churned,2
M00049,2024-08-20,Male,26,Pune,Student,Muscle Gain,Referral,Churned,2
M00050,2024-10-24,Male,37,Pune,Sales/Marketing,Strength,Instagram,Churned,1
M00051,2024-11-13,Male,28,Pune,Healthcare,Muscle Gain,Instagram,Churned,1
M00052,2024-01-28,Female,34,Mumbai,IT Professional,Weight Loss,Instagram,Churned,3
M00053,2024-12-14,Male,30,Mumbai,IT Professional,Strength,Instagram,Churned,3
M00054,2024-04-08,Male,19,Nagpur,Other,Bodybuilding,Instagram,Churned,1
M00055,2025-04-19,Female,28,Pune,Finance,Weight Loss,Instagram,Active,1
M00056,2025-03-11,Male,20,Pune,Finance,General Fitness,Referral,Churned,1
M00057,2025-08-11,Female,28,Nashik,Student,Weight Loss,Google,Active,2
M00058,2025-04-20,Male,24,Nagpur,Other,Weight Loss,Website,Churned,3
M00059,2024-08-21,Male,32,Kolhapur,Sales/Marketing,Weight Loss,Facebook,Churned,1
M00060,2025-09-09,Male,20,Nagpur,Healthcare,Strength,Instagram,Active,2
M00061,2024-09-19,Female,29,Nagpur,IT Professional,Weight Loss,Google,Churned,1
M00062,2024-07-26,Female,33,Pune,Finance,Weight Loss,Referral,Active,2
M00063,2025-07-31,Female,35,Pune,Sales/Marketing,General Fitness,Google,Churned,1
M00064,2024-08-24,Other,24,Pune,Sales/Marketing,Muscle Gain,Referral,Active,4
M00065,2024-02-18,Female,29,Mumbai,Other,Weight Loss,Walk-in,Churned,1
M00066,2024-10-26,Female,30,Kolhapur,Finance,Weight Loss,Walk-in,Churned,2
M00067,2025-05-22,Male,40,Pune,IT Professional,General Fitness,Google,Churned,1
M00068,2024-04-30,Female,19,Mumbai,Business Owner,General Fitness,Walk-in,Churned,1
M00069,2024-10-22,Male,23,Pune,Sales/Marketing,General Fitness,Google,Churned,1
M00070,2024-03-23,Female,49,Pune,IT Professional,Weight Loss,Facebook,Churned,1
M00071,2025-03-13,Male,27,Pune,IT Professional,Muscle Gain,Website,Churned,1
M00072,2024-10-30,Male,18,Pune,Government,General Fitness,Google,Active,4
M00073,2024-07-29,Female,25,Kolhapur,Business Owner,Weight Loss,Walk-in,Churned,3
M00074,2024-05-24,Male,18,Pune,Sales/Marketing,Weight Loss,Facebook,Churned,1
M00075,2024-12-26,Male,31,Nagpur,IT Professional,Muscle Gain,Referral,Churned,1
M00076,2025-03-03,Female,35,Mumbai,IT Professional,Muscle Gain,Instagram,Churned,2
M00077,2025-08-22,Male,23,Pune,IT Professional,Weight Loss,Walk-in,Active,2
M00078,2024-10-05,Male,26,Pune,Finance,Bodybuilding,Google,Churned,1
M00079,2024-04-12,Male,35,Nashik,Government,Muscle Gain,Instagram,Churned,1
M00080,2025-06-15,Male,18,Pune,Business Owner,General Fitness,Walk-in,Active,2
M00081,2025-02-05,Male,20,Nagpur,Business Owner,Weight Loss,Referral,Active,1
M00082,2025-03-22,Female,27,Pune,Student,General Fitness,Instagram,Churned,2
M00083,2024-03-03,Other,24,Mumbai,Finance,Muscle Gain,Website,Active,5
M00084,2024-07-18,Male,27,Nashik,Other,Bodybuilding,Google,Churned,1
M00085,2025-05-04,Female,20,Pune,,Muscle Gain,Referral,Active,1
M00086,2025-06-14,Male,31,Pune,IT Professional,General Fitness,Walk-in,Churned,1
M00087,2024-10-04,Female,28,Kolhapur,Finance,Muscle Gain,Instagram,Active,4
M00088,2025-05-28,Male,33,Pune,IT Professional,General Fitness,Walk-in,Active,3
M00089,2025-06-20,Male,30,Pune,Student,Bodybuilding,Walk-in,Active,4
M00090,2024-09-04,Female,30,Pune,IT Professional,General Fitness,Referral,Active,3
M00091,2025-07-26,Female,19,Pune,Student,General Fitness,Referral,Active,1
M00092,2024-07-02,Male,32,Nashik,IT Professional,Strength,Website,Churned,1
M00093,2024-06-01,Female,27,Nashik,Sales/Marketing,Bodybuilding,Website,Churned,1
M00094,2025-03-11,Male,28,Pune,IT Professional,Weight Loss,Instagram,Churned,1
M00095,2025-02-10,Male,36,Nagpur,Government,Weight Loss,Google,Active,2
M00096,2024-03-30,Male,24,Pune,Other,Muscle Gain,Referral,Churned,1
M00097,2025-06-15,Male,38,Pune,Healthcare,Bodybuilding,Website,Active,1
M00098,2024-05-07,Male,39,Mumbai,Business Owner,Muscle Gain,Facebook,Churned,2
M00099,2025-05-28,Male,34,Kolhapur,Government,Muscle Gain,Google,Active,3
M00100,2024-01-05,Male,22,Pune,Student,Muscle Gain,Website,Churned,1
M00101,2025-05-23,Male,18,Pune,IT Professional,Weight Loss,Google,Active,2
M00102,2025-05-17,Female,37,Pune,Business Owner,Weight Loss,Google,Active,1
M00103,2025-05-12,Male,30,Nashik,Sales/Marketing,Weight Loss,Referral,Active,2
M00104,2025-02-28,Female,24,Pune,Sales/Marketing,Weight Loss,Google,Churned,3
M00105,2024-10-27,Male,37,Pune,Sales/Marketing,General Fitness,Walk-in,Churned,1
M00106,2025-03-25,Male,23,Nashik,Finance,Muscle Gain,Google,Churned,1
M00107,2024-06-25,Female,26,Pune,Business Owner,Weight Loss,Walk-in,Churned,2
M00108,2025-05-13,Male,33,Pune,,Muscle Gain,Website,Churned,1
M00109,2024-12-20,Male,21,Pune,Sales/Marketing,Muscle Gain,Google,Churned,1
M00110,2024-10-19,Male,28,Pune,,Muscle Gain,Referral,Active,2
M00111,2024-11-18,Male,37,Pune,Other,Muscle Gain,Walk-in,Churned,1
M00112,2024-12-28,Male,30,Nagpur,Sales/Marketing,Weight Loss,Instagram,Churned,2
M00113,2024-01-24,Male,38,Mumbai,Business Owner,General Fitness,Walk-in,Churned,2
M00114,2024-03-30,Male,37,Mumbai,Student,Weight Loss,Referral,Churned,2
M00115,2024-06-05,Male,29,Kolhapur,IT Professional,Weight Loss,Instagram,Churned,1
M00116,2024-03-14,Male,18,Pune,Government,Weight Loss,Facebook,Churned,1
M00117,2024-10-07,Male,21,Pune,Student,Muscle Gain,Referral,Active,2
M00118,2025-03-02,Female,34,Kolhapur,Business Owner,Weight Loss,Instagram,Churned,1
M00119,2025-02-21,Male,18,Pune,Healthcare,Muscle Gain,Instagram,Active,2
M00120,2024-10-27,Male,27,Mumbai,Sales/Marketing,Weight Loss,Walk-in,Churned,2
M00121,2025-06-29,Male,31,Nashik,Sales/Marketing,Weight Loss,Website,Churned,1
M00122,2024-12-26,Male,39,Pune,Government,Strength,Google,Churned,4
M00123,2024-02-20,Male,25,Pune,IT Professional,Muscle Gain,Instagram,Churned,4
M00124,2025-05-03,Male,24,Pune,IT Professional,Weight Loss,Instagram,Churned,1
M00125,2025-01-01,Male,29,Pune,Finance,Muscle Gain,Walk-in,Churned,1
M00126,2025-02-08,Other,31,Pune,IT Professional,Weight Loss,Google,Active,2
M00127,2024-12-26,Female,28,Pune,Healthcare,General Fitness,Referral,Active,2
M00128,2024-02-27,Male,36,Nashik,Other,Weight Loss,Google,Churned,2
M00129,2024-12-22,Male,23,Nagpur,Healthcare,Muscle Gain,Referral,Churned,1
M00130,2025-05-22,Male,30,Nashik,Finance,Bodybuilding,Walk-in,Churned,1
M00131,2024-07-12,Female,32,Pune,Finance,Weight Loss,Referral,Active,5
M00132,2025-01-19,Female,26,Pune,Sales/Marketing,Weight Loss,Instagram,Active,2
M00133,2024-01-20,Male,35,Pune,IT Professional,General Fitness,Referral,Active,5
M00134,2024-08-09,Male,30,Pune,Business Owner,Bodybuilding,Referral,Active,2
M00135,2024-10-05,Male,35,Kolhapur,IT Professional,Muscle Gain,Referral,Churned,2
M00136,2025-09-18,Female,30,Pune,Healthcare,General Fitness,Instagram,Active,1
M00137,2024-05-16,Female,32,Pune,IT Professional,Weight Loss,Instagram,Churned,2
M00138,2024-06-25,Male,25,Nagpur,Business Owner,General Fitness,Referral,Churned,2
M00139,2024-09-17,Male,25,Pune,Government,Weight Loss,Google,Churned,1
M00140,2025-09-25,Male,38,Pune,Student,General Fitness,Walk-in,Active,1
M00141,2025-06-28,Female,33,Pune,Healthcare,Weight Loss,Google,Active,3
M00142,2024-01-23,Female,22,Mumbai,IT Professional,Muscle Gain,Instagram,Active,5
M00143,2024-05-29,Male,30,Nashik,IT Professional,Weight Loss,Walk-in,Churned,1
M00144,2025-06-08,Male,18,Pune,Student,General Fitness,Google,Churned,1
M00145,2024-02-07,Male,25,Nagpur,IT Professional,General Fitness,Instagram,Churned,2
M00146,2025-06-29,Male,36,Nagpur,Other,Strength,Facebook,Churned,1
M00147,2024-06-28,Female,28,Nagpur,Other,Bodybuilding,Referral,Active,3
M00148,2025-08-08,Male,30,Pune,Government,Muscle Gain,Website,Churned,1
M00149,2024-07-06,Female,18,Pune,Healthcare,General Fitness,Instagram,Churned,3
M00150,2024-10-04,Male,26,Nagpur,Government,Weight Loss,Facebook,Churned,1
M00151,2025-02-26,Male,31,Pune,Sales/Marketing,Strength,Facebook,Churned,2
M00152,2024-03-21,Male,32,Mumbai,Business Owner,General Fitness,Instagram,Active,4
M00153,2024-12-21,Male,36,Nashik,Student,Muscle Gain,Referral,Churned,2
M00154,2024-11-18,Male,28,Pune,Finance,Muscle Gain,Walk-in,Active,2
M00155,2025-05-15,Male,28,Nashik,Other,General Fitness,Referral,Churned,1
M00156,2025-09-27,Male,20,Kolhapur,IT Professional,Strength,Google,Active,1
M00157,2025-02-27,Male,28,Mumbai,Business Owner,Strength,Website,Active,2
M00158,2024-09-18,Male,20,Pune,IT Professional,Muscle Gain,Walk-in,Active,2
M00159,2024-09-16,Male,18,Nagpur,IT Professional,Muscle Gain,Website,Churned,2
M00160,2024-09-23,Female,21,Pune,Government,Bodybuilding,Facebook,Churned,1
M00161,2025-06-03,Female,40,Nashik,IT Professional,General Fitness,Facebook,Active,1
M00162,2024-07-23,Male,27,Nagpur,Other,Muscle Gain,Walk-in,Churned,2
M00163,2024-04-16,Female,31,Nashik,Sales/Marketing,General Fitness,Walk-in,Churned,1
M00164,2024-08-01,Female,25,Pune,Student,General Fitness,Website,Active,5
M00165,2024-01-15,Other,18,Pune,Sales/Marketing,General Fitness,Referral,Active,6
M00166,2024-03-08,Male,36,Pune,,Muscle Gain,Instagram,Churned,2
M00167,2024-02-27,Male,18,Pune,Business Owner,Strength,Referral,Churned,3
M00168,2025-04-05,Male,25,Pune,Business Owner,Strength,Instagram,Active,5
M00169,2025-03-20,Female,29,Mumbai,Sales/Marketing,Muscle Gain,Website,Active,1
M00170,2024-10-21,Female,31,Pune,IT Professional,Weight Loss,Walk-in,Active,1
M00171,2025-04-02,Male,24,Nashik,IT Professional,General Fitness,Referral,Churned,1
M00172,2024-04-12,Male,18,Nagpur,IT Professional,General Fitness,Instagram,Churned,1
M00173,2025-07-28,Female,23,Pune,IT Professional,Muscle Gain,Referral,Active,2
M00174,2024-11-15,Female,24,Nashik,Finance,Strength,Google,Churned,2
M00175,2025-08-21,Male,24,Mumbai,IT Professional,Weight Loss,Walk-in,Active,1
M00176,2024-04-07,Male,36,Pune,Finance,Weight Loss,Referral,Churned,1
M00177,2024-11-13,Male,21,Pune,Business Owner,Strength,Referral,Churned,2
M00178,2025-03-20,Male,31,Nashik,Sales/Marketing,Bodybuilding,Google,Active,1
M00179,2024-11-12,Male,30,Kolhapur,Business Owner,Muscle Gain,Referral,Churned,3
M00180,2024-10-11,Female,36,Mumbai,Other,Weight Loss,Referral,Active,2
M00181,2024-04-16,Female,28,Nagpur,Other,Muscle Gain,Facebook,Churned,2
M00182,2024-08-31,Male,35,Kolhapur,IT Professional,Muscle Gain,Website,Churned,4
M00183,2024-06-01,Male,28,Pune,Finance,Muscle Gain,Walk-in,Churned,1
M00184,2024-07-11,Male,32,Mumbai,IT Professional,Weight Loss,Google,Churned,1
M00185,2025-03-12,Male,18,Pune,Sales/Marketing,Muscle Gain,Instagram,Churned,2
M00186,2025-02-06,Male,18,Kolhapur,Finance,General Fitness,,Active,3
M00187,2025-01-22,Male,32,Pune,IT Professional,General Fitness,Website,Active,1
M00188,2024-08-18,Male,32,Pune,IT Professional,General Fitness,Instagram,Churned,2
M00189,2025-09-04,Male,32,Nagpur,IT Professional,Muscle Gain,Walk-in,Active,2
M00190,2024-02-25,Male,25,Pune,Sales/Marketing,Muscle Gain,Referral,Churned,2
M00191,2024-08-06,Female,39,Nashik,Sales/Marketing,Muscle Gain,Instagram,Churned,1
M00192,2024-03-16,Male,26,Pune,Student,Bodybuilding,Website,Churned,3
M00193,2024-08-04,Male,32,Kolhapur,IT Professional,Muscle Gain,Website,Churned,2
M00194,2025-09-05,Female,33,Nagpur,IT Professional,General Fitness,Website,Active,2
M00195,2024-08-21,Male,41,Pune,Healthcare,Muscle Gain,Instagram,Churned,1
M00196,2025-08-02,Male,27,Nashik,IT Professional,Strength,Referral,Churned,1
M00197,2024-11-11,Male,24,Pune,IT Professional,Muscle Gain,Website,Churned,3
M00198,2025-03-22,Male,19,Mumbai,Sales/Marketing,Muscle Gain,Walk-in,Churned,1
M00199,2024-10-18,Male,40,Mumbai,Business Owner,Strength,Referral,Churned,1
M00200,2024-06-18,Male,32,Nagpur,Government,Weight Loss,Referral,Churned,1
M00201,2025-05-02,Male,32,Pune,Business Owner,General Fitness,Instagram,Churned,1
M00202,2025-09-10,Male,51,Pune,Business Owner,Muscle Gain,Referral,Active,2
M00203,2024-06-17,Male,31,Mumbai,Finance,Bodybuilding,Facebook,Churned,1
M00204,2025-05-11,Male,20,Mumbai,IT Professional,General Fitness,Instagram,Churned,1
M00205,2024-06-15,Male,28,Pune,IT Professional,Weight Loss,Instagram,Churned,1
M00206,2025-04-02,Male,22,Pune,Other,Strength,Referral,Active,1
M00207,2025-05-18,Female,26,Pune,Sales/Marketing,General Fitness,Referral,Active,2
M00208,2024-10-13,Male,26,Nagpur,Government,Muscle Gain,Google,Active,2
M00209,2025-04-15,Male,25,Pune,Student,Weight Loss,Instagram,Active,1
M00210,2024-06-22,Male,19,Pune,Student,Weight Loss,Walk-in,Churned,1
M00211,2024-02-20,Male,40,Kolhapur,IT Professional,General Fitness,Google,Churned,1
M00212,2024-03-02,Female,31,Pune,Other,Muscle Gain,Walk-in,Churned,2
M00213,2024-10-12,Male,27,Nashik,Sales/Marketing,Strength,Referral,Churned,1
M00214,2025-07-29,Male,34,Pune,Business Owner,Weight Loss,Referral,Active,2
M00215,2024-03-22,Female,32,Nagpur,Other,General Fitness,Referral,Churned,1
M00216,2024-10-17,Female,31,Nashik,IT Professional,Weight Loss,Walk-in,Active,1
M00217,2025-03-25,Female,34,Nagpur,Healthcare,General Fitness,Referral,Churned,2
M00218,2024-05-09,Male,30,Pune,IT Professional,Weight Loss,Referral,Churned,1
M00219,2025-04-05,Male,34,Pune,IT Professional,Muscle Gain,Referral,Active,1
M00220,2024-07-14,Male,34,Nashik,Other,Weight Loss,Referral,Churned,2
M00221,2025-05-30,Male,30,Pune,Sales/Marketing,General Fitness,Referral,Active,1
M00222,2025-01-04,Male,27,Pune,Student,Muscle Gain,Referral,Active,1
M00223,2024-12-14,Female,40,Pune,IT Professional,General Fitness,Referral,Active,5
M00224,2024-04-22,Male,26,Kolhapur,Healthcare,Weight Loss,Instagram,Active,7
M00225,2024-10-22,Male,32,Mumbai,Student,Muscle Gain,Walk-in,Churned,4
M00226,2025-06-30,Male,32,Mumbai,Healthcare,General Fitness,Instagram,Active,2
M00227,2024-01-13,Male,25,Nashik,Healthcare,Weight Loss,Website,Churned,1
M00228,2025-04-28,Male,23,Pune,IT Professional,Weight Loss,Walk-in,Churned,1
M00229,2024-11-10,Female,27,Pune,IT Professional,Muscle Gain,Instagram,Churned,2
M00230,2025-04-04,Male,26,Pune,IT Professional,General Fitness,Walk-in,Churned,2
M00231,2025-02-27,Male,19,Mumbai,Other,Bodybuilding,Google,Churned,1
M00232,2024-10-02,Male,24,Pune,IT Professional,Weight Loss,Website,Churned,3
M00233,2024-07-15,Male,31,Nagpur,Healthcare,General Fitness,Website,Churned,2
M00234,2025-02-04,Male,38,Nashik,IT Professional,General Fitness,Facebook,Active,2
M00235,2024-03-30,Female,33,Pune,Finance,General Fitness,Referral,Churned,1
M00236,2025-01-07,Male,18,Mumbai,Student,Muscle Gain,Website,Churned,1
M00237,2024-03-01,Male,33,Pune,Student,Bodybuilding,Walk-in,Active,3
M00238,2025-02-18,Other,25,Kolhapur,Government,Muscle Gain,Facebook,Churned,1
M00239,2025-02-05,Male,32,Nagpur,Government,Strength,Instagram,Active,3
M00240,2024-02-23,Female,29,Kolhapur,IT Professional,Weight Loss,Website,Churned,2
M00241,2025-04-28,Male,28,Pune,IT Professional,Strength,Walk-in,Active,2
M00242,2024-09-22,Male,28,Pune,Other,Bodybuilding,Google,Churned,1
M00243,2025-05-17,Female,29,Pune,Student,Strength,Website,Active,1
M00244,2024-01-27,Male,38,Pune,IT Professional,Muscle Gain,Walk-in,Churned,1
M00245,2024-04-24,Male,29,Pune,IT Professional,Strength,Website,Churned,2
M00246,2024-11-11,Male,37,Pune,IT Professional,Weight Loss,Instagram,Churned,2
M00247,2024-04-30,Male,36,Kolhapur,Finance,General Fitness,Referral,Churned,2
M00248,2024-07-29,Male,34,Pune,Finance,Muscle Gain,Walk-in,Active,2
M00249,2025-02-25,Male,18,Pune,Business Owner,General Fitness,Instagram,Churned,1
M00250,2024-04-02,Female,37,Nagpur,Healthcare,Muscle Gain,Walk-in,Churned,3
M00251,2025-03-08,Male,26,Mumbai,IT Professional,Weight Loss,Walk-in,Churned,1
M00252,2024-03-06,Male,34,Nashik,Government,Weight Loss,Google,Churned,1
M00253,2024-04-21,Male,22,Mumbai,Student,Weight Loss,Walk-in,Churned,1
M00254,2025-01-09,Male,21,Nagpur,IT Professional,Muscle Gain,Instagram,Churned,1
M00255,2025-05-21,Male,43,Mumbai,Finance,Strength,Facebook,Active,2
M00256,2024-04-18,Male,22,Pune,IT Professional,General Fitness,Facebook,Churned,1
M00257,2024-07-10,Male,37,Mumbai,Student,General Fitness,Referral,Churned,1
M00258,2025-08-13,Male,30,Pune,IT Professional,Strength,Referral,Active,3
M00259,2025-09-23,Male,26,Pune,Government,Muscle Gain,Google,Active,2
M00260,2025-01-05,Male,29,Pune,Student,Muscle Gain,Google,Churned,1
M00261,2024-10-12,Male,20,Pune,Government,Muscle Gain,Facebook,Churned,2
M00262,2024-08-09,Other,29,Nashik,Government,Weight Loss,Google,Churned,1
M00263,2025-01-25,Female,21,Pune,Finance,General Fitness,Google,Churned,2
M00264,2025-01-12,Male,26,Pune,IT Professional,General Fitness,Google,Churned,1
M00265,2024-07-07,Female,35,Pune,Sales/Marketing,General Fitness,Walk-in,Churned,1
M00266,2024-01-15,Female,31,Nagpur,IT Professional,General Fitness,Facebook,Churned,2
M00267,2024-04-06,Male,19,Pune,Other,Weight Loss,Instagram,Churned,2
M00268,2025-09-03,Female,35,Mumbai,Finance,General Fitness,Google,Active,1
M00269,2024-09-23,Male,29,Nagpur,Student,Weight Loss,Instagram,Active,4
M00270,2024-11-03,Female,25,Pune,Sales/Marketing,Strength,Instagram,Churned,1
M00271,2024-10-25,Male,34,Nashik,Business Owner,Weight Loss,Google,Active,4
M00272,2025-05-14,Male,28,Pune,Business Owner,Muscle Gain,Walk-in,Active,2
M00273,2024-02-11,Male,21,Pune,IT Professional,Muscle Gain,Referral,Churned,3
M00274,2024-02-22,Female,42,Mumbai,Healthcare,Weight Loss,Instagram,Churned,1
M00275,2024-06-24,Male,29,Nagpur,Government,Muscle Gain,Walk-in,Active,4
M00276,2024-11-06,Male,28,Pune,Sales/Marketing,Weight Loss,Walk-in,Active,3
M00277,2025-03-04,Male,26,Mumbai,IT Professional,General Fitness,Google,Churned,1
M00278,2024-11-09,Male,37,Pune,Finance,Strength,Google,Churned,1
M00279,2024-10-08,Female,25,Mumbai,Finance,Muscle Gain,Walk-in,Active,2
M00280,2025-08-21,Female,18,Mumbai,Finance,Muscle Gain,Instagram,Churned,1
M00281,2024-04-12,Male,24,Mumbai,Business Owner,Strength,Facebook,Churned,2
M00282,2024-12-30,Male,38,Mumbai,IT Professional,Muscle Gain,Facebook,Churned,1
M00283,2024-12-11,Male,35,Pune,Government,Strength,Website,Active,2
M00284,2024-10-29,Male,27,Mumbai,IT Professional,Muscle Gain,Instagram,Churned,1
M00285,2025-05-30,Female,39,Mumbai,IT Professional,Muscle Gain,Instagram,Active,2
M00286,2024-06-19,Female,34,Mumbai,Healthcare,Weight Loss,Facebook,Churned,1
M00287,2025-08-31,Male,27,Pune,IT Professional,Weight Loss,Referral,Active,1
M00288,2024-07-30,Male,28,Pune,Student,General Fitness,Google,Active,5
M00289,2024-12-13,Male,31,Pune,Student,Strength,Referral,Active,7
M00290,2024-11-28,Male,23,Pune,Finance,Weight Loss,Instagram,Churned,1
M00291,2025-06-26,Male,29,Pune,Other,Strength,Walk-in,Churned,1
M00292,2024-10-07,Female,31,Pune,Business Owner,Muscle Gain,Website,Churned,4
M00293,2024-06-30,Male,18,Nashik,IT Professional,Muscle Gain,Walk-in,Active,3
M00294,2024-01-14,Female,28,Pune,Sales/Marketing,Strength,Referral,Churned,2
M00295,2024-08-20,Male,27,Nagpur,IT Professional,Strength,Website,Churned,1
M00296,2025-06-11,Male,36,Pune,Other,Muscle Gain,Walk-in,Active,2
M00297,2024-01-07,Male,18,Nashik,Healthcare,Weight Loss,Instagram,Churned,2
M00298,2025-07-25,Male,26,Pune,IT Professional,Weight Loss,Walk-in,Active,2
M00299,2024-12-12,Male,26,Pune,Business Owner,Weight Loss,Instagram,Churned,1
M00300,2024-03-30,Male,36,Mumbai,IT Professional,General Fitness,Google,Churned,1
M00301,2024-07-11,Female,29,Kolhapur,Government,Muscle Gain,Referral,Churned,2
M00302,2024-12-19,Male,42,Pune,Student,General Fitness,Instagram,Churned,1
M00303,2024-07-20,Male,34,Pune,Sales/Marketing,Weight Loss,Instagram,Churned,1
M00304,2024-03-10,Female,26,Mumbai,Government,Muscle Gain,Referral,Active,3
M00305,2025-02-28,Male,31,Nashik,Sales/Marketing,Muscle Gain,Google,Churned,1
M00306,2025-03-04,Male,27,Pune,Sales/Marketing,Muscle Gain,,Churned,1
M00307,2024-03-16,Male,35,Pune,IT Professional,Muscle Gain,Google,Active,3
M00308,2024-06-28,Male,20,Pune,Business Owner,Bodybuilding,Walk-in,Churned,3
M00309,2024-06-04,Female,23,Kolhapur,Sales/Marketing,Strength,Website,Churned,2
M00310,2025-02-24,Female,32,Pune,IT Professional,General Fitness,Instagram,Active,4
M00311,2025-04-10,Male,38,Pune,Student,Weight Loss,Walk-in,Churned,1
M00312,2025-04-08,Male,18,Kolhapur,IT Professional,Strength,Instagram,Churned,1
M00313,2025-08-21,Female,39,Pune,IT Professional,Strength,Google,Active,1
M00314,2025-05-05,Female,28,Pune,Sales/Marketing,Strength,Google,Active,1
M00315,2024-07-23,Male,18,Pune,Business Owner,Muscle Gain,Instagram,Churned,2
M00316,2024-03-09,Female,18,Pune,Finance,Weight Loss,Instagram,Active,7
M00317,2025-01-27,Male,18,Pune,Other,General Fitness,Walk-in,Churned,1
M00318,2025-08-07,Male,29,Pune,IT Professional,Muscle Gain,Walk-in,Active,1
M00319,2025-09-14,Male,29,Nashik,Government,Muscle Gain,Website,Active,1
M00320,2024-05-26,Male,33,Nashik,Student,Muscle Gain,Website,Churned,1
M00321,2024-05-30,Female,25,Pune,Student,Muscle Gain,Referral,Churned,1
M00322,2024-01-24,Male,21,Mumbai,IT Professional,Muscle Gain,Instagram,Churned,4
M00323,2024-03-31,Male,26,Pune,IT Professional,General Fitness,Instagram,Churned,2
M00324,2024-12-19,Male,29,Kolhapur,IT Professional,General Fitness,Referral,Churned,1
M00325,2024-12-14,Male,31,Pune,Business Owner,Muscle Gain,Facebook,Active,3
M00326,2024-08-24,Male,23,Mumbai,IT Professional,Weight Loss,Google,Active,2
M00327,2024-07-16,Male,35,Pune,Student,Bodybuilding,Instagram,Active,3
M00328,2025-06-13,Male,25,Mumbai,Finance,Muscle Gain,Referral,Churned,1
M00329,2024-10-20,Male,23,Pune,Student,Muscle Gain,Website,Active,3
M00330,2025-05-30,Female,25,Nashik,Sales/Marketing,Muscle Gain,Referral,Active,2
M00331,2025-09-06,Male,37,Pune,Other,Muscle Gain,Walk-in,Active,1
M00332,2024-07-21,Female,28,Nagpur,Government,General Fitness,Referral,Churned,1
M00333,2024-05-09,Female,24,Pune,Healthcare,Weight Loss,Google,Churned,2
M00334,2025-08-30,Male,35,Nashik,Finance,Strength,Referral,Active,2
M00335,2025-02-09,Male,44,Nagpur,Finance,Weight Loss,Walk-in,Churned,1
M00336,2024-07-04,Female,30,Kolhapur,Other,Bodybuilding,Walk-in,Churned,1
M00337,2025-01-31,Male,38,Pune,Other,General Fitness,Referral,Churned,2
M00338,2024-11-24,Male,36,Pune,IT Professional,Weight Loss,Google,Churned,1
M00339,2025-07-31,Male,25,Pune,Healthcare,Muscle Gain,Instagram,Active,1
M00340,2024-06-12,Male,29,Pune,Sales/Marketing,Muscle Gain,Instagram,Churned,2
M00341,2025-09-24,Male,20,Mumbai,Student,Bodybuilding,Instagram,Active,2
M00342,2025-08-20,Female,28,Kolhapur,Business Owner,General Fitness,Instagram,Active,2
M00343,2024-04-25,Male,25,Kolhapur,Finance,Muscle Gain,Walk-in,Churned,2
M00344,2024-04-15,Female,26,Pune,Government,Muscle Gain,Facebook,Churned,2
M00345,2024-12-06,Male,24,Mumbai,IT Professional,Bodybuilding,Walk-in,Churned,1
M00346,2024-01-29,Male,27,Nagpur,IT Professional,General Fitness,Walk-in,Churned,1
M00347,2024-07-09,Male,33,Kolhapur,IT Professional,Muscle Gain,Website,Churned,1
M00348,2024-10-04,Male,28,Pune,Healthcare,Muscle Gain,Website,Churned,1
M00349,2025-09-10,Male,18,Pune,Other,Muscle Gain,Google,Active,1
M00350,2025-09-25,Male,24,Nagpur,Sales/Marketing,General Fitness,Instagram,Active,2
M00351,2024-04-06,Male,18,Pune,IT Professional,General Fitness,Instagram,Churned,3
M00352,2025-07-22,Male,31,Pune,IT Professional,Strength,Website,Active,2
M00353,2024-02-28,Female,33,Kolhapur,Sales/Marketing,Muscle Gain,Instagram,Churned,6
M00354,2025-04-22,Male,31,Kolhapur,Government,General Fitness,Google,Active,1
M00355,2025-06-23,Male,23,Nagpur,Business Owner,Muscle Gain,Referral,Churned,1
M00356,2025-07-22,Male,31,Nashik,IT Professional,General Fitness,Referral,Churned,2
M00357,2024-05-22,Male,26,Pune,Student,Muscle Gain,Referral,Churned,2
M00358,2025-07-24,Female,21,Pune,Sales/Marketing,Strength,Walk-in,Churned,1
M00359,2024-03-14,Male,34,Pune,Healthcare,Muscle Gain,Referral,Churned,2
M00360,2024-11-27,Male,35,Mumbai,IT Professional,General Fitness,Facebook,Active,4
M00361,2024-10-26,Male,36,Pune,Other,Strength,Instagram,Active,5
M00362,2024-07-20,Male,25,Mumbai,Finance,General Fitness,Facebook,Churned,2
M00363,2024-01-15,Male,37,Pune,Other,Muscle Gain,Referral,Churned,3
M00364,2025-05-07,Male,26,Nashik,Business Owner,General Fitness,Instagram,Active,2
M00365,2024-08-02,Female,34,Pune,Business Owner,Weight Loss,Website,Active,3
M00366,2025-02-26,Female,25,Pune,Other,Weight Loss,Website,Churned,1
M00367,2024-09-18,Male,27,Pune,Other,General Fitness,Facebook,Churned,3
M00368,2024-08-26,Female,18,Pune,Other,Strength,Website,Churned,3
M00369,2025-07-19,Male,27,Nagpur,Sales/Marketing,Weight Loss,Google,Active,1
M00370,2024-03-01,Other,30,Pune,Business Owner,Bodybuilding,Instagram,Churned,2
M00371,2025-04-14,Male,26,Pune,IT Professional,Muscle Gain,Instagram,Churned,1
M00372,2025-04-21,Male,41,Nashik,IT Professional,Strength,Facebook,Churned,1
M00373,2024-08-30,Male,21,Mumbai,Other,General Fitness,Facebook,Active,2
M00374,2024-06-16,Male,25,Pune,IT Professional,Strength,Website,Churned,1
M00375,2024-01-04,Female,23,Pune,Government,Strength,Facebook,Churned,3
M00376,2025-08-20,Male,25,Pune,Other,Bodybuilding,Walk-in,Active,1
M00377,2025-08-27,Male,36,Mumbai,Other,General Fitness,Instagram,Active,1
M00378,2024-06-02,Male,39,Pune,Other,Weight Loss,Instagram,Churned,2
M00379,2024-01-21,Female,24,Pune,Healthcare,Muscle Gain,Referral,Churned,1
M00380,2024-03-19,Female,24,Pune,Business Owner,General Fitness,Walk-in,Churned,3
M00381,2024-02-13,Male,21,Mumbai,Other,Weight Loss,Instagram,Churned,5
M00382,2025-06-14,Male,38,Pune,IT Professional,Bodybuilding,Website,Active,2
M00383,2025-07-23,Male,37,Nagpur,IT Professional,Weight Loss,Walk-in,Active,1
M00384,2024-04-07,Female,28,Pune,Other,Strength,Google,Active,3
M00385,2025-04-21,Female,19,Mumbai,Finance,Muscle Gain,Website,Active,2
M00386,2024-04-24,Male,20,Pune,Business Owner,Strength,Referral,Churned,1
M00387,2024-08-22,Female,30,Pune,Student,Bodybuilding,Walk-in,Churned,1
M00388,2025-01-17,Male,33,Pune,Business Owner,Muscle Gain,Google,Active,2
M00389,2025-04-04,Female,18,Nashik,Other,General Fitness,Google,Churned,3
M00390,2025-07-11,Male,27,Nagpur,Healthcare,Weight Loss,Instagram,Churned,1
M00391,2024-01-29,Male,40,Pune,IT Professional,Strength,Referral,Churned,2
M00392,2024-05-05,Male,27,Pune,Healthcare,Strength,Walk-in,Churned,1
M00393,2024-06-27,Male,39,Nagpur,Sales/Marketing,Muscle Gain,Website,Active,3
M00394,2024-07-16,Female,34,Pune,Other,Weight Loss,Website,Churned,2
M00395,2025-09-28,Male,21,Pune,IT Professional,Muscle Gain,Instagram,Active,1
M00396,2025-05-10,Female,27,Pune,Healthcare,Weight Loss,Website,Active,1
M00397,2024-07-23,Female,28,Mumbai,IT Professional,Strength,Instagram,Churned,1
M00398,2025-09-12,Male,22,Mumbai,Business Owner,Weight Loss,Instagram,Active,1
M00399,2024-11-14,Female,22,Mumbai,IT Professional,Bodybuilding,Walk-in,Churned,1
M00400,2024-11-15,Male,40,Kolhapur,Business Owner,Bodybuilding,Website,Active,1
M00401,2024-10-03,Male,22,Pune,Healthcare,Strength,Website,Churned,1
M00402,2024-04-01,Male,37,Pune,IT Professional,General Fitness,Facebook,Churned,1
M00403,2025-08-19,Male,26,Pune,IT Professional,Weight Loss,Instagram,Active,1
M00404,2024-01-09,Female,29,Pune,IT Professional,Strength,Instagram,Active,3
M00405,2024-04-21,Male,33,Pune,Student,General Fitness,Instagram,Churned,1
M00406,2024-05-26,Male,25,Pune,Government,Bodybuilding,Referral,Churned,1
M00407,2024-06-27,Male,33,Pune,IT Professional,Muscle Gain,Referral,Churned,2
M00408,2024-03-25,Male,18,Mumbai,Student,Weight Loss,Instagram,Active,6
M00409,2024-01-12,Female,32,Pune,Other,Bodybuilding,Referral,Churned,6
M00410,2025-03-08,Male,18,Pune,IT Professional,Strength,Referral,Churned,2
M00411,2025-09-10,Female,27,Mumbai,Sales/Marketing,Weight Loss,Walk-in,Active,1
M00412,2024-03-18,Male,35,Mumbai,Healthcare,General Fitness,Google,Active,4
M00413,2024-07-08,Female,33,Nashik,Government,Weight Loss,Google,Active,2
M00414,2024-11-19,Male,20,Nashik,Healthcare,Muscle Gain,Walk-in,Churned,3
M00415,2025-08-14,Male,21,Mumbai,IT Professional,Muscle Gain,Walk-in,Active,3
M00416,2025-03-18,Male,24,Pune,Sales/Marketing,Muscle Gain,Google,Active,4
M00417,2025-05-03,Male,30,Pune,Sales/Marketing,Weight Loss,Instagram,Active,3
M00418,2025-01-05,Female,18,Mumbai,IT Professional,Weight Loss,Website,Active,2
M00419,2024-09-23,Male,29,Pune,Government,Muscle Gain,Walk-in,Active,4
M00420,2024-05-07,Male,31,Pune,Healthcare,Weight Loss,Instagram,Churned,2
M00421,2025-07-05,Female,27,Pune,Other,Muscle Gain,Referral,Active,1
M00422,2025-05-28,Male,33,Pune,Sales/Marketing,General Fitness,Referral,Churned,1
M00423,2024-01-17,Male,31,Pune,Student,General Fitness,Instagram,Churned,3
M00424,2025-04-01,Other,25,Pune,Sales/Marketing,General Fitness,Instagram,Active,2
M00425,2024-02-23,Male,18,Nagpur,Other,Weight Loss,Website,Churned,2
M00426,2025-04-16,Female,30,Kolhapur,Government,Weight Loss,Referral,Active,1
M00427,2025-06-10,Male,22,Pune,Student,Strength,Instagram,Active,3
M00428,2024-03-24,Female,25,Kolhapur,Sales/Marketing,Strength,Walk-in,Churned,2
M00429,2024-10-03,Male,32,Pune,Finance,Bodybuilding,Referral,Churned,1
M00430,2024-03-19,Female,39,Kolhapur,IT Professional,Bodybuilding,Walk-in,Churned,4
M00431,2024-12-27,Male,29,Kolhapur,Sales/Marketing,General Fitness,Google,Churned,1
M00432,2024-02-21,Female,33,Pune,Healthcare,Strength,Instagram,Churned,1
M00433,2024-09-10,Male,19,Nashik,Sales/Marketing,Muscle Gain,Instagram,Churned,1
M00434,2025-09-12,Other,31,Kolhapur,Finance,General Fitness,Website,Active,2
M00435,2024-07-11,Male,29,Nagpur,IT Professional,Bodybuilding,Walk-in,Active,3
M00436,2024-03-25,Male,38,Kolhapur,Other,General Fitness,Facebook,Churned,3
M00437,2024-11-07,Female,25,Mumbai,Healthcare,Muscle Gain,Instagram,Churned,2
M00438,2024-11-20,Male,27,Pune,Business Owner,Muscle Gain,Walk-in,Active,4
M00439,2025-02-26,Male,36,Nagpur,IT Professional,Muscle Gain,Referral,Active,2
M00440,2024-07-19,Female,28,Mumbai,Student,Muscle Gain,Walk-in,Churned,1
M00441,2025-09-01,Male,21,Mumbai,Finance,Strength,Google,Active,1
M00442,2024-11-28,Male,47,Pune,IT Professional,General Fitness,Walk-in,Active,5
M00443,2024-07-01,Male,21,Mumbai,Other,Weight Loss,Instagram,Churned,1
M00444,2025-09-04,Male,29,Pune,Other,General Fitness,Instagram,Active,2
M00445,2025-08-13,Male,31,Nashik,Government,Muscle Gain,Walk-in,Churned,1
M00446,2024-11-14,Male,31,Pune,IT Professional,Muscle Gain,Instagram,Active,3
M00447,2024-01-16,Male,28,Mumbai,Government,Muscle Gain,Instagram,Churned,4
M00448,2025-01-15,Male,28,Nagpur,Student,Muscle Gain,Website,Active,1
M00449,2024-12-20,Male,27,Pune,Sales/Marketing,General Fitness,Google,Churned,2
M00450,2024-04-04,Male,21,Pune,Business Owner,General Fitness,Referral,Churned,4
M00451,2025-02-08,Male,44,Pune,Other,General Fitness,Facebook,Churned,2
M00452,2025-06-20,Male,27,Kolhapur,IT Professional,Muscle Gain,Walk-in,Churned,1
M00453,2024-03-08,Male,33,Nashik,IT Professional,General Fitness,Instagram,Churned,1
M00454,2025-04-06,Female,27,Pune,Other,Weight Loss,Referral,Churned,1
M00455,2024-03-30,Male,27,Pune,Business Owner,Muscle Gain,Referral,Churned,4
M00456,2025-04-22,Male,26,Pune,Sales/Marketing,General Fitness,Google,Churned,1
M00457,2024-09-24,Male,18,Pune,Other,General Fitness,Walk-in,Churned,1
M00458,2024-01-05,Male,28,Kolhapur,Business Owner,Strength,Website,Churned,2
M00459,2025-09-08,Female,26,Nashik,Business Owner,Muscle Gain,Instagram,Active,1
M00460,2024-04-15,Female,37,Pune,Healthcare,Strength,Instagram,Churned,1
M00461,2025-01-15,Female,21,Nagpur,Sales/Marketing,Muscle Gain,Walk-in,Churned,3
M00462,2024-04-25,Male,25,Pune,Other,Muscle Gain,Referral,Churned,2
M00463,2025-08-18,Male,23,Nagpur,IT Professional,Strength,Walk-in,Active,3
M00464,2025-04-16,Male,39,Pune,Government,General Fitness,Instagram,Churned,2
M00465,2025-05-28,Male,23,Mumbai,IT Professional,Strength,Instagram,Active,2
M00466,2024-10-02,Male,33,Kolhapur,Healthcare,Strength,Walk-in,Churned,2
M00467,2024-10-25,Male,36,Pune,Sales/Marketing,Weight Loss,Website,Churned,1
M00468,2025-02-08,Male,28,Mumbai,Sales/Marketing,Bodybuilding,Instagram,Churned,2
M00469,2025-05-15,Female,19,Kolhapur,Business Owner,Bodybuilding,Facebook,Churned,1
M00470,2024-01-12,Male,19,Pune,IT Professional,Muscle Gain,Google,Churned,2
M00471,2025-02-27,Male,35,Pune,IT Professional,Weight Loss,Instagram,Active,3
M00472,2024-03-10,Female,20,Mumbai,Student,Muscle Gain,Referral,Churned,2
M00473,2024-07-02,Female,32,Pune,IT Professional,Strength,Google,Churned,2
M00474,2025-06-13,Male,30,Pune,Sales/Marketing,Bodybuilding,Walk-in,Active,2
M00475,2024-06-08,Male,32,Pune,IT Professional,Strength,Google,Churned,2
M00476,2025-05-23,Male,32,Nashik,IT Professional,Muscle Gain,Referral,Active,2
M00477,2024-10-22,Male,22,Pune,Government,Weight Loss,Instagram,Churned,1
M00478,2024-05-28,Male,22,Pune,IT Professional,Muscle Gain,Facebook,Churned,3
M00479,2024-08-01,Male,34,Nagpur,IT Professional,Muscle Gain,Website,Churned,2
M00480,2024-12-04,Male,25,Pune,Other,Weight Loss,Google,Active,2
M00481,2025-05-03,Male,18,Nagpur,Student,Weight Loss,Referral,Churned,1
M00482,2025-01-21,Male,34,Pune,IT Professional,Weight Loss,Website,Churned,3
M00483,2025-08-18,Female,22,Kolhapur,Healthcare,Weight Loss,Instagram,Active,2
M00484,2025-07-07,Male,32,Mumbai,IT Professional,General Fitness,Facebook,Active,2
M00485,2025-04-25,Male,39,Pune,IT Professional,Muscle Gain,Referral,Churned,1
M00486,2025-01-19,Male,29,Nagpur,IT Professional,Muscle Gain,Website,Churned,3
M00487,2024-07-03,Female,36,Pune,IT Professional,General Fitness,Google,Churned,2
M00488,2024-09-20,Male,30,Pune,Sales/Marketing,Bodybuilding,Google,Active,4
M00489,2024-03-16,Female,40,Pune,IT Professional,General Fitness,Google,Churned,4
M00490,2024-08-26,Male,22,Mumbai,IT Professional,General Fitness,Instagram,Active,4
M00491,2025-08-14,Male,29,Pune,IT Professional,General Fitness,Instagram,Active,3
M00492,2024-09-28,Male,34,Pune,Other,General Fitness,Website,Churned,1
M00493,2024-03-13,Male,28,Pune,Student,General Fitness,Google,Active,3
M00494,2025-02-19,Female,37,Pune,Sales/Marketing,Muscle Gain,Instagram,Active,2
M00495,2025-09-06,Male,26,Pune,IT Professional,Muscle Gain,Google,Active,1
M00496,2025-07-07,Male,43,Pune,Other,Muscle Gain,Google,Active,2
M00497,2024-06-23,Male,44,Pune,IT Professional,Muscle Gain,Referral,Churned,1
M00498,2024-10-16,Male,31,Pune,Student,Weight Loss,Instagram,Churned,1
M00499,2024-12-04,Male,33,Mumbai,Business Owner,Muscle Gain,Walk-in,Active,4
M00500,2024-06-07,Male,37,Pune,IT Professional,Muscle Gain,Facebook,Churned,1
M00501,2024-06-20,Female,21,Mumbai,Government,General Fitness,Instagram,Churned,2
M00502,2024-05-30,Female,20,Pune,Finance,Muscle Gain,Walk-in,Churned,3
M00503,2025-09-26,Female,38,Pune,Finance,Weight Loss,Google,Active,1
M00504,2025-04-20,Male,31,Pune,IT Professional,Muscle Gain,Referral,Churned,1
M00505,2025-06-04,Male,27,Pune,Finance,Muscle Gain,Website,Churned,1
M00506,2025-09-03,Male,29,Pune,IT Professional,General Fitness,Website,Active,2
M00507,2024-03-08,Male,18,Nashik,Other,Muscle Gain,Google,Churned,1
M00508,2025-07-16,Male,28,Pune,Government,Weight Loss,Referral,Churned,1
M00509,2024-02-12,Male,24,Pune,Healthcare,Weight Loss,Google,Churned,5
M00510,2024-10-30,Male,35,Mumbai,Sales/Marketing,Muscle Gain,Referral,Churned,2
M00511,2025-01-14,Male,36,Pune,Healthcare,Weight Loss,Walk-in,Active,1
M00512,2024-08-16,Female,33,Pune,Healthcare,Muscle Gain,Instagram,Churned,3
M00513,2024-04-03,Male,32,Pune,IT Professional,General Fitness,Website,Active,4
M00514,2024-05-02,Male,19,Pune,Finance,Bodybuilding,Walk-in,Churned,1
M00515,2025-06-10,Male,33,Pune,IT Professional,General Fitness,Instagram,Churned,2
M00516,2024-07-22,Male,33,Nashik,Student,Weight Loss,Facebook,Churned,2
M00517,2024-07-16,Female,38,Kolhapur,Sales/Marketing,Muscle Gain,Walk-in,Active,8
M00518,2025-08-12,Male,44,Pune,Student,General Fitness,Google,Active,1
M00519,2024-04-01,Female,18,Mumbai,Finance,Weight Loss,Referral,Churned,1
M00520,2025-08-06,Female,26,Nashik,IT Professional,Bodybuilding,Facebook,Churned,1
M00521,2025-08-10,Male,24,Pune,IT Professional,Muscle Gain,Website,Active,1
M00522,2025-01-16,Male,30,Nashik,Sales/Marketing,Weight Loss,Google,Churned,1
M00523,2024-04-15,Male,29,Mumbai,Student,Weight Loss,Walk-in,Churned,1
M00524,2024-04-09,Male,27,Kolhapur,Finance,Strength,Facebook,Churned,1
M00525,2024-06-30,Male,36,Kolhapur,Healthcare,Bodybuilding,Website,Churned,5
M00526,2025-01-03,Other,21,Pune,Sales/Marketing,Strength,Instagram,Active,3
M00527,2024-04-08,Male,22,Pune,IT Professional,Muscle Gain,Referral,Churned,1
M00528,2024-10-17,Female,22,Pune,Sales/Marketing,General Fitness,Facebook,Churned,1
M00529,2024-03-14,Male,26,Pune,Business Owner,Weight Loss,Instagram,Churned,3
M00530,2024-12-10,Other,20,Pune,IT Professional,Muscle Gain,Referral,Active,2
M00531,2024-01-14,Male,29,Kolhapur,IT Professional,General Fitness,Referral,Churned,2
M00532,2025-03-28,Male,28,Pune,IT Professional,Bodybuilding,Referral,Churned,1
M00533,2024-02-05,Male,23,Pune,Business Owner,Muscle Gain,Walk-in,Churned,4
M00534,2024-05-04,Male,35,Nagpur,Student,Muscle Gain,Instagram,Churned,1
M00535,2024-04-21,Female,29,Pune,IT Professional,Weight Loss,Walk-in,Churned,2
M00536,2025-06-14,Male,36,Pune,Finance,Muscle Gain,Google,Churned,1
M00537,2024-02-04,Male,28,Kolhapur,Business Owner,Weight Loss,Facebook,Active,4
M00538,2024-09-30,Male,29,Pune,IT Professional,Strength,Google,Churned,1
M00539,2025-01-12,Male,25,Pune,IT Professional,Weight Loss,Instagram,Churned,1
M00540,2024-11-25,Male,29,Pune,Business Owner,General Fitness,Website,Churned,2
M00541,2025-03-10,Male,34,Kolhapur,Finance,Weight Loss,Walk-in,Churned,3
M00542,2025-05-27,Male,26,Pune,Other,Muscle Gain,Google,Churned,1
M00543,2024-09-08,Male,33,Pune,Healthcare,Weight Loss,Google,Churned,1
M00544,2025-06-12,Male,23,Pune,Finance,Muscle Gain,Referral,Churned,1
M00545,2024-07-21,Female,34,Pune,Student,Muscle Gain,Website,Churned,1
M00546,2025-09-20,Male,25,Kolhapur,Other,General Fitness,Google,Active,1
M00547,2024-11-17,Male,35,Pune,IT Professional,Bodybuilding,Website,Churned,2
M00548,2025-04-14,Male,29,Kolhapur,IT Professional,Muscle Gain,Google,Churned,2
M00549,2025-07-12,Male,40,Pune,IT Professional,General Fitness,Walk-in,Churned,1
M00550,2025-05-20,Male,21,Pune,Student,Strength,,Active,1
M00551,2025-06-27,Male,19,Nagpur,Sales/Marketing,Muscle Gain,Instagram,Active,1
M00552,2024-12-08,Male,25,Pune,IT Professional,Strength,Website,Churned,2
M00553,2024-01-28,Male,19,Pune,IT Professional,Bodybuilding,Instagram,Churned,1
M00554,2024-11-10,Male,19,Nagpur,IT Professional,Strength,Website,Churned,3
M00555,2024-04-25,Other,33,Pune,Other,Muscle Gain,Instagram,Active,2
M00556,2025-07-21,Male,29,Pune,Sales/Marketing,General Fitness,Google,Churned,1
M00557,2024-05-31,Male,26,Kolhapur,Other,Muscle Gain,Website,Churned,1
M00558,2024-05-25,Male,26,Pune,Sales/Marketing,General Fitness,Walk-in,Churned,1
M00559,2024-06-08,Male,25,Pune,Other,Bodybuilding,Instagram,Churned,1
M00560,2025-02-13,Female,41,Pune,Business Owner,Weight Loss,Referral,Churned,3
M00561,2024-12-30,Male,24,Pune,IT Professional,General Fitness,Instagram,Churned,1
M00562,2025-08-28,Male,20,Pune,IT Professional,Muscle Gain,Facebook,Active,1
M00563,2024-09-22,Male,35,Mumbai,IT Professional,Weight Loss,Instagram,Churned,1
M00564,2024-06-29,Male,27,Pune,Government,General Fitness,Referral,Churned,1
M00565,2024-02-01,Female,43,Mumbai,Student,General Fitness,Instagram,Churned,1
M00566,2024-01-05,Male,25,Pune,IT Professional,Muscle Gain,Walk-in,Churned,1
M00567,2024-08-26,Female,35,Pune,Finance,Strength,Website,Churned,1
M00568,2025-08-13,Male,37,Pune,Student,Muscle Gain,Facebook,Churned,1
M00569,2024-11-30,Female,25,Mumbai,Student,Strength,Google,Active,4
M00570,2025-07-24,Male,24,Pune,Student,General Fitness,Instagram,Churned,2
M00571,2024-03-05,Male,34,Pune,Finance,Strength,Instagram,Churned,5
M00572,2024-02-29,Female,33,Nagpur,Student,Weight Loss,Facebook,Churned,2
M00573,2025-06-15,Male,19,Mumbai,IT Professional,Muscle Gain,Instagram,Churned,1
M00574,2024-03-09,Male,21,Pune,IT Professional,Strength,Walk-in,Churned,3
M00575,2024-02-03,Other,18,Nagpur,Government,Weight Loss,Google,Churned,2
M00576,2024-09-14,Male,33,Pune,IT Professional,Muscle Gain,,Churned,2
M00577,2025-08-13,Female,27,Pune,Student,General Fitness,Referral,Churned,1
M00578,2025-03-15,Male,28,Pune,Other,General Fitness,Referral,Churned,1
M00579,2024-03-04,Female,18,Pune,Sales/Marketing,Strength,Website,Churned,1
M00580,2025-06-18,Female,21,Pune,IT Professional,General Fitness,Website,Churned,1
M00581,2025-06-22,Male,26,Nashik,IT Professional,Bodybuilding,Referral,Churned,1
M00582,2025-05-25,Male,24,Pune,IT Professional,Muscle Gain,Walk-in,Churned,2
M00583,2025-07-29,Male,30,Nashik,Government,General Fitness,Walk-in,Active,3
M00584,2024-06-02,Male,33,Kolhapur,IT Professional,Strength,Referral,Churned,2
M00585,2025-09-16,Female,45,Mumbai,Other,General Fitness,Instagram,Active,1
M00586,2024-07-23,Male,29,Mumbai,Sales/Marketing,Weight Loss,,Active,3
M00587,2025-05-26,Male,37,Mumbai,Healthcare,Muscle Gain,Walk-in,Active,5
M00588,2025-01-04,Male,23,Kolhapur,Student,Muscle Gain,Instagram,Churned,2
M00589,2025-05-12,Male,18,Pune,Sales/Marketing,General Fitness,Instagram,Active,3
M00590,2025-02-04,Female,27,Pune,Government,Muscle Gain,Walk-in,Churned,2
M00591,2025-02-13,Male,18,Pune,Sales/Marketing,General Fitness,Instagram,Churned,1
M00592,2025-01-28,Male,29,Pune,Student,Strength,Walk-in,Churned,1
M00593,2025-05-11,Female,24,Pune,Finance,Weight Loss,Walk-in,Churned,1
M00594,2025-04-16,Female,18,Mumbai,Sales/Marketing,General Fitness,Google,Churned,2
M00595,2024-03-26,Male,41,Pune,Other,Muscle Gain,Google,Churned,3
M00596,2025-06-11,Female,25,Kolhapur,Healthcare,Weight Loss,Google,Active,2
M00597,2024-12-08,Male,18,Pune,Business Owner,Muscle Gain,Google,Active,3
M00598,2024-07-25,Female,35,Pune,IT Professional,Muscle Gain,Referral,Churned,1
M00599,2024-11-24,Male,24,Pune,Finance,Strength,Walk-in,Active,2
M00600,2025-09-08,Male,37,Pune,Other,Muscle Gain,Facebook,Active,1
M00601,2025-07-01,Male,24,Pune,Healthcare,Weight Loss,Instagram,Active,3
M00602,2025-06-15,Male,25,Pune,IT Professional,Muscle Gain,Walk-in,Active,3
M00603,2024-10-22,Male,31,Pune,Student,Strength,Google,Churned,2
M00604,2025-05-15,Male,33,Pune,Healthcare,General Fitness,Facebook,Churned,3
M00605,2024-09-02,Male,34,Pune,Sales/Marketing,Muscle Gain,Instagram,Churned,1
M00606,2025-03-13,Male,28,Pune,Student,Bodybuilding,Referral,Active,3
M00607,2025-02-12,Male,33,Pune,IT Professional,Weight Loss,Referral,Churned,2
M00608,2024-06-08,Male,34,Pune,Other,Muscle Gain,Google,Churned,2
M00609,2024-06-19,Female,30,Pune,Business Owner,Muscle Gain,Website,Churned,4
M00610,2024-02-09,Female,28,Pune,IT Professional,General Fitness,Instagram,Churned,1
M00611,2024-03-30,Male,19,Pune,IT Professional,Strength,Instagram,Churned,1
M00612,2024-10-03,Male,33,Nashik,IT Professional,Weight Loss,Walk-in,Churned,3
M00613,2024-10-31,Male,29,Kolhapur,Student,General Fitness,Referral,Churned,2
M00614,2024-04-15,Male,26,Kolhapur,Finance,General Fitness,Google,Churned,1
M00615,2024-09-22,Female,38,Pune,Healthcare,Strength,Google,Churned,1
M00616,2025-01-20,Male,19,Pune,Finance,Strength,Instagram,Churned,1
M00617,2024-05-28,Male,41,Pune,Healthcare,General Fitness,Facebook,Churned,2
M00618,2024-08-03,Male,29,Nashik,Student,Weight Loss,Referral,Churned,1
M00619,2024-11-18,Male,31,Nashik,,Muscle Gain,Google,Churned,2
M00620,2024-08-21,Female,26,Nagpur,IT Professional,Bodybuilding,Google,Churned,5
M00621,2025-04-15,Male,18,Nagpur,Student,General Fitness,Website,Active,2
M00622,2024-07-27,Male,28,Pune,Government,Muscle Gain,Website,Churned,1
M00623,2024-10-03,Male,31,Nashik,Student,Strength,Instagram,Active,2
M00624,2024-08-30,Female,34,Nashik,Finance,Strength,Walk-in,Churned,3
M00625,2024-04-26,Male,28,Pune,IT Professional,General Fitness,Instagram,Churned,2
M00626,2025-03-13,Female,18,Kolhapur,Student,Strength,Instagram,Active,3
M00627,2024-05-30,Female,18,Pune,IT Professional,Weight Loss,Facebook,Active,4
M00628,2024-07-08,Male,43,Kolhapur,Business Owner,General Fitness,Website,Active,4
M00629,2025-05-20,Female,21,Nashik,Finance,Bodybuilding,Instagram,Active,2
M00630,2025-08-28,Male,39,Pune,Sales/Marketing,Weight Loss,Facebook,Active,1
M00631,2025-03-03,Male,22,Mumbai,Student,Weight Loss,Walk-in,Churned,1
M00632,2025-08-07,Male,28,Pune,Healthcare,General Fitness,Walk-in,Active,3
M00633,2025-06-28,Male,33,Nashik,Government,Muscle Gain,Walk-in,Churned,1
M00634,2024-11-02,Male,23,Nashik,IT Professional,Weight Loss,Referral,Active,2
M00635,2025-05-06,Male,40,Mumbai,Student,Weight Loss,Website,Active,3
M00636,2024-07-28,Male,30,Nagpur,IT Professional,Muscle Gain,Instagram,Active,5
M00637,2024-10-20,Male,32,Pune,Student,Muscle Gain,Referral,Active,2
M00638,2025-09-04,Male,27,Pune,Sales/Marketing,Strength,Google,Active,2
M00639,2025-06-25,Male,34,Pune,IT Professional,General Fitness,Facebook,Active,2
M00640,2024-11-08,Male,40,Pune,Business Owner,General Fitness,Instagram,Active,3
M00641,2025-02-20,Other,28,Pune,Government,Weight Loss,Referral,Churned,3
M00642,2024-05-09,Female,41,Pune,IT Professional,Muscle Gain,Walk-in,Churned,1
M00643,2025-05-28,Male,25,Pune,Finance,Muscle Gain,Google,Active,2
M00644,2024-12-18,Male,34,Pune,Student,Strength,Google,Churned,2
M00645,2024-12-05,Male,32,Nagpur,Business Owner,Bodybuilding,Google,Churned,1
M00646,2025-05-03,Female,22,Pune,Student,Muscle Gain,Walk-in,Active,4
M00647,2025-02-07,Male,30,Nagpur,IT Professional,Bodybuilding,Google,Active,2
M00648,2024-02-16,Female,29,Pune,IT Professional,Weight Loss,Google,Churned,2
M00649,2024-07-02,Male,23,Pune,Government,Muscle Gain,Referral,Churned,1
M00650,2024-04-22,Male,32,Pune,Finance,General Fitness,Website,Churned,1
M00651,2025-04-13,Female,30,Pune,Government,Muscle Gain,Walk-in,Active,4
M00652,2024-01-23,Male,28,Pune,Student,Bodybuilding,Instagram,Churned,1
M00653,2024-05-09,Female,29,Pune,Other,Weight Loss,Website,Churned,2
M00654,2025-01-16,Male,28,Pune,Student,General Fitness,Facebook,Churned,1
M00655,2025-03-19,Male,26,Pune,Sales/Marketing,Weight Loss,Walk-in,Churned,2
M00656,2024-11-17,Male,30,Mumbai,Government,Weight Loss,Referral,Churned,1
M00657,2025-07-03,Male,24,Pune,Healthcare,Muscle Gain,Instagram,Churned,2
M00658,2025-08-09,Male,48,Nagpur,IT Professional,Bodybuilding,Walk-in,Active,3
M00659,2024-03-25,Male,19,Pune,Government,General Fitness,Referral,Active,5
M00660,2025-08-30,Male,25,Kolhapur,Government,General Fitness,Google,Active,1
M00661,2025-01-26,Male,25,Nashik,Student,Weight Loss,Instagram,Churned,2
M00662,2025-02-09,Male,43,Kolhapur,Sales/Marketing,Weight Loss,Instagram,Active,1
M00663,2024-03-01,Male,20,Nagpur,Student,Weight Loss,Referral,Churned,1
M00664,2025-01-31,Female,32,Pune,Business Owner,Strength,Instagram,Churned,1
M00665,2025-04-08,Male,31,Pune,Finance,Weight Loss,Walk-in,Churned,1
M00666,2025-01-05,Female,31,Pune,Sales/Marketing,Muscle Gain,Facebook,Churned,2
M00667,2024-02-23,Male,38,Nashik,Business Owner,General Fitness,Google,Churned,2
M00668,2024-11-29,Male,38,Mumbai,IT Professional,General Fitness,Instagram,Active,4
M00669,2025-08-20,Female,26,Pune,Business Owner,Muscle Gain,Instagram,Churned,1
M00670,2025-04-06,Male,30,Kolhapur,IT Professional,Weight Loss,Google,Active,2
M00671,2024-03-28,Male,18,Pune,Business Owner,Muscle Gain,Facebook,Churned,1
M00672,2025-09-04,Female,30,Mumbai,Business Owner,General Fitness,Walk-in,Active,2
M00673,2025-09-03,Male,23,Mumbai,Sales/Marketing,Weight Loss,Facebook,Active,1
M00674,2024-04-18,Female,28,Pune,IT Professional,General Fitness,Website,Churned,2
M00675,2025-05-25,Female,18,Mumbai,IT Professional,Weight Loss,Instagram,Churned,1
M00676,2024-09-16,Female,32,Nashik,Business Owner,Strength,Walk-in,Active,3
M00677,2025-01-13,Male,18,Pune,Student,Bodybuilding,Referral,Churned,5
M00678,2024-10-11,Male,30,Pune,IT Professional,Weight Loss,Referral,Active,5
M00679,2025-05-14,Female,20,Pune,IT Professional,Muscle Gain,Google,Active,3
M00680,2025-09-27,Male,23,Mumbai,Business Owner,Muscle Gain,Google,Active,1
M00681,2025-05-22,Male,37,Pune,IT Professional,Strength,Walk-in,Churned,1
M00682,2025-08-17,Male,33,Kolhapur,Healthcare,Muscle Gain,Walk-in,Active,3
M00683,2025-08-26,Male,37,Nagpur,Sales/Marketing,General Fitness,Google,Churned,1
M00684,2024-02-27,Male,40,Pune,Healthcare,Weight Loss,Instagram,Churned,2
M00685,2024-06-10,Male,24,Pune,IT Professional,Weight Loss,Referral,Churned,2
M00686,2025-04-05,Male,39,Mumbai,Student,General Fitness,Walk-in,Churned,2
M00687,2025-01-11,Male,19,Mumbai,Student,General Fitness,Referral,Active,1
M00688,2024-02-01,Female,34,Pune,Healthcare,Strength,Instagram,Active,4
M00689,2024-03-01,Male,26,Pune,Finance,Strength,Google,Churned,2
M00690,2024-11-28,Male,22,Pune,Student,General Fitness,Walk-in,Churned,3
M00691,2025-01-28,Male,33,Kolhapur,IT Professional,Muscle Gain,Walk-in,Churned,2
M00692,2024-04-17,Male,36,Pune,IT Professional,Strength,Instagram,Churned,2
M00693,2024-04-19,Female,35,Nagpur,IT Professional,Strength,Referral,Churned,1
M00694,2024-03-23,Female,31,Pune,Other,Strength,Referral,Active,4
M00695,2024-12-26,Male,30,Kolhapur,IT Professional,Bodybuilding,Walk-in,Churned,1
M00696,2024-01-06,Male,33,Pune,Student,Muscle Gain,Instagram,Churned,1
M00697,2024-12-31,Male,31,Pune,IT Professional,General Fitness,Walk-in,Churned,1
M00698,2024-10-30,Male,33,Kolhapur,Student,General Fitness,Website,Churned,4
M00699,2024-10-24,Male,30,Kolhapur,Student,Weight Loss,Google,Active,2
M00700,2025-03-09,Male,35,Pune,IT Professional,General Fitness,Google,Churned,2
M00701,2024-11-29,Male,18,Pune,IT Professional,Muscle Gain,Instagram,Churned,1
M00702,2025-04-09,Male,28,Pune,Student,Muscle Gain,Instagram,Churned,4
M00703,2025-05-02,Male,19,Pune,Healthcare,Weight Loss,Website,Active,3
M00704,2025-08-10,Male,31,Pune,Business Owner,General Fitness,Website,Active,3
M00705,2025-05-24,Male,40,Nagpur,Student,General Fitness,Instagram,Active,2
M00706,2024-11-26,Male,26,Pune,Sales/Marketing,Muscle Gain,Website,Churned,3
M00707,2024-11-09,Male,30,Mumbai,IT Professional,Weight Loss,Instagram,Churned,5
M00708,2024-05-30,Male,34,Pune,Other,Muscle Gain,Referral,Churned,1
M00709,2025-01-17,Male,18,Pune,Other,Weight Loss,Walk-in,Churned,1
M00710,2024-03-29,Male,25,Mumbai,IT Professional,Muscle Gain,Google,Churned,2
M00711,2025-08-17,Female,32,Pune,IT Professional,Muscle Gain,Referral,Active,2
M00712,2025-06-23,Female,18,Mumbai,Sales/Marketing,Strength,Walk-in,Active,2
M00713,2024-03-17,Male,22,Pune,IT Professional,Muscle Gain,Instagram,Churned,1
M00714,2025-05-16,Male,37,Kolhapur,IT Professional,General Fitness,Website,Churned,1
M00715,2024-03-15,Female,36,Nashik,Healthcare,Strength,Instagram,Active,8
M00716,2025-04-05,Male,32,Nagpur,Business Owner,Muscle Gain,Instagram,Churned,1
M00717,2024-02-25,Male,35,Pune,Sales/Marketing,Strength,Website,Churned,6
M00718,2024-11-07,Male,31,Pune,Government,Weight Loss,Referral,Churned,1
M00719,2025-02-23,Male,33,Pune,Sales/Marketing,Muscle Gain,Google,Churned,1
M00720,2025-04-09,Male,27,Pune,Government,Weight Loss,Google,Active,2
M00721,2024-09-24,Male,30,Pune,Finance,Muscle Gain,Instagram,Active,2
M00722,2025-08-10,Male,25,Pune,Business Owner,Bodybuilding,Google,Active,3
M00723,2025-05-09,Male,38,Pune,Other,General Fitness,Google,Active,3
M00724,2024-05-12,Male,40,Pune,Other,General Fitness,Referral,Churned,3
M00725,2025-03-04,Male,39,Pune,Sales/Marketing,Weight Loss,Referral,Churned,1
M00726,2025-04-11,Male,26,Pune,Government,Bodybuilding,Facebook,Churned,1
M00727,2024-07-31,Male,22,Pune,Healthcare,Muscle Gain,Website,Churned,3
M00728,2025-04-15,Male,38,Mumbai,IT Professional,Weight Loss,Google,Churned,1
M00729,2025-07-27,Male,33,Pune,Sales/Marketing,Bodybuilding,Website,Churned,1
M00730,2025-06-05,Female,31,Pune,Student,Muscle Gain,Facebook,Active,1
M00731,2025-05-01,Male,25,Pune,IT Professional,Muscle Gain,Website,Churned,1
M00732,2025-02-08,Male,32,Nashik,IT Professional,Weight Loss,Walk-in,Active,3
M00733,2024-06-21,Male,21,Pune,Healthcare,Weight Loss,Instagram,Active,5
M00734,2025-05-22,Female,33,Mumbai,Healthcare,Strength,Instagram,Churned,1
M00735,2024-08-20,Female,39,Kolhapur,IT Professional,Muscle Gain,Website,Churned,1
M00736,2024-12-05,Female,40,Pune,Student,Bodybuilding,Referral,Churned,3
M00737,2024-07-19,Male,34,Nagpur,IT Professional,Weight Loss,Website,Churned,1
M00738,2024-07-18,Male,19,Nashik,IT Professional,General Fitness,Walk-in,Churned,1
M00739,2024-04-10,Male,30,Pune,Student,General Fitness,Instagram,Churned,1
M00740,2025-09-05,Male,44,Pune,Finance,General Fitness,Google,Active,2
M00741,2024-04-04,Male,23,Mumbai,IT Professional,Muscle Gain,Website,Active,3
M00742,2024-02-25,Male,29,Kolhapur,IT Professional,General Fitness,Instagram,Churned,1
M00743,2025-08-20,Male,39,Pune,IT Professional,General Fitness,Walk-in,Churned,1
M00744,2024-12-20,Female,33,Pune,Business Owner,Strength,Website,Active,3
M00745,2024-10-06,Male,46,Mumbai,Sales/Marketing,Muscle Gain,Instagram,Active,1
M00746,2025-04-15,Male,24,Pune,IT Professional,Muscle Gain,Google,Churned,1
M00747,2024-09-01,Male,22,Nashik,IT Professional,General Fitness,Referral,Churned,4
M00748,2024-03-22,Female,38,Pune,Finance,Muscle Gain,Facebook,Churned,1
M00749,2025-04-10,Female,21,Mumbai,Student,Weight Loss,Referral,Churned,1
M00750,2024-04-22,Male,28,Nagpur,Sales/Marketing,Bodybuilding,Instagram,Churned,3
M00751,2024-12-18,Female,29,Mumbai,Other,Weight Loss,Instagram,Active,2
M00752,2025-08-28,Female,36,Mumbai,Healthcare,Weight Loss,Google,Churned,1
M00753,2025-08-20,Female,33,Nashik,Other,General Fitness,Google,Churned,1
M00754,2024-08-18,Female,32,Nagpur,IT Professional,Weight Loss,Instagram,Churned,5
M00755,2025-05-12,Male,26,Nagpur,IT Professional,Weight Loss,Facebook,Active,2
M00756,2025-01-25,Female,38,Pune,Student,Weight Loss,Instagram,Churned,2
M00757,2024-11-01,Male,55,Mumbai,Student,Weight Loss,Facebook,Churned,2
M00758,2024-03-30,Female,34,Pune,IT Professional,Muscle Gain,Website,Churned,3
M00759,2024-08-28,Male,30,Nagpur,Business Owner,Strength,Walk-in,Churned,1
M00760,2025-02-19,Female,20,Mumbai,,Muscle Gain,Walk-in,Churned,1
M00761,2025-09-21,Female,25,Pune,IT Professional,Muscle Gain,Instagram,Active,1
M00762,2024-01-04,Male,28,Pune,Healthcare,General Fitness,Referral,Churned,1
M00763,2025-04-02,Other,25,Pune,IT Professional,Muscle Gain,Google,Active,3
M00764,2025-06-23,Male,29,Mumbai,IT Professional,Muscle Gain,Instagram,Churned,2
M00765,2025-08-29,Male,41,Pune,IT Professional,Muscle Gain,Referral,Active,1
M00766,2024-09-27,Male,38,Pune,Finance,Muscle Gain,Instagram,Active,2
M00767,2024-03-16,Female,28,Nagpur,Business Owner,Muscle Gain,Google,Churned,3
M00768,2024-06-21,Male,21,Nashik,Government,Weight Loss,Walk-in,Churned,4
M00769,2025-06-26,Male,38,Pune,Student,Strength,Referral,Churned,1
M00770,2025-07-14,Male,29,Pune,IT Professional,Bodybuilding,Instagram,Churned,1
M00771,2025-02-10,Male,18,Kolhapur,Other,Strength,Instagram,Active,3
M00772,2024-03-19,Male,34,Mumbai,Student,Weight Loss,Google,Churned,3
M00773,2024-03-18,Female,36,Mumbai,IT Professional,General Fitness,Referral,Churned,1
M00774,2024-11-01,Male,18,Pune,Student,General Fitness,Referral,Churned,1
M00775,2025-01-10,Female,23,Pune,IT Professional,Weight Loss,Instagram,Churned,1
M00776,2024-01-21,Male,28,Pune,Business Owner,Bodybuilding,Referral,Active,4
M00777,2025-03-13,Other,34,Mumbai,IT Professional,General Fitness,Website,Churned,1
M00778,2024-12-13,Male,25,Pune,Business Owner,Weight Loss,Referral,Active,2
M00779,2024-01-08,Male,23,Pune,Other,Bodybuilding,Referral,Churned,1
M00780,2024-03-02,Male,34,Mumbai,IT Professional,Weight Loss,Walk-in,Churned,3
M00781,2024-10-16,Male,26,Kolhapur,Student,Muscle Gain,Facebook,Churned,1
M00782,2025-04-06,Male,33,Nashik,Sales/Marketing,Weight Loss,Website,Active,3
M00783,2025-06-10,Female,21,Pune,Business Owner,Weight Loss,Instagram,Active,2
M00784,2024-10-02,Male,20,Pune,Sales/Marketing,Bodybuilding,Instagram,Churned,1
M00785,2024-07-07,Male,34,Pune,IT Professional,General Fitness,Instagram,Churned,2
M00786,2025-09-09,Male,31,Pune,Finance,Weight Loss,Walk-in,Active,1
M00787,2024-10-19,Other,35,Pune,Other,General Fitness,Instagram,Churned,2
M00788,2024-07-20,Male,25,Pune,IT Professional,Strength,Website,Churned,2
M00789,2024-10-09,Male,23,Mumbai,Sales/Marketing,Strength,Instagram,Churned,1
M00790,2024-01-08,Male,39,Nagpur,Finance,Bodybuilding,Referral,Churned,1
M00791,2024-07-11,Male,18,Kolhapur,Sales/Marketing,Strength,Google,Churned,1
M00792,2024-11-24,Male,38,Pune,IT Professional,General Fitness,Referral,Churned,2
M00793,2025-08-08,Male,38,Pune,IT Professional,Muscle Gain,Referral,Active,2
M00794,2025-04-15,Male,35,Pune,Student,Bodybuilding,Walk-in,Churned,2
M00795,2025-05-13,Male,24,Pune,Other,Weight Loss,Referral,Churned,2
M00796,2024-12-13,Male,23,Pune,Student,Weight Loss,Referral,Churned,1
M00797,2024-03-11,Male,28,Pune,Student,Muscle Gain,Walk-in,Churned,1
M00798,2024-09-06,Female,20,Nashik,Sales/Marketing,Weight Loss,Website,Active,4
M00799,2025-09-28,Male,22,Pune,IT Professional,General Fitness,Walk-in,Active,1
M00800,2024-01-29,Male,34,Nagpur,Healthcare,Strength,Walk-in,Churned,2
M00801,2025-07-14,Male,34,Pune,IT Professional,Muscle Gain,Referral,Active,2
M00802,2025-03-12,Male,22,Pune,Finance,Muscle Gain,Website,Active,2
M00803,2024-06-30,Female,34,Pune,IT Professional,Muscle Gain,Referral,Active,3
M00804,2025-05-11,Male,32,Pune,Business Owner,General Fitness,Website,Active,1
M00805,2025-06-17,Male,40,Pune,Business Owner,Weight Loss,Facebook,Active,3
M00806,2024-01-28,Male,33,Kolhapur,IT Professional,Weight Loss,Instagram,Churned,1
M00807,2024-03-08,Male,36,Pune,IT Professional,General Fitness,Instagram,Active,4
M00808,2025-02-28,Female,32,Pune,IT Professional,Muscle Gain,Walk-in,Churned,5
M00809,2025-09-29,Male,36,Mumbai,Finance,Muscle Gain,Walk-in,Active,1
M00810,2024-01-16,Male,20,Pune,IT Professional,Muscle Gain,Referral,Churned,2
M00811,2025-02-28,Female,28,Mumbai,IT Professional,Weight Loss,Website,Churned,2
M00812,2024-03-28,Female,29,Pune,IT Professional,General Fitness,Referral,Churned,3
M00813,2025-02-18,Male,27,Nagpur,Business Owner,Muscle Gain,Google,Active,2
M00814,2025-02-01,Male,32,Pune,Finance,Muscle Gain,Referral,Churned,2
M00815,2024-02-27,Male,33,Pune,IT Professional,Strength,Instagram,Churned,3
M00816,2025-03-10,Female,32,Mumbai,Sales/Marketing,General Fitness,Referral,Churned,2
M00817,2025-07-26,Female,28,Nagpur,Finance,Weight Loss,Website,Active,1
M00818,2025-07-04,Male,24,Pune,Sales/Marketing,General Fitness,Instagram,Churned,2
M00819,2024-01-19,Female,37,Mumbai,Government,Weight Loss,Facebook,Churned,1
M00820,2024-06-05,Male,31,Pune,IT Professional,Weight Loss,Facebook,Churned,1
M00821,2024-06-02,Male,22,Pune,Other,General Fitness,Instagram,Churned,2
M00822,2024-10-16,Male,28,Pune,Sales/Marketing,Weight Loss,Facebook,Churned,1
M00823,2024-04-01,Female,18,Mumbai,Healthcare,Weight Loss,Walk-in,Churned,2
M00824,2025-06-29,Male,29,Pune,IT Professional,Strength,Referral,Active,2
M00825,2025-05-10,Male,28,Mumbai,IT Professional,General Fitness,Google,Churned,1
M00826,2025-05-30,Male,25,Pune,Healthcare,Bodybuilding,Google,Churned,1
M00827,2024-05-06,Female,40,Nagpur,IT Professional,Strength,Referral,Churned,1
M00828,2024-01-10,Female,21,Nagpur,Finance,Muscle Gain,Google,Churned,2
M00829,2025-08-03,Male,34,Pune,IT Professional,General Fitness,Google,Active,2
M00830,2024-07-03,Male,44,Pune,Business Owner,Muscle Gain,Website,Churned,1
M00831,2025-02-22,Female,37,Pune,IT Professional,General Fitness,Walk-in,Churned,2
M00832,2025-08-03,Female,29,Nagpur,IT Professional,Muscle Gain,Walk-in,Active,1
M00833,2024-01-24,Male,21,Pune,Student,Weight Loss,Website,Active,3
M00834,2024-01-04,Male,19,Pune,Sales/Marketing,Weight Loss,Instagram,Churned,1
M00835,2024-01-04,Female,26,Pune,Healthcare,General Fitness,Google,Churned,1
M00836,2024-04-09,Female,24,Nashik,Other,Weight Loss,Walk-in,Churned,1
M00837,2024-02-02,Male,24,Pune,Government,General Fitness,Referral,Active,3
M00838,2025-06-07,Male,27,Pune,Government,Strength,Instagram,Active,4
M00839,2025-01-21,Male,28,Kolhapur,Business Owner,General Fitness,Walk-in,Churned,2
M00840,2025-09-17,Female,32,Pune,Sales/Marketing,Muscle Gain,Instagram,Active,1
M00841,2025-05-26,Male,20,Nagpur,Other,Weight Loss,Referral,Churned,1
M00842,2025-09-06,Male,24,Pune,Government,Bodybuilding,Referral,Active,1
M00843,2024-06-01,Male,28,Pune,Student,Muscle Gain,Walk-in,Churned,2
M00844,2024-07-02,Female,28,Nagpur,Finance,Muscle Gain,,Churned,1
M00845,2025-06-25,Female,42,Mumbai,Student,Bodybuilding,Instagram,Churned,1
M00846,2024-06-05,Female,31,Mumbai,Student,Weight Loss,Website,Churned,3
M00847,2024-02-06,Male,18,Pune,Finance,Muscle Gain,Website,Churned,1
M00848,2025-03-02,Female,32,Pune,Sales/Marketing,Weight Loss,Referral,Churned,1
M00849,2025-05-26,Female,33,Pune,IT Professional,Weight Loss,Instagram,Active,3
M00850,2025-09-09,Male,28,Pune,Student,Muscle Gain,Referral,Active,1
M00851,2025-08-14,Male,21,Pune,,General Fitness,Google,Active,3
M00852,2024-03-17,Other,41,Pune,Student,Muscle Gain,Instagram,Churned,8
M00853,2025-05-07,Male,22,Pune,Student,General Fitness,Instagram,Active,1
M00854,2025-06-23,Male,34,Pune,Government,Strength,Instagram,Active,4
M00855,2025-03-21,Male,30,Pune,Sales/Marketing,Strength,Google,Churned,1
M00856,2025-06-07,Female,33,Pune,Business Owner,Weight Loss,Google,Active,1
M00857,2025-06-18,Male,41,Nagpur,Business Owner,General Fitness,Facebook,Churned,1
M00858,2024-10-11,Female,33,Mumbai,IT Professional,Weight Loss,Referral,Churned,1
M00859,2024-01-26,Male,25,Pune,IT Professional,General Fitness,Referral,Active,6
M00860,2024-05-08,Female,37,Mumbai,Government,Muscle Gain,Instagram,Churned,2
M00861,2024-03-13,Male,25,Nagpur,Sales/Marketing,General Fitness,Facebook,Active,5
M00862,2024-03-20,Female,30,Pune,IT Professional,Weight Loss,Instagram,Active,4
M00863,2025-03-20,Female,20,Pune,IT Professional,General Fitness,Instagram,Churned,1
M00864,2024-11-17,Male,22,Pune,IT Professional,Weight Loss,Walk-in,Churned,1
M00865,2024-12-10,Male,29,Pune,Student,Weight Loss,Walk-in,Churned,2
M00866,2025-04-20,Female,32,Nashik,IT Professional,General Fitness,Facebook,Active,4
M00867,2024-12-15,Male,18,Kolhapur,Student,Muscle Gain,Google,Active,4
M00868,2025-02-05,Male,32,Pune,Sales/Marketing,General Fitness,Google,Active,3
M00869,2024-02-24,Male,23,Nashik,IT Professional,General Fitness,Google,Churned,1
M00870,2025-06-27,Female,38,Pune,Finance,General Fitness,Referral,Churned,1
M00871,2024-10-13,Male,27,Mumbai,Healthcare,General Fitness,Google,Churned,3
M00872,2024-04-09,Male,21,Nashik,Sales/Marketing,General Fitness,Google,Churned,2
M00873,2025-06-02,Female,30,Pune,Other,Strength,Instagram,Churned,1
M00874,2025-04-13,Male,23,Pune,IT Professional,Weight Loss,Website,Active,4
M00875,2024-02-03,Male,38,Mumbai,Student,General Fitness,Instagram,Churned,1
M00876,2024-05-03,Male,29,Kolhapur,Government,General Fitness,Google,Active,5
M00877,2024-01-11,Male,28,Pune,Student,Weight Loss,Website,Churned,1
M00878,2024-06-21,Male,33,Pune,IT Professional,Weight Loss,Walk-in,Churned,3
M00879,2024-03-04,Female,22,Pune,Student,Weight Loss,Referral,Churned,1
M00880,2025-03-28,Male,20,Mumbai,Sales/Marketing,General Fitness,Walk-in,Active,3
M00881,2024-11-29,Female,32,Mumbai,Student,Muscle Gain,Instagram,Churned,2
M00882,2025-09-17,Male,21,Nashik,Business Owner,General Fitness,Facebook,Active,2
M00883,2025-04-23,Male,21,Nashik,IT Professional,General Fitness,Google,Active,1
M00884,2025-01-25,Male,35,Nagpur,Finance,General Fitness,Website,Churned,3
M00885,2024-11-20,Male,33,Nashik,IT Professional,Weight Loss,Instagram,Active,5
M00886,2024-02-04,Female,20,Pune,Sales/Marketing,General Fitness,Walk-in,Churned,4
M00887,2024-02-14,Male,25,Mumbai,Government,General Fitness,Referral,Churned,3
M00888,2025-01-28,Male,23,Pune,IT Professional,Weight Loss,Instagram,Churned,2
M00889,2024-01-03,Male,41,Pune,,Weight Loss,Google,Churned,2
M00890,2024-01-28,Female,35,Kolhapur,Sales/Marketing,Muscle Gain,Walk-in,Churned,7
M00891,2024-05-19,Male,26,Mumbai,Government,Bodybuilding,Instagram,Churned,2
M00892,2025-07-18,Female,33,Kolhapur,IT Professional,Muscle Gain,Website,Churned,1
M00893,2024-10-19,Male,20,Pune,IT Professional,Weight Loss,Google,Active,2
M00894,2025-03-28,Male,24,Pune,Student,Weight Loss,Walk-in,Active,3
M00895,2024-09-19,Female,30,Pune,Student,Weight Loss,Referral,Churned,1
M00896,2024-04-20,Male,32,Pune,Student,Muscle Gain,Referral,Churned,1
M00897,2024-08-24,Male,28,Pune,Student,General Fitness,Walk-in,Churned,3
M00898,2024-02-28,Female,31,Pune,IT Professional,Muscle Gain,Walk-in,Churned,3
M00899,2025-05-06,Male,30,Pune,Sales/Marketing,Strength,Referral,Churned,1
M00900,2024-04-27,Male,28,Kolhapur,Sales/Marketing,Weight Loss,Referral,Churned,1
M00901,2024-08-28,Male,27,Pune,Sales/Marketing,Muscle Gain,Referral,Churned,2
M00902,2025-09-17,Male,26,Pune,Finance,General Fitness,Google,Active,1
M00903,2025-01-12,Female,31,Nashik,Finance,General Fitness,Instagram,Churned,1
M00904,2024-10-19,Male,32,Pune,Student,Strength,Instagram,Churned,3
M00905,2024-12-12,Female,30,Nagpur,Finance,Weight Loss,Referral,Active,1
M00906,2025-05-15,Male,21,Mumbai,IT Professional,Muscle Gain,Website,Churned,1
M00907,2024-06-11,Female,22,Pune,Business Owner,General Fitness,Instagram,Churned,1
M00908,2025-02-10,Female,32,Mumbai,Other,Weight Loss,Referral,Active,3
M00909,2025-07-10,Female,39,Mumbai,Sales/Marketing,Strength,Google,Churned,1
M00910,2024-12-31,Male,30,Nashik,IT Professional,Muscle Gain,Referral,Churned,2
M00911,2024-10-11,Male,26,Nagpur,Government,Weight Loss,Walk-in,Active,3
M00912,2024-04-02,Male,31,Mumbai,,General Fitness,Walk-in,Active,5
M00913,2024-06-07,Male,21,Mumbai,Student,General Fitness,Walk-in,Active,3
M00914,2025-08-26,Male,38,Pune,Student,Strength,Walk-in,Active,1
M00915,2024-12-11,Female,30,Mumbai,IT Professional,Strength,Instagram,Churned,1
M00916,2024-07-11,Male,24,Kolhapur,Finance,Weight Loss,Referral,Churned,1
M00917,2024-09-23,Female,28,Mumbai,IT Professional,General Fitness,Google,Churned,5
M00918,2025-01-03,Male,25,Mumbai,Student,Bodybuilding,Website,Active,2
M00919,2024-12-08,Female,38,Pune,Other,Weight Loss,Walk-in,Churned,2
M00920,2025-03-22,Male,28,Nashik,Business Owner,Muscle Gain,Instagram,Active,3
M00921,2024-06-13,Male,30,Kolhapur,IT Professional,Strength,Google,Churned,1
M00922,2025-02-18,Female,33,Pune,Business Owner,Weight Loss,Referral,Churned,1
M00923,2024-10-09,Female,24,Pune,Business Owner,Bodybuilding,Website,Churned,1
M00924,2025-08-23,Female,30,Pune,Business Owner,Muscle Gain,Instagram,Active,3
M00925,2024-04-10,Female,31,Pune,Healthcare,Strength,Referral,Churned,2
M00926,2024-04-04,Male,18,Mumbai,Sales/Marketing,General Fitness,Google,Churned,1
M00927,2024-10-21,Female,31,Pune,,General Fitness,Walk-in,Churned,1
M00928,2024-11-20,Male,29,Pune,Business Owner,General Fitness,Walk-in,Churned,1
M00929,2025-03-16,Male,30,Mumbai,Student,Weight Loss,Google,Active,2
M00930,2024-09-14,Male,29,Mumbai,Sales/Marketing,General Fitness,Walk-in,Churned,3
M00931,2025-08-05,Male,31,Mumbai,IT Professional,Bodybuilding,Instagram,Active,3
M00932,2024-10-29,Male,38,Mumbai,IT Professional,Bodybuilding,Facebook,Churned,1
M00933,2024-03-23,Female,21,Mumbai,Other,Bodybuilding,Instagram,Churned,1
M00934,2024-03-17,Male,27,Nashik,Healthcare,General Fitness,Referral,Churned,2
M00935,2025-09-13,Female,34,Mumbai,Student,General Fitness,Google,Active,1
M00936,2024-03-26,Male,32,Pune,IT Professional,Muscle Gain,Referral,Churned,3
M00937,2025-08-27,Male,32,Mumbai,IT Professional,General Fitness,Google,Churned,1
M00938,2024-06-26,Male,48,Pune,Other,General Fitness,Referral,Churned,2
M00939,2024-02-29,Male,33,Pune,IT Professional,Weight Loss,Instagram,Churned,1
M00940,2024-07-13,Male,37,Pune,IT Professional,Weight Loss,Google,Active,6
M00941,2025-01-27,Female,27,Nagpur,Healthcare,General Fitness,Facebook,Churned,3
M00942,2024-09-30,Male,22,Mumbai,IT Professional,Muscle Gain,Referral,Active,2
M00943,2025-05-16,Male,27,Pune,Student,Muscle Gain,Referral,Churned,2
M00944,2025-01-24,Female,34,Mumbai,Sales/Marketing,Weight Loss,Walk-in,Churned,1
M00945,2024-09-12,Male,32,Pune,Student,Strength,Referral,Churned,2
M00946,2025-02-08,Female,32,Nashik,Sales/Marketing,Bodybuilding,Facebook,Active,2
M00947,2025-09-11,Female,27,Nagpur,Sales/Marketing,General Fitness,Google,Active,1
M00948,2024-09-19,Male,26,Mumbai,Student,Bodybuilding,Website,Churned,3
M00949,2024-04-07,Male,28,Mumbai,Government,Strength,Facebook,Churned,1
M00950,2024-09-17,Male,34,Pune,Government,Weight Loss,Referral,Active,2
M00951,2025-06-19,Male,35,Pune,Healthcare,Weight Loss,Google,Churned,1
M00952,2024-05-18,Male,22,Nagpur,Healthcare,Weight Loss,Walk-in,Churned,1
M00953,2025-08-28,Female,34,Mumbai,Student,Weight Loss,Walk-in,Active,1
M00954,2025-01-10,Male,24,Pune,Student,General Fitness,Instagram,Churned,2
M00955,2025-01-18,Female,32,Pune,Government,Weight Loss,,Churned,1
M00956,2024-07-21,Male,28,Pune,Student,Strength,Instagram,Active,2
M00957,2025-08-10,Male,40,Pune,IT Professional,General Fitness,Walk-in,Churned,1
M00958,2024-01-24,Male,26,Pune,Business Owner,Muscle Gain,Walk-in,Churned,1
M00959,2024-07-09,Male,30,Pune,IT Professional,Bodybuilding,Instagram,Churned,1
M00960,2024-09-23,Other,33,Kolhapur,Sales/Marketing,Bodybuilding,Referral,Churned,1
M00961,2024-10-31,Male,23,Pune,Sales/Marketing,General Fitness,Walk-in,Active,2
M00962,2024-10-29,Male,28,Pune,Sales/Marketing,General Fitness,Website,Active,2
M00963,2024-04-04,Male,27,Pune,,Bodybuilding,Instagram,Active,3
M00964,2024-05-23,Male,25,Pune,IT Professional,General Fitness,Google,Churned,1
M00965,2024-03-01,Female,26,Nashik,Sales/Marketing,Strength,Google,Churned,1
M00966,2024-12-31,Female,37,Pune,,Weight Loss,Walk-in,Churned,1
M00967,2024-08-11,Female,25,Nashik,Finance,Muscle Gain,Instagram,Churned,2
M00968,2024-12-26,Male,33,Nashik,Healthcare,Muscle Gain,Instagram,Churned,1
M00969,2025-01-11,Male,31,Pune,IT Professional,Weight Loss,Walk-in,Active,6
M00970,2025-03-23,Female,19,Mumbai,IT Professional,Weight Loss,Referral,Active,1
M00971,2024-12-15,Male,33,Kolhapur,Finance,Weight Loss,Instagram,Active,2
M00972,2025-02-17,Male,19,Pune,Student,Muscle Gain,Google,Churned,1
M00973,2025-01-09,Male,33,Pune,Sales/Marketing,Weight Loss,Instagram,Churned,1
M00974,2025-02-20,Male,25,Kolhapur,Healthcare,Muscle Gain,Google,Churned,2
M00975,2025-01-28,Female,29,Nagpur,Student,Strength,Google,Churned,1
M00976,2024-07-20,Male,20,Pune,Finance,General Fitness,Instagram,Churned,4
M00977,2024-06-06,Female,30,Mumbai,IT Professional,General Fitness,Instagram,Churned,1
M00978,2025-05-17,Male,35,Pune,IT Professional,Weight Loss,Website,Churned,1
M00979,2024-08-06,Male,23,Nashik,Other,Strength,Website,Active,2
M00980,2024-12-16,Male,25,Pune,Government,Weight Loss,Instagram,Churned,2
M00981,2024-05-05,Male,32,Pune,,Muscle Gain,Walk-in,Churned,1
M00982,2024-10-02,Male,32,Mumbai,Sales/Marketing,Muscle Gain,Instagram,Churned,4
M00983,2024-12-03,Male,18,Kolhapur,Healthcare,Bodybuilding,Facebook,Active,2
M00984,2025-02-03,Male,43,Nagpur,Business Owner,Bodybuilding,Facebook,Churned,2
M00985,2024-12-01,Female,33,Pune,IT Professional,General Fitness,Referral,Churned,1
M00986,2024-08-18,Male,34,Pune,IT Professional,General Fitness,Referral,Churned,2
M00987,2025-09-05,Male,28,Kolhapur,IT Professional,Muscle Gain,Google,Active,1
M00988,2024-11-23,Male,18,Kolhapur,Business Owner,General Fitness,Google,Active,3
M00989,2025-05-30,Female,34,Pune,Government,Weight Loss,Referral,Churned,1
M00990,2025-04-15,Male,25,Mumbai,Business Owner,Weight Loss,Instagram,Active,2
M00991,2024-12-22,Male,33,Pune,Healthcare,Bodybuilding,Walk-in,Churned,1
M00992,2025-07-19,Male,27,Pune,Sales/Marketing,Bodybuilding,Referral,Active,3
M00993,2024-03-22,Male,31,Pune,Other,Muscle Gain,Instagram,Churned,1
M00994,2025-08-10,Male,24,Pune,IT Professional,Weight Loss,Referral,Active,1
M00995,2025-06-26,Male,35,Pune,Other,Weight Loss,Walk-in,Churned,1
M00996,2024-11-17,Other,21,Nagpur,Sales/Marketing,Muscle Gain,Referral,Churned,1
M00997,2025-04-12,Male,45,Pune,Student,Weight Loss,Referral,Active,1
M00998,2024-11-27,Male,45,Pune,IT Professional,General Fitness,Facebook,Churned,1
M00999,2024-06-20,Male,40,Pune,IT Professional,Weight Loss,Instagram,Active,3
M01000,2025-05-25,Male,38,Pune,Finance,Weight Loss,Referral,Active,2
M01001,2024-06-05,Male,28,Pune,Healthcare,Weight Loss,Google,Churned,2
M01002,2024-07-19,Male,37,Mumbai,Business Owner,General Fitness,Instagram,Churned,2
M01003,2024-11-27,Male,28,Pune,Government,Muscle Gain,Website,Churned,1
M01004,2025-06-18,Female,18,Mumbai,IT Professional,Muscle Gain,Google,Churned,1
M01005,2024-09-01,Male,40,Nagpur,IT Professional,General Fitness,Google,Churned,2
M01006,2024-11-11,Female,37,Pune,Sales/Marketing,General Fitness,Instagram,Churned,4
M01007,2024-01-27,Male,29,Nagpur,Other,Muscle Gain,Website,Active,7
M01008,2024-03-14,Male,20,Nagpur,Government,General Fitness,Facebook,Active,3
M01009,2024-02-05,Female,25,Nagpur,IT Professional,Weight Loss,Instagram,Churned,1
M01010,2024-02-15,Female,18,Mumbai,Student,General Fitness,Referral,Churned,2
M01011,2025-07-08,Male,36,Mumbai,IT Professional,Muscle Gain,Instagram,Active,1
M01012,2025-06-21,Female,18,Mumbai,IT Professional,Bodybuilding,Walk-in,Active,1
M01013,2025-06-08,Male,31,Mumbai,IT Professional,Bodybuilding,Referral,Active,2
M01014,2024-02-05,Male,23,Pune,Other,General Fitness,Instagram,Churned,2
M01015,2024-02-19,Female,19,Kolhapur,Finance,Strength,Referral,Churned,1
M01016,2024-06-28,Female,31,Mumbai,IT Professional,Weight Loss,Website,Active,6
M01017,2024-12-26,Male,27,Nashik,IT Professional,General Fitness,Google,Active,5
M01018,2024-08-01,Male,35,Pune,IT Professional,Weight Loss,Instagram,Churned,3
M01019,2024-11-07,Male,20,Pune,Business Owner,Weight Loss,Website,Churned,1
M01020,2024-04-20,Male,24,Pune,Government,Muscle Gain,Instagram,Churned,2
M01021,2025-04-11,Female,18,Pune,Student,General Fitness,Referral,Churned,1
M01022,2024-07-19,Male,18,Pune,Sales/Marketing,General Fitness,Referral,Churned,2
M01023,2024-02-12,Male,42,Pune,Student,Strength,Instagram,Churned,3
M01024,2025-04-18,Male,44,Pune,IT Professional,Muscle Gain,Instagram,Active,1
M01025,2025-07-29,Male,30,Pune,Other,Bodybuilding,Instagram,Active,2
M01026,2024-01-10,Male,23,Pune,IT Professional,Strength,Instagram,Active,3
M01027,2024-10-05,Female,27,Kolhapur,Student,Strength,Referral,Active,2
M01028,2025-06-11,Male,35,Pune,Finance,Weight Loss,Facebook,Churned,1
M01029,2025-03-26,Female,25,Pune,,Muscle Gain,Instagram,Churned,2
M01030,2024-09-21,Male,31,Pune,Student,General Fitness,Walk-in,Churned,1
M01031,2024-08-25,Male,29,Pune,Student,Bodybuilding,Google,Churned,2
M01032,2025-03-28,Male,25,Pune,Student,Weight Loss,Instagram,Churned,1
M01033,2024-04-08,Male,25,Mumbai,Business Owner,Muscle Gain,Referral,Active,5
M01034,2024-06-01,Male,31,Kolhapur,IT Professional,Muscle Gain,Google,Churned,2
M01035,2025-01-18,Male,22,Pune,Government,Weight Loss,Referral,Churned,1
M01036,2025-03-02,Female,32,Mumbai,Sales/Marketing,Strength,Google,Active,2
M01037,2024-03-17,Male,26,Pune,IT Professional,Weight Loss,,Churned,1
M01038,2024-11-20,Male,30,Pune,IT Professional,Muscle Gain,Website,Active,3
M01039,2024-08-20,Female,39,Pune,IT Professional,General Fitness,Google,Churned,1
M01040,2024-11-16,Male,28,Pune,IT Professional,Muscle Gain,Website,Churned,1
M01041,2025-09-03,Female,35,Mumbai,IT Professional,Weight Loss,Instagram,Active,1
M01042,2024-02-18,Male,18,Mumbai,Sales/Marketing,General Fitness,Instagram,Active,2
M01043,2025-09-27,Male,26,Nashik,IT Professional,Muscle Gain,Instagram,Active,1
M01044,2024-10-13,Male,29,Pune,Business Owner,Bodybuilding,Facebook,Churned,1
M01045,2025-05-07,Female,42,Mumbai,Finance,General Fitness,Walk-in,Active,1
M01046,2024-09-27,Male,18,Pune,Sales/Marketing,Bodybuilding,Website,Churned,1
M01047,2024-07-17,Male,28,Pune,IT Professional,Weight Loss,Walk-in,Churned,1
M01048,2025-05-06,Male,39,Pune,IT Professional,General Fitness,Google,Churned,1
M01049,2025-03-14,Male,24,Mumbai,Other,Muscle Gain,Website,Churned,2
M01050,2024-04-01,Female,28,Kolhapur,IT Professional,General Fitness,Website,Churned,5
M01051,2025-03-26,Male,31,Pune,Finance,Muscle Gain,Walk-in,Active,1
M01052,2025-04-25,Male,30,Mumbai,Finance,Weight Loss,Referral,Active,3
M01053,2024-09-04,Male,40,Nashik,Business Owner,Weight Loss,Facebook,Churned,1
M01054,2025-08-13,Female,32,Nagpur,IT Professional,Strength,Instagram,Active,2
M01055,2025-02-12,Male,38,Pune,IT Professional,Strength,Website,Active,1
M01056,2024-07-31,Male,26,Mumbai,Business Owner,Weight Loss,Website,Churned,5
M01057,2024-01-07,Other,24,Mumbai,Business Owner,General Fitness,Walk-in,Active,2
M01058,2025-03-06,Female,27,Nagpur,Government,General Fitness,Instagram,Active,1
M01059,2024-05-13,Female,21,Pune,Finance,Muscle Gain,Instagram,Active,3
M01060,2025-04-27,Female,32,Kolhapur,Other,Muscle Gain,Website,Churned,1
M01061,2024-12-01,Female,26,Pune,Other,Strength,Facebook,Churned,1
M01062,2024-10-24,Male,24,Nagpur,Government,General Fitness,Walk-in,Churned,1
M01063,2024-04-14,Male,32,Pune,Student,General Fitness,Website,Active,3
M01064,2025-03-29,Female,21,Pune,IT Professional,General Fitness,Referral,Churned,1
M01065,2024-04-15,Female,34,Pune,Healthcare,General Fitness,Website,Active,5
M01066,2024-09-23,Female,26,Pune,Healthcare,Weight Loss,Instagram,Churned,1
M01067,2025-06-17,Male,37,Pune,IT Professional,Bodybuilding,Instagram,Churned,1
M01068,2025-08-10,Male,26,Pune,Healthcare,Weight Loss,Referral,Churned,1
M01069,2025-09-23,Male,33,Pune,IT Professional,Strength,Google,Active,3
M01070,2025-09-03,Male,30,Pune,IT Professional,Strength,Referral,Active,1
M01071,2024-12-20,Male,34,Nashik,Sales/Marketing,General Fitness,Walk-in,Churned,1
M01072,2024-05-07,Female,30,Nagpur,IT Professional,General Fitness,Instagram,Churned,1
M01073,2025-06-19,Male,18,Mumbai,Business Owner,Weight Loss,Walk-in,Active,2
M01074,2025-05-26,Male,36,Pune,Healthcare,Muscle Gain,Instagram,Churned,1
M01075,2025-09-23,Male,28,Pune,Healthcare,General Fitness,Facebook,Active,2
M01076,2025-02-19,Male,35,Nagpur,IT Professional,Weight Loss,Instagram,Churned,1
M01077,2024-03-31,Female,34,Pune,Healthcare,Weight Loss,Walk-in,Active,4
M01078,2024-11-16,Male,24,Pune,IT Professional,Bodybuilding,Referral,Active,1
M01079,2024-10-12,Male,23,Kolhapur,Finance,Muscle Gain,Google,Churned,2
M01080,2025-06-21,Male,34,Kolhapur,IT Professional,Muscle Gain,Google,Active,1
M01081,2024-09-07,Male,27,Pune,Other,Weight Loss,Instagram,Active,4
M01082,2024-07-28,Male,36,Mumbai,Government,General Fitness,Google,Churned,1
M01083,2024-02-21,Female,28,Pune,IT Professional,Muscle Gain,Instagram,Churned,2
M01084,2025-06-17,Female,36,Nashik,IT Professional,General Fitness,Instagram,Churned,1
M01085,2025-04-26,Male,32,Pune,IT Professional,Muscle Gain,Walk-in,Active,4
M01086,2024-01-27,Male,31,Pune,Government,Weight Loss,Instagram,Churned,6
M01087,2024-10-03,Male,26,Mumbai,Finance,Muscle Gain,Instagram,Churned,3
M01088,2024-11-02,Male,31,Pune,Finance,Weight Loss,Google,Churned,2
M01089,2024-10-26,Male,37,Mumbai,Sales/Marketing,Strength,Referral,Churned,3
M01090,2025-08-09,Female,29,Pune,Business Owner,Weight Loss,Referral,Churned,1
M01091,2024-04-06,Male,33,Nagpur,Finance,Weight Loss,Walk-in,Churned,7
M01092,2024-07-14,Female,29,Nashik,Business Owner,Muscle Gain,Referral,Churned,1
M01093,2024-04-25,Male,30,Pune,Finance,Weight Loss,Referral,Churned,6
M01094,2024-06-04,Male,41,Nashik,Business Owner,Muscle Gain,Google,Churned,2
M01095,2025-08-01,Male,37,Pune,Government,Muscle Gain,Google,Active,2
M01096,2025-08-23,Male,30,Pune,,Bodybuilding,Walk-in,Active,3
M01097,2024-01-29,Male,31,Pune,IT Professional,Weight Loss,Google,Churned,2
M01098,2025-02-07,Female,24,Nagpur,IT Professional,General Fitness,Facebook,Churned,3
M01099,2024-05-28,Male,28,Nagpur,Other,General Fitness,Referral,Churned,2
M01100,2024-05-02,Male,31,Nagpur,Business Owner,Weight Loss,Walk-in,Churned,1
M01101,2024-07-05,Male,35,Nagpur,IT Professional,General Fitness,Referral,Churned,2
M01102,2024-05-04,Male,34,Kolhapur,IT Professional,Strength,Website,Churned,1
M01103,2024-11-08,Male,21,Pune,Business Owner,General Fitness,Referral,Churned,1
M01104,2025-09-27,Male,36,Kolhapur,Sales/Marketing,Bodybuilding,Referral,Active,1
M01105,2025-01-09,Male,28,Mumbai,Other,General Fitness,Website,Active,2
M01106,2025-04-06,Male,22,Pune,Sales/Marketing,Muscle Gain,Referral,Active,5
M01107,2024-11-10,Female,38,Mumbai,Sales/Marketing,Bodybuilding,Referral,Churned,1
M01108,2024-01-09,Female,39,Pune,IT Professional,Weight Loss,Google,Churned,1
M01109,2024-02-23,Male,31,Pune,IT Professional,General Fitness,Google,Active,6
M01110,2024-06-20,Male,34,Pune,Healthcare,General Fitness,Facebook,Active,3
M01111,2024-06-04,Male,34,Pune,Finance,Strength,Google,Churned,1
M01112,2025-06-20,Male,39,Pune,IT Professional,Strength,Instagram,Churned,1
M01113,2025-06-22,Male,34,Nagpur,Government,Weight Loss,Instagram,Active,1
M01114,2025-06-28,Male,20,Mumbai,IT Professional,General Fitness,Website,Active,2
M01115,2025-02-10,Male,43,Pune,IT Professional,Weight Loss,Referral,Churned,2
M01116,2024-12-20,Male,36,Pune,IT Professional,General Fitness,Referral,Churned,2
M01117,2025-02-18,Male,25,Pune,Sales/Marketing,General Fitness,Website,Churned,1
M01118,2024-09-16,Female,22,Pune,Government,Weight Loss,Google,Churned,1
M01119,2025-03-03,Male,33,Nagpur,Business Owner,Strength,Walk-in,Churned,2
M01120,2025-05-21,Male,27,Pune,Sales/Marketing,Muscle Gain,Walk-in,Active,1
M01121,2025-05-01,Male,31,Mumbai,Sales/Marketing,Muscle Gain,Referral,Churned,2
M01122,2025-01-26,Female,34,Nashik,IT Professional,Bodybuilding,Walk-in,Active,1
M01123,2024-02-07,Female,25,Mumbai,Sales/Marketing,General Fitness,Website,Churned,1
M01124,2025-04-07,Male,21,Nagpur,IT Professional,General Fitness,Instagram,Churned,1
M01125,2024-08-21,Male,32,Pune,Business Owner,Weight Loss,Instagram,Churned,4
M01126,2025-04-19,Male,25,Nagpur,Student,Weight Loss,Facebook,Active,1
M01127,2024-12-10,Male,30,Mumbai,IT Professional,Weight Loss,Google,Churned,3
M01128,2024-08-03,Male,20,Nashik,Business Owner,Muscle Gain,Referral,Churned,3
M01129,2025-08-17,Male,27,Mumbai,Student,Muscle Gain,Instagram,Active,2
M01130,2025-06-22,Male,34,Nagpur,Business Owner,Muscle Gain,Facebook,Churned,2
M01131,2024-07-30,Female,33,Kolhapur,Finance,General Fitness,Walk-in,Churned,1
M01132,2024-11-03,Male,23,Pune,Healthcare,Weight Loss,Website,Churned,1
M01133,2024-12-05,Male,21,Nashik,Student,General Fitness,Referral,Churned,1
M01134,2025-05-05,Male,29,Nashik,Student,Strength,Website,Churned,1
M01135,2025-03-15,Male,33,Pune,IT Professional,Weight Loss,Referral,Active,1
M01136,2025-06-27,Male,32,Kolhapur,Sales/Marketing,General Fitness,Walk-in,Active,4
M01137,2024-08-23,Female,25,Pune,Sales/Marketing,Weight Loss,Walk-in,Churned,3
M01138,2024-11-18,Female,31,Mumbai,IT Professional,Muscle Gain,Referral,Churned,1
M01139,2024-10-01,Male,40,Pune,Government,General Fitness,Referral,Churned,1
M01140,2025-08-03,Female,30,Pune,Healthcare,Weight Loss,Instagram,Churned,1
M01141,2024-07-13,Male,18,Nagpur,Other,Muscle Gain,Google,Churned,2
M01142,2025-01-09,Male,30,Pune,Student,Strength,Walk-in,Active,2
M01143,2024-03-17,Male,43,Pune,Healthcare,Weight Loss,Instagram,Churned,2
M01144,2025-06-26,Male,20,Pune,Healthcare,General Fitness,Walk-in,Active,1
M01145,2024-09-02,Male,29,Pune,IT Professional,General Fitness,Google,Churned,1
M01146,2024-08-05,Female,27,Nashik,Student,Weight Loss,Google,Churned,1
M01147,2025-01-06,Male,30,Nagpur,Student,General Fitness,Walk-in,Active,2
M01148,2024-11-14,Female,30,Pune,Business Owner,Muscle Gain,Instagram,Churned,1
M01149,2025-06-25,Male,37,Mumbai,Finance,Weight Loss,Website,Churned,1
M01150,2024-12-05,Female,30,Pune,Finance,Bodybuilding,Website,Active,1
M01151,2024-11-25,Male,38,Mumbai,IT Professional,Muscle Gain,Referral,Churned,1
M01152,2024-03-07,Female,28,Pune,Sales/Marketing,General Fitness,Google,Churned,1
M01153,2024-01-14,Male,27,Pune,IT Professional,Weight Loss,Instagram,Churned,3
M01154,2024-09-11,Male,24,Pune,Other,Weight Loss,Walk-in,Churned,1
M01155,2025-09-28,Male,18,Mumbai,Student,General Fitness,Instagram,Active,1
M01156,2025-08-08,Female,31,Pune,Sales/Marketing,General Fitness,Website,Active,2
M01157,2025-02-05,Male,43,Pune,Other,Weight Loss,Website,Active,2
M01158,2025-02-06,Male,32,Nashik,Sales/Marketing,General Fitness,Instagram,Churned,1
M01159,2024-09-06,Female,34,Nashik,Sales/Marketing,Muscle Gain,Walk-in,Churned,2
M01160,2024-04-23,Male,26,Pune,IT Professional,Muscle Gain,Referral,Churned,1
M01161,2024-01-06,Female,27,Nashik,Government,General Fitness,Referral,Churned,1
M01162,2024-08-04,Male,36,Nagpur,Healthcare,General Fitness,Instagram,Churned,1
M01163,2024-07-20,Male,43,Pune,IT Professional,Muscle Gain,Walk-in,Churned,1
M01164,2024-05-02,Male,39,Mumbai,Other,General Fitness,Instagram,Churned,2
M01165,2024-06-14,Male,35,Pune,IT Professional,Muscle Gain,Website,Churned,1
M01166,2024-01-16,Male,29,Nashik,IT Professional,Bodybuilding,Referral,Churned,3
M01167,2025-01-22,Male,30,Pune,Other,Strength,Walk-in,Churned,2
M01168,2025-08-14,Male,24,Mumbai,IT Professional,Muscle Gain,Website,Active,1
M01169,2025-03-16,Female,19,Pune,IT Professional,Muscle Gain,Walk-in,Active,1
M01170,2024-10-12,Female,21,Pune,IT Professional,Bodybuilding,Referral,Churned,2
M01171,2024-09-25,Male,29,Kolhapur,Government,Strength,Google,Churned,3
M01172,2024-07-15,Male,27,Pune,Sales/Marketing,Weight Loss,Referral,Active,3
M01173,2024-03-31,Male,19,Nagpur,Student,Weight Loss,Google,Active,5
M01174,2025-01-16,Female,29,Kolhapur,Finance,Muscle Gain,Website,Churned,1
M01175,2024-12-27,Female,27,Nagpur,Healthcare,Strength,Google,Churned,2
M01176,2024-01-05,Male,21,Pune,Finance,Bodybuilding,Google,Churned,3
M01177,2024-09-22,Male,26,Nashik,Finance,Strength,Walk-in,Active,2
M01178,2024-06-26,Female,27,Pune,Other,Weight Loss,Google,Churned,5
M01179,2024-04-18,Female,25,Pune,IT Professional,Strength,Website,Churned,1
M01180,2025-03-24,Male,35,Nagpur,IT Professional,Weight Loss,Google,Churned,2
M01181,2024-12-01,Female,18,Mumbai,Healthcare,Muscle Gain,Instagram,Churned,1
M01182,2025-02-08,Male,18,Pune,IT Professional,Muscle Gain,Walk-in,Churned,1
M01183,2025-03-31,Male,29,Pune,Business Owner,Muscle Gain,Referral,Churned,2
M01184,2025-09-18,Female,30,Nashik,Student,Muscle Gain,Website,Active,1
M01185,2025-05-27,Male,32,Mumbai,IT Professional,Weight Loss,Referral,Active,1
M01186,2025-01-30,Male,25,Pune,Other,Weight Loss,Instagram,Active,3
M01187,2025-07-14,Female,23,Nagpur,Student,Strength,Google,Churned,1
M01188,2024-10-31,Female,29,Pune,Healthcare,Weight Loss,Google,Active,2
M01189,2025-09-20,Male,26,Pune,Government,Muscle Gain,Referral,Active,1
M01190,2025-04-30,Male,40,Mumbai,Student,Weight Loss,Google,Active,2
M01191,2025-02-19,Female,27,Kolhapur,IT Professional,Muscle Gain,Referral,Active,1
M01192,2025-07-30,Male,29,Pune,IT Professional,Weight Loss,Website,Churned,1
M01193,2024-11-24,Other,46,Pune,Business Owner,General Fitness,Referral,Churned,1
M01194,2025-04-04,Female,28,Pune,IT Professional,Muscle Gain,Walk-in,Active,2
M01195,2024-06-30,Male,33,Nagpur,Finance,Muscle Gain,Instagram,Churned,2
M01196,2025-09-06,Male,34,Pune,IT Professional,Strength,Facebook,Active,1
M01197,2025-02-01,Female,34,Pune,Student,Weight Loss,Google,Active,1
M01198,2025-05-13,Other,31,Kolhapur,Student,General Fitness,Referral,Active,3
M01199,2024-10-20,Male,30,Pune,IT Professional,Weight Loss,Google,Churned,1
M01200,2025-07-07,Male,30,Mumbai,IT Professional,Strength,Instagram,Active,1
M01201,2024-02-17,Female,25,Pune,Other,Weight Loss,Google,Churned,2
M01202,2024-03-13,Male,31,Nashik,Student,Muscle Gain,Instagram,Active,5
M01203,2024-11-19,Male,43,Pune,Business Owner,General Fitness,Website,Active,3
M01204,2025-05-31,Female,37,Pune,Healthcare,General Fitness,Google,Active,2
M01205,2024-10-07,Female,31,Pune,Finance,Strength,Website,Churned,1
M01206,2025-02-18,Female,35,Nashik,Finance,Weight Loss,Referral,Active,2
M01207,2024-12-18,Male,23,Nashik,Student,Muscle Gain,Instagram,Active,4
M01208,2025-09-05,Male,27,Pune,Finance,Strength,Google,Active,1
M01209,2025-02-21,Female,36,Pune,IT Professional,Strength,Instagram,Churned,1
M01210,2024-09-22,Male,39,Nagpur,Government,Muscle Gain,Facebook,Active,5
M01211,2025-09-10,Male,24,Pune,IT Professional,Muscle Gain,Instagram,Active,2
M01212,2024-03-09,Female,26,Pune,Government,General Fitness,Facebook,Active,3
M01213,2025-09-20,Female,44,Mumbai,Finance,General Fitness,Instagram,Active,1
M01214,2024-04-08,Female,30,Pune,Finance,Strength,Google,Churned,5
M01215,2024-07-02,Male,42,Pune,IT Professional,Strength,Instagram,Churned,2
M01216,2025-06-08,Female,30,Pune,Finance,Muscle Gain,Walk-in,Active,2
M01217,2025-04-13,Male,31,Pune,Government,General Fitness,Referral,Churned,1
M01218,2025-09-11,Male,27,Pune,Business Owner,Muscle Gain,Website,Active,1
M01219,2025-04-23,Female,36,Mumbai,IT Professional,Weight Loss,Google,Active,3
M01220,2025-02-10,Male,39,Mumbai,IT Professional,Strength,Instagram,Churned,1
M01221,2024-08-09,Female,22,Pune,IT Professional,General Fitness,Walk-in,Churned,3
M01222,2024-01-04,Male,27,Nagpur,Government,Weight Loss,Referral,Churned,1
M01223,2024-03-20,Female,35,Pune,IT Professional,General Fitness,Facebook,Active,6
M01224,2024-07-08,Female,28,Nashik,Finance,Weight Loss,Referral,Churned,1
M01225,2024-01-27,Female,26,Pune,Government,Weight Loss,Walk-in,Churned,2
M01226,2024-11-20,Male,36,Nashik,Finance,General Fitness,Instagram,Churned,2
M01227,2025-05-10,Male,37,Pune,Finance,General Fitness,Website,Active,1
M01228,2025-09-06,Female,26,Pune,Healthcare,Muscle Gain,Instagram,Active,1
M01229,2024-11-08,Female,30,Pune,Business Owner,Weight Loss,Facebook,Active,4
M01230,2025-07-12,Female,21,Pune,IT Professional,General Fitness,Instagram,Churned,2
M01231,2025-09-20,Male,23,Pune,Sales/Marketing,Weight Loss,Walk-in,Active,2
M01232,2025-07-02,Male,30,Mumbai,Other,Bodybuilding,Facebook,Active,2
M01233,2024-10-23,Female,29,Nagpur,Business Owner,Weight Loss,Facebook,Churned,1
M01234,2024-07-26,Female,22,Pune,Other,Strength,Referral,Active,4
M01235,2025-09-15,Male,24,Nagpur,Other,Weight Loss,Referral,Active,1
M01236,2024-06-03,Male,22,Nashik,,Weight Loss,Facebook,Churned,2
M01237,2024-09-19,Male,32,Nagpur,Government,Muscle Gain,Referral,Churned,3
M01238,2024-02-17,Male,18,Mumbai,Finance,General Fitness,Walk-in,Active,3
M01239,2025-05-21,Male,22,Mumbai,IT Professional,Bodybuilding,Instagram,Active,3
M01240,2025-02-18,Male,18,Pune,Student,Muscle Gain,Referral,Active,2
M01241,2024-02-24,Male,32,Mumbai,Business Owner,Muscle Gain,Google,Churned,1
M01242,2024-05-21,Female,18,Nagpur,Sales/Marketing,Weight Loss,Walk-in,Churned,1
M01243,2024-12-20,Female,29,Pune,IT Professional,General Fitness,Instagram,Churned,2
M01244,2024-12-10,Female,40,Pune,Sales/Marketing,Muscle Gain,Google,Churned,2
M01245,2025-05-26,Male,41,Pune,Finance,Strength,Facebook,Active,2
M01246,2024-06-18,Male,18,Kolhapur,Finance,Muscle Gain,Referral,Churned,4
M01247,2025-08-12,Male,31,Pune,IT Professional,General Fitness,Website,Active,2
M01248,2024-10-10,Male,22,Mumbai,Business Owner,Strength,Instagram,Active,2
M01249,2025-06-08,Male,21,Nagpur,IT Professional,Weight Loss,Referral,Active,3
M01250,2024-06-01,Female,28,Kolhapur,IT Professional,Muscle Gain,Referral,Active,3
M01251,2024-01-24,Female,38,Pune,Student,Strength,Google,Churned,1
M01252,2024-02-05,Female,33,Nashik,Student,Muscle Gain,Walk-in,Churned,1
M01253,2024-08-25,Male,24,Nagpur,IT Professional,Muscle Gain,Instagram,Active,2
M01254,2025-08-31,Male,34,Pune,Healthcare,Strength,Referral,Active,1
M01255,2024-02-01,Male,18,Nashik,Business Owner,Weight Loss,Instagram,Churned,1
M01256,2024-08-23,Male,24,Pune,IT Professional,Strength,Walk-in,Churned,1
M01257,2024-03-10,Female,23,Mumbai,Sales/Marketing,Muscle Gain,Facebook,Churned,3
M01258,2025-08-17,Male,30,Pune,Business Owner,General Fitness,Instagram,Churned,1
M01259,2025-03-06,Female,28,Pune,Other,Muscle Gain,Referral,Active,3
M01260,2025-05-01,Male,28,Pune,Finance,Muscle Gain,Referral,Active,1
M01261,2025-03-31,Other,28,Pune,Student,Weight Loss,Walk-in,Churned,1
M01262,2025-02-23,Other,29,Pune,Other,Weight Loss,Instagram,Churned,2
M01263,2025-05-08,Male,33,Mumbai,Sales/Marketing,Muscle Gain,Google,Active,2
M01264,2024-01-06,Female,30,Pune,Finance,Muscle Gain,Walk-in,Churned,4
M01265,2025-07-06,Male,27,Pune,Business Owner,General Fitness,Referral,Active,2
M01266,2025-04-17,Female,32,Mumbai,Business Owner,Weight Loss,Walk-in,Churned,2
M01267,2025-04-16,Female,35,Mumbai,Business Owner,Weight Loss,Google,Active,2
M01268,2024-09-08,Female,25,Pune,Government,Weight Loss,Website,Churned,1
M01269,2025-05-25,Female,29,Kolhapur,Business Owner,Muscle Gain,Instagram,Churned,1
M01270,2024-08-31,Male,37,Pune,IT Professional,Weight Loss,Instagram,Churned,1
M01271,2024-02-01,Female,21,Nagpur,Student,Weight Loss,Referral,Churned,3
M01272,2025-08-02,Female,42,Pune,Student,General Fitness,Referral,Active,2
M01273,2024-05-29,Male,20,Nashik,IT Professional,General Fitness,Walk-in,Churned,1
M01274,2024-03-06,Male,27,Kolhapur,IT Professional,General Fitness,Instagram,Churned,3
M01275,2025-01-31,Female,22,Nagpur,Sales/Marketing,Weight Loss,Instagram,Churned,1
M01276,2024-05-29,Male,44,Mumbai,IT Professional,Strength,Walk-in,Active,3
M01277,2025-07-01,Male,25,Mumbai,IT Professional,General Fitness,Google,Active,4
M01278,2024-10-10,Female,25,Pune,IT Professional,General Fitness,Walk-in,Active,2
M01279,2024-01-03,Male,26,Mumbai,Healthcare,Weight Loss,Walk-in,Churned,3
M01280,2025-08-30,Male,30,Nashik,Healthcare,Weight Loss,Instagram,Churned,1
M01281,2024-11-24,Male,27,Kolhapur,Business Owner,Muscle Gain,Walk-in,Churned,2
M01282,2024-06-16,Male,28,Pune,Other,Weight Loss,Facebook,Churned,1
M01283,2025-03-08,Female,18,Pune,Other,General Fitness,Facebook,Churned,1
M01284,2024-12-04,Male,29,Mumbai,Sales/Marketing,Muscle Gain,Instagram,Churned,1
M01285,2024-01-19,Male,29,Pune,Sales/Marketing,Weight Loss,Referral,Churned,1
M01286,2025-04-29,Female,36,Pune,IT Professional,Weight Loss,Website,Active,3
M01287,2024-09-13,Female,38,Pune,Healthcare,Weight Loss,Referral,Churned,3
M01288,2025-03-22,Female,28,Nashik,IT Professional,Muscle Gain,Google,Active,4
M01289,2025-07-25,Male,35,Pune,Sales/Marketing,Weight Loss,Instagram,Active,2
M01290,2025-01-24,Female,21,Pune,IT Professional,Muscle Gain,Walk-in,Churned,3
M01291,2025-03-04,Male,34,Pune,IT Professional,Muscle Gain,Walk-in,Active,2
M01292,2024-06-11,Male,25,Nagpur,Student,Muscle Gain,Website,Churned,1
M01293,2024-05-31,Female,21,Mumbai,Healthcare,Bodybuilding,Website,Churned,2
M01294,2024-09-21,Female,28,Pune,Finance,Strength,Google,Active,4
M01295,2025-06-28,Male,39,Pune,Student,General Fitness,Referral,Churned,1
M01296,2024-11-30,Female,30,Mumbai,Business Owner,Muscle Gain,Instagram,Churned,2
M01297,2024-08-10,Male,39,Pune,IT Professional,General Fitness,Instagram,Churned,1
M01298,2025-05-12,Male,24,Mumbai,Sales/Marketing,Bodybuilding,Instagram,Churned,2
M01299,2025-06-28,Male,36,Pune,Student,Muscle Gain,Website,Active,3
M01300,2025-07-29,Male,24,Kolhapur,Student,Weight Loss,Instagram,Churned,1
M01301,2024-07-09,Female,31,Pune,Finance,General Fitness,Referral,Churned,2
M01302,2025-01-11,Female,31,Mumbai,Healthcare,Weight Loss,Referral,Active,1
M01303,2024-10-13,Female,34,Pune,Sales/Marketing,General Fitness,Google,Churned,1
M01304,2024-09-10,Male,31,Kolhapur,Healthcare,Weight Loss,Referral,Churned,1
M01305,2024-03-14,Male,24,Kolhapur,Other,Weight Loss,Instagram,Churned,1
M01306,2024-06-24,Male,35,Nashik,IT Professional,General Fitness,Google,Churned,3
M01307,2024-12-16,Female,41,Pune,IT Professional,General Fitness,Referral,Active,4
M01308,2025-07-19,Male,25,Pune,Other,Muscle Gain,Facebook,Active,1
M01309,2025-07-06,Male,18,Nashik,Student,Strength,Walk-in,Active,1
M01310,2024-04-29,Female,32,Nashik,Sales/Marketing,Strength,Facebook,Churned,1
M01311,2025-03-09,Female,27,Pune,Student,Muscle Gain,Google,Churned,1
M01312,2024-02-24,Male,28,Pune,Business Owner,Bodybuilding,Instagram,Churned,1
M01313,2025-03-06,Male,33,Pune,IT Professional,Muscle Gain,Google,Churned,1
M01314,2024-10-14,Male,26,Nagpur,Healthcare,Weight Loss,Website,Churned,1
M01315,2025-04-02,Male,27,Mumbai,Sales/Marketing,Strength,Instagram,Active,1
M01316,2024-09-28,Male,28,Mumbai,Student,Muscle Gain,Instagram,Churned,3
M01317,2025-05-30,Female,39,Mumbai,IT Professional,Strength,Website,Churned,1
M01318,2025-09-29,Male,29,Pune,IT Professional,Weight Loss,Website,Active,1
M01319,2025-02-11,Male,20,Pune,IT Professional,Weight Loss,Instagram,Active,2
M01320,2024-07-08,Male,21,Pune,IT Professional,Weight Loss,Walk-in,Churned,1
M01321,2025-05-09,Male,30,Nashik,Other,General Fitness,Referral,Churned,1
M01322,2024-09-17,Male,21,Pune,Student,Strength,Referral,Churned,1
M01323,2024-12-06,Male,18,Pune,IT Professional,Muscle Gain,Referral,Churned,1
M01324,2024-03-28,Male,33,Pune,Business Owner,Weight Loss,Website,Active,4
M01325,2024-03-17,Male,34,Pune,IT Professional,Muscle Gain,Instagram,Churned,3
M01326,2025-01-01,Female,26,Mumbai,IT Professional,Muscle Gain,Walk-in,Churned,2
M01327,2024-04-29,Female,31,Pune,Government,General Fitness,Instagram,Churned,3
M01328,2025-09-28,Male,30,Pune,Healthcare,General Fitness,Walk-in,Active,1
M01329,2025-06-29,Male,33,Nashik,Sales/Marketing,Weight Loss,Walk-in,Active,2
M01330,2025-03-23,Female,33,Pune,IT Professional,Muscle Gain,Walk-in,Churned,1
M01331,2025-04-13,Other,18,Pune,Healthcare,General Fitness,Website,Active,2
M01332,2025-01-14,Female,27,Pune,Sales/Marketing,Weight Loss,Walk-in,Active,3
M01333,2024-02-08,Male,33,Nashik,Sales/Marketing,Muscle Gain,Walk-in,Churned,5
M01334,2024-09-07,Male,26,Pune,Other,General Fitness,Google,Churned,2
M01335,2024-11-12,Male,29,Nashik,IT Professional,Muscle Gain,Website,Churned,1
M01336,2025-08-06,Female,34,Kolhapur,Other,Weight Loss,Referral,Active,1
M01337,2024-05-20,Male,30,Mumbai,Sales/Marketing,Weight Loss,Google,Churned,2
M01338,2024-11-13,Male,40,Pune,Sales/Marketing,General Fitness,Referral,Churned,2
M01339,2024-08-07,Male,37,Nashik,Finance,Weight Loss,Google,Churned,2
M01340,2024-03-26,Male,28,Pune,Other,Strength,Referral,Churned,3
M01341,2024-03-06,Male,28,Pune,Business Owner,Muscle Gain,Google,Churned,2
M01342,2024-08-21,Male,18,Pune,Government,Muscle Gain,Instagram,Active,3
M01343,2024-02-22,Male,27,Pune,Finance,General Fitness,Website,Churned,1
M01344,2024-02-12,Female,20,Pune,Government,Muscle Gain,Website,Churned,1
M01345,2024-08-11,Female,31,Pune,Government,Weight Loss,Referral,Churned,1
M01346,2024-05-08,Male,30,Pune,IT Professional,Weight Loss,Website,Churned,2
M01347,2024-12-19,Female,34,Pune,IT Professional,General Fitness,Google,Churned,1
M01348,2024-01-12,Female,39,Mumbai,IT Professional,Muscle Gain,Google,Churned,2
M01349,2024-07-11,Male,29,Kolhapur,,Strength,Website,Churned,4
M01350,2024-10-16,Male,45,Pune,Government,Muscle Gain,Walk-in,Churned,1
M01351,2025-09-06,Male,31,Mumbai,Sales/Marketing,Muscle Gain,Walk-in,Active,2
M01352,2025-02-08,Male,20,Pune,Sales/Marketing,Muscle Gain,Google,Active,1
M01353,2025-07-15,Male,25,Pune,Healthcare,Weight Loss,Google,Churned,1
M01354,2024-08-07,Male,26,Pune,Student,Strength,Instagram,Churned,1
M01355,2024-10-13,Male,33,Pune,Finance,Weight Loss,Website,Churned,1
M01356,2024-09-25,Male,22,Pune,Sales/Marketing,Strength,Instagram,Churned,1
M01357,2025-07-20,Male,27,Pune,Finance,Weight Loss,Referral,Churned,1
M01358,2025-09-03,Male,28,Pune,Sales/Marketing,Muscle Gain,Instagram,Active,2
M01359,2025-09-05,Female,26,Pune,Other,Weight Loss,Walk-in,Active,2
M01360,2025-04-24,Male,35,Pune,IT Professional,General Fitness,Google,Active,4
M01361,2024-11-16,Male,33,Pune,Government,Weight Loss,Walk-in,Churned,2
M01362,2024-12-11,Male,37,Pune,Business Owner,Muscle Gain,Referral,Churned,2
M01363,2025-09-17,Female,27,Pune,Business Owner,Strength,,Active,2
M01364,2024-06-30,Female,37,Pune,IT Professional,General Fitness,Instagram,Churned,3
M01365,2024-08-09,Male,19,Pune,IT Professional,Weight Loss,Instagram,Churned,1
M01366,2025-07-26,Male,19,Pune,IT Professional,General Fitness,Walk-in,Active,1
M01367,2024-09-03,Male,21,Pune,Finance,Muscle Gain,Facebook,Churned,2
M01368,2024-05-29,Male,29,Kolhapur,IT Professional,Weight Loss,Google,Churned,2
M01369,2024-12-23,Female,37,Pune,IT Professional,Muscle Gain,Referral,Active,2
M01370,2024-07-26,Male,25,Pune,Business Owner,Strength,Google,Active,5
M01371,2025-07-22,Female,26,Pune,IT Professional,Muscle Gain,Website,Active,1
M01372,2025-08-02,Male,27,Kolhapur,Sales/Marketing,General Fitness,Website,Active,1
M01373,2024-07-14,Male,33,Mumbai,Business Owner,General Fitness,Walk-in,Churned,2
M01374,2024-12-03,Female,26,Mumbai,Student,Muscle Gain,Instagram,Churned,2
M01375,2025-09-19,Male,25,Kolhapur,Other,Muscle Gain,Referral,Active,2
M01376,2025-04-18,Female,20,Pune,Sales/Marketing,General Fitness,Website,Active,2
M01377,2024-05-17,Male,25,Kolhapur,Finance,Muscle Gain,Instagram,Churned,1
M01378,2025-01-11,Female,37,Pune,Government,Weight Loss,Walk-in,Active,2
M01379,2025-01-30,Male,30,Mumbai,Student,Muscle Gain,Website,Churned,3
M01380,2025-02-20,Male,24,Pune,Government,Strength,Walk-in,Churned,1
M01381,2024-01-16,Female,38,Pune,IT Professional,Weight Loss,Referral,Churned,2
M01382,2024-07-10,Male,25,Kolhapur,Business Owner,Weight Loss,Referral,Churned,2
M01383,2025-06-29,Male,39,Pune,IT Professional,Weight Loss,Website,Active,3
M01384,2024-06-02,Female,39,Kolhapur,Government,Weight Loss,Google,Churned,1
M01385,2024-07-10,Male,29,Pune,IT Professional,Bodybuilding,Website,Active,7
M01386,2024-07-24,Female,19,Mumbai,IT Professional,Muscle Gain,Referral,Churned,1
M01387,2024-04-23,Male,45,Kolhapur,Student,General Fitness,Walk-in,Churned,1
M01388,2024-04-09,Male,32,Pune,Government,General Fitness,Website,Churned,2
M01389,2024-08-09,Male,27,Kolhapur,IT Professional,Muscle Gain,Referral,Churned,2
M01390,2025-07-11,Male,36,Mumbai,Business Owner,General Fitness,Google,Churned,1
M01391,2024-01-01,Female,34,Mumbai,IT Professional,Bodybuilding,Instagram,Churned,2
M01392,2024-06-29,Male,38,Pune,Government,General Fitness,Facebook,Churned,2
M01393,2024-02-08,Male,24,Pune,IT Professional,General Fitness,,Churned,2
M01394,2024-12-24,Male,31,Mumbai,Other,Muscle Gain,Google,Active,2
M01395,2024-06-08,Male,21,Pune,IT Professional,Strength,Facebook,Active,3
M01396,2025-05-20,Male,34,Pune,Student,Weight Loss,Website,Churned,1
M01397,2025-01-08,Female,29,Pune,IT Professional,General Fitness,Website,Churned,1
M01398,2025-05-15,Female,31,Nagpur,Student,Muscle Gain,Referral,Churned,1
M01399,2025-02-09,Female,28,Pune,Business Owner,Muscle Gain,Website,Churned,1
M01400,2024-10-06,Male,27,Mumbai,IT Professional,Strength,Facebook,Churned,1
M01401,2025-07-03,Male,23,Kolhapur,Sales/Marketing,General Fitness,Instagram,Churned,1
M01402,2024-10-30,Male,35,Pune,Business Owner,Weight Loss,Website,Churned,4
M01403,2025-08-29,Female,39,Pune,IT Professional,General Fitness,Referral,Active,1
M01404,2025-09-26,Male,25,Mumbai,Business Owner,Bodybuilding,Website,Active,2
M01405,2025-01-10,Male,33,Pune,IT Professional,General Fitness,Walk-in,Active,1
M01406,2025-03-06,Male,32,Mumbai,IT Professional,Strength,Walk-in,Active,1
M01407,2024-06-12,Female,29,Mumbai,IT Professional,Strength,Google,Churned,1
M01408,2025-06-03,Female,18,Mumbai,Student,Strength,Instagram,Active,3
M01409,2025-03-04,Female,20,Pune,IT Professional,Muscle Gain,Google,Churned,2
M01410,2025-07-29,Male,24,Mumbai,Other,Muscle Gain,Walk-in,Churned,1
M01411,2024-06-19,Other,18,Mumbai,,Strength,Facebook,Churned,1
M01412,2025-05-17,Male,39,Pune,Other,Strength,Instagram,Churned,2
M01413,2024-10-27,Male,32,Mumbai,IT Professional,Weight Loss,Instagram,Churned,1
M01414,2024-04-28,Male,29,Nagpur,Sales/Marketing,Weight Loss,Walk-in,Churned,2
M01415,2024-04-19,Male,18,Mumbai,IT Professional,Muscle Gain,Google,Churned,3
M01416,2024-12-24,Male,18,Pune,IT Professional,General Fitness,Instagram,Active,4
M01417,2024-07-22,Male,29,Pune,Sales/Marketing,Strength,Instagram,Churned,1
M01418,2024-09-29,Male,43,Pune,Student,General Fitness,Walk-in,Active,4
M01419,2025-02-20,Male,24,Pune,IT Professional,Weight Loss,Referral,Active,2
M01420,2024-07-22,Female,35,Pune,Sales/Marketing,Muscle Gain,Facebook,Churned,3
M01421,2025-09-01,Female,26,Kolhapur,Healthcare,Strength,Google,Churned,1
M01422,2025-05-12,Male,29,Pune,Business Owner,Muscle Gain,Instagram,Active,2
M01423,2024-11-23,Male,38,Nashik,IT Professional,Weight Loss,Walk-in,Active,2
M01424,2025-08-19,Female,27,Pune,Student,Muscle Gain,Website,Active,1
M01425,2024-10-03,Male,24,Pune,Other,Strength,Google,Churned,1
M01426,2024-03-30,Male,39,Pune,IT Professional,Muscle Gain,Facebook,Churned,3
M01427,2024-01-23,Male,29,Pune,IT Professional,Weight Loss,Walk-in,Churned,1
M01428,2025-08-21,Male,37,Nashik,IT Professional,Muscle Gain,Website,Active,1
M01429,2025-09-04,Male,24,Kolhapur,Other,Bodybuilding,Referral,Active,1
M01430,2025-04-16,Male,39,Nagpur,Government,Muscle Gain,Instagram,Churned,1
M01431,2024-03-06,Male,31,Pune,Business Owner,Muscle Gain,Instagram,Churned,2
M01432,2024-07-06,Male,32,Nashik,Other,Weight Loss,Walk-in,Churned,2
M01433,2024-01-27,Male,30,Pune,Student,Muscle Gain,Facebook,Churned,1
M01434,2024-02-02,Male,25,Nagpur,Sales/Marketing,Strength,Referral,Churned,1
M01435,2024-06-05,Male,29,Pune,Student,General Fitness,Instagram,Churned,2
M01436,2024-12-31,Male,26,Pune,,Muscle Gain,Instagram,Churned,1
M01437,2024-02-11,Male,36,Pune,Student,Strength,Referral,Churned,4
M01438,2025-09-20,Male,28,Pune,Other,Muscle Gain,Website,Active,2
M01439,2024-10-17,Male,19,Pune,Other,Strength,Google,Churned,2
M01440,2024-06-17,Male,18,Nagpur,Healthcare,Weight Loss,Walk-in,Churned,1
M01441,2024-11-25,Male,18,Nashik,IT Professional,Muscle Gain,Referral,Active,2
M01442,2025-05-19,Male,33,Kolhapur,IT Professional,Strength,Website,Active,3
M01443,2024-07-18,Male,21,Pune,Business Owner,Strength,Facebook,Active,3
M01444,2024-01-31,Male,31,Mumbai,IT Professional,General Fitness,Instagram,Churned,2
M01445,2024-02-02,Female,30,Pune,Student,General Fitness,Walk-in,Active,2
M01446,2025-06-27,Male,29,Pune,Finance,Strength,Facebook,Active,3
M01447,2024-03-12,Female,32,Pune,Healthcare,General Fitness,Website,Churned,2
M01448,2025-02-09,Male,30,Pune,Other,Weight Loss,Referral,Active,2
M01449,2024-09-02,Male,18,Mumbai,Business Owner,Muscle Gain,Instagram,Active,3
M01450,2025-05-11,Female,27,Pune,IT Professional,General Fitness,Referral,Active,3
M01451,2024-02-08,Male,32,Pune,Business Owner,General Fitness,Walk-in,Churned,1
M01452,2025-07-26,Male,40,Mumbai,IT Professional,Strength,Google,Active,2
M01453,2025-03-21,Male,41,Pune,Finance,Muscle Gain,Website,Churned,1
M01454,2024-10-13,Other,19,Kolhapur,Government,Weight Loss,Instagram,Active,4
M01455,2024-05-12,Female,27,Pune,IT Professional,Weight Loss,Website,Churned,3
M01456,2025-09-15,Male,18,Nashik,IT Professional,Strength,Referral,Active,1
M01457,2024-07-11,Female,40,Mumbai,Sales/Marketing,Weight Loss,Instagram,Active,3
M01458,2024-11-08,Male,36,Mumbai,Business Owner,Strength,Referral,Churned,2
M01459,2024-09-08,Male,31,Mumbai,,Weight Loss,Walk-in,Churned,1
M01460,2024-05-27,Male,30,Nagpur,Government,Muscle Gain,Facebook,Churned,3
M01461,2024-09-22,Male,39,Mumbai,Healthcare,Strength,Referral,Churned,1
M01462,2024-04-06,Male,37,Pune,Student,Muscle Gain,Instagram,Active,5
M01463,2024-01-02,Female,37,Pune,Sales/Marketing,Strength,Website,Churned,2
M01464,2024-07-04,Male,32,Mumbai,Other,Weight Loss,Referral,Churned,1
M01465,2024-03-12,Male,27,Pune,Student,Muscle Gain,Google,Churned,1
M01466,2024-09-21,Male,34,Pune,Student,General Fitness,Website,Active,3
M01467,2025-07-04,Male,35,Pune,Finance,Strength,Instagram,Active,1
M01468,2024-04-13,Male,28,Pune,Healthcare,Weight Loss,Instagram,Churned,1
M01469,2024-01-01,Female,27,Pune,IT Professional,Muscle Gain,Referral,Churned,1
M01470,2024-03-11,Male,37,Mumbai,Business Owner,General Fitness,Walk-in,Active,3
M01471,2024-11-20,Male,41,Nashik,Finance,Bodybuilding,Referral,Churned,2
M01472,2024-06-24,Female,24,Nagpur,Business Owner,Strength,Website,Churned,3
M01473,2024-01-19,Female,27,Pune,IT Professional,Strength,Google,Churned,3
M01474,2024-07-31,Female,31,Pune,Student,Muscle Gain,Website,Churned,2
M01475,2024-09-18,Male,32,Mumbai,IT Professional,Muscle Gain,Instagram,Churned,4
M01476,2024-10-02,Male,25,Pune,Other,Strength,Instagram,Active,2
M01477,2024-12-17,Male,42,Mumbai,Healthcare,Strength,,Churned,1
M01478,2025-05-13,Female,32,Pune,IT Professional,Strength,Instagram,Churned,1
M01479,2024-10-25,Female,33,Kolhapur,Other,Strength,Referral,Churned,1
M01480,2025-06-20,Female,41,Pune,IT Professional,Strength,Facebook,Churned,1
M01481,2024-12-03,Male,26,Nagpur,Business Owner,Weight Loss,Facebook,Churned,1
M01482,2024-06-15,Male,28,Mumbai,Student,Muscle Gain,Walk-in,Churned,2
M01483,2024-05-26,Male,20,Pune,Government,Bodybuilding,Instagram,Churned,3
M01484,2024-07-24,Male,28,Nashik,Finance,Muscle Gain,Facebook,Churned,4
M01485,2025-01-16,Male,19,Pune,Sales/Marketing,Weight Loss,Google,Churned,2
M01486,2024-06-03,Male,34,Nashik,IT Professional,Muscle Gain,Walk-in,Churned,2
M01487,2025-08-06,Male,32,Mumbai,IT Professional,General Fitness,Walk-in,Active,2
M01488,2024-11-02,Female,27,Pune,IT Professional,Strength,Instagram,Churned,1
M01489,2025-07-04,Female,28,Pune,Other,Strength,Referral,Churned,2
M01490,2025-03-11,Female,34,Nashik,Student,Weight Loss,Website,Churned,1
M01491,2024-07-31,Female,21,Pune,Finance,Muscle Gain,Google,Active,4
M01492,2024-05-25,Female,30,Nagpur,Finance,Weight Loss,Walk-in,Churned,1
M01493,2025-04-19,Male,34,Nashik,IT Professional,Strength,Website,Active,2
M01494,2024-07-30,Male,18,Mumbai,IT Professional,Weight Loss,Google,Churned,1
M01495,2024-06-06,Male,34,Pune,Student,General Fitness,Google,Active,3
M01496,2025-08-16,Male,18,Mumbai,Healthcare,General Fitness,Referral,Active,2
M01497,2024-11-03,Male,28,Kolhapur,Other,General Fitness,Facebook,Churned,2
M01498,2024-01-31,Female,21,Pune,IT Professional,Muscle Gain,Referral,Churned,1
M01499,2024-11-11,Female,39,Pune,Other,General Fitness,Referral,Active,3
M01500,2024-10-20,Female,21,Pune,Student,General Fitness,Instagram,Churned,1
M01501,2025-07-05,Female,18,Pune,IT Professional,Weight Loss,Website,Churned,2
M01502,2025-03-29,Female,30,Nashik,Other,Muscle Gain,Website,Active,3
M01503,2024-05-02,Male,26,Pune,Sales/Marketing,Muscle Gain,Referral,Churned,3
M01504,2024-04-05,Female,18,Mumbai,IT Professional,Muscle Gain,Website,Churned,3
M01505,2025-01-20,Female,33,Pune,Finance,General Fitness,Walk-in,Churned,1
M01506,2024-01-31,Female,18,Pune,Sales/Marketing,Muscle Gain,Website,Churned,1
M01507,2024-07-22,Male,22,Pune,Government,Strength,Instagram,Churned,2
M01508,2024-03-29,Male,25,Nagpur,Finance,Weight Loss,Instagram,Churned,3
M01509,2024-01-14,Female,35,Mumbai,IT Professional,General Fitness,Website,Churned,2
M01510,2025-08-09,Male,38,Pune,Student,Weight Loss,Google,Active,3
M01511,2024-02-27,Male,37,Nashik,Healthcare,Muscle Gain,Google,Churned,1
M01512,2024-01-06,Male,28,Pune,Business Owner,Muscle Gain,Walk-in,Churned,1
M01513,2025-08-18,Male,18,Pune,IT Professional,General Fitness,Walk-in,Active,3
M01514,2024-04-30,Male,32,Pune,IT Professional,Weight Loss,,Churned,1
M01515,2025-06-04,Other,39,Kolhapur,IT Professional,General Fitness,Google,Churned,1
M01516,2024-01-20,Female,38,Mumbai,Business Owner,General Fitness,Google,Churned,3
M01517,2024-04-07,Female,32,Mumbai,IT Professional,Bodybuilding,Instagram,Active,3
M01518,2024-03-11,Male,21,Pune,IT Professional,General Fitness,Instagram,Churned,2
M01519,2025-03-26,Male,25,Pune,Student,General Fitness,Referral,Active,1
M01520,2025-01-30,Male,43,Mumbai,Sales/Marketing,Strength,Walk-in,Churned,2
M01521,2024-10-30,Male,19,Pune,Healthcare,Weight Loss,Google,Active,1
M01522,2024-06-03,Male,21,Kolhapur,IT Professional,General Fitness,Google,Active,4
M01523,2024-02-26,Female,36,Nashik,IT Professional,Muscle Gain,Walk-in,Churned,1
M01524,2024-12-29,Other,26,Pune,IT Professional,General Fitness,Instagram,Churned,3
M01525,2024-05-27,Male,21,Nashik,Healthcare,Weight Loss,Google,Churned,3
M01526,2025-01-11,Male,40,Kolhapur,Healthcare,Muscle Gain,Instagram,Churned,1
M01527,2025-03-14,Male,32,Pune,Finance,General Fitness,Walk-in,Active,3
M01528,2025-06-25,Male,26,Mumbai,Finance,Muscle Gain,Instagram,Active,2
M01529,2024-11-11,Male,21,Nagpur,Student,Weight Loss,Referral,Active,3
M01530,2024-01-04,Male,43,Pune,IT Professional,Muscle Gain,Referral,Churned,2
M01531,2024-06-28,Male,29,Nagpur,Student,Strength,Facebook,Active,3
M01532,2025-06-28,Male,39,Pune,Business Owner,Weight Loss,Walk-in,Churned,2
M01533,2024-12-06,Female,35,Mumbai,IT Professional,Muscle Gain,Website,Churned,2
M01534,2025-01-29,Male,25,Nashik,Government,Bodybuilding,Walk-in,Churned,1
M01535,2024-10-19,Male,25,Mumbai,IT Professional,Strength,Google,Active,2
M01536,2024-04-13,Male,39,Pune,Finance,Weight Loss,Instagram,Churned,3
M01537,2025-07-26,Male,39,Mumbai,IT Professional,Muscle Gain,Instagram,Active,1
M01538,2025-05-08,Male,18,Pune,IT Professional,Weight Loss,Google,Churned,1
M01539,2025-09-26,Female,33,Pune,Government,Bodybuilding,Instagram,Active,2
M01540,2025-06-29,Female,28,Pune,Student,Muscle Gain,Google,Active,2
M01541,2024-07-04,Male,22,Mumbai,IT Professional,Muscle Gain,Walk-in,Churned,1
M01542,2024-06-11,Male,31,Pune,IT Professional,Weight Loss,Walk-in,Churned,2
M01543,2024-06-07,Male,20,Pune,Government,Muscle Gain,Google,Churned,4
M01544,2025-08-09,Male,26,Nagpur,IT Professional,Weight Loss,Referral,Active,1
M01545,2024-12-21,Male,23,Pune,Other,General Fitness,Instagram,Active,3
M01546,2024-10-16,Female,26,Pune,Other,Muscle Gain,Referral,Churned,1
M01547,2025-09-09,Male,28,Pune,Sales/Marketing,Muscle Gain,Referral,Active,2
M01548,2025-01-19,Male,22,Pune,IT Professional,Strength,Google,Churned,1
M01549,2025-08-03,Male,40,Nashik,Finance,Weight Loss,Google,Active,1
M01550,2025-09-20,Male,32,Pune,Student,Weight Loss,Website,Active,2
M01551,2024-02-20,Female,42,Pune,Sales/Marketing,Muscle Gain,Referral,Churned,3
M01552,2024-08-18,Male,28,Kolhapur,Business Owner,General Fitness,Referral,Active,6
M01553,2025-04-13,Male,25,Nashik,IT Professional,Weight Loss,Instagram,Churned,2
M01554,2025-06-02,Male,41,Mumbai,IT Professional,General Fitness,Instagram,Churned,1
M01555,2024-04-04,Female,25,Nagpur,Sales/Marketing,Muscle Gain,Google,Churned,3
M01556,2024-07-22,Male,28,Nagpur,Sales/Marketing,Muscle Gain,Website,Churned,4
M01557,2024-12-15,Male,34,Pune,Business Owner,Muscle Gain,Instagram,Churned,4
M01558,2025-05-24,Male,20,Mumbai,Business Owner,Weight Loss,Google,Churned,1
M01559,2024-03-13,Male,34,Mumbai,Government,Weight Loss,Website,Active,2
M01560,2025-01-18,Female,33,Pune,Sales/Marketing,General Fitness,Referral,Churned,1
M01561,2024-07-08,Male,38,Pune,Government,Muscle Gain,Google,Churned,1
M01562,2024-05-18,Male,35,Pune,IT Professional,Muscle Gain,Walk-in,Active,3
M01563,2024-11-24,Male,38,Mumbai,Finance,Bodybuilding,Referral,Active,2
M01564,2024-09-21,Male,28,Nashik,Sales/Marketing,Weight Loss,Website,Churned,1
M01565,2025-02-09,Male,23,Nashik,IT Professional,Muscle Gain,Instagram,Churned,1
M01566,2024-07-21,Female,44,Pune,IT Professional,Muscle Gain,Walk-in,Churned,4
M01567,2025-06-09,Male,18,Pune,Student,Weight Loss,Google,Active,1
M01568,2024-02-19,Male,19,Pune,IT Professional,Bodybuilding,Facebook,Churned,2
M01569,2025-07-03,Male,33,Pune,Government,Bodybuilding,Facebook,Churned,1
M01570,2024-01-20,Female,40,Nagpur,IT Professional,Muscle Gain,Facebook,Churned,1
M01571,2025-04-14,Male,30,Nagpur,Healthcare,Bodybuilding,Facebook,Churned,1
M01572,2024-08-09,Male,36,Nagpur,Student,Weight Loss,Walk-in,Churned,3
M01573,2024-09-01,Male,18,Nagpur,Sales/Marketing,Bodybuilding,Instagram,Churned,3
M01574,2024-01-13,Male,26,Kolhapur,Sales/Marketing,Strength,Instagram,Churned,2
M01575,2025-03-23,Female,18,Pune,Business Owner,Weight Loss,Google,Active,5
M01576,2024-04-15,Male,34,Pune,Finance,General Fitness,Referral,Churned,2
M01577,2025-02-24,Male,18,Pune,Student,General Fitness,Google,Churned,2
M01578,2025-04-07,Male,20,Pune,Sales/Marketing,Muscle Gain,Walk-in,Active,4
M01579,2025-06-23,Male,33,Pune,Government,Muscle Gain,Walk-in,Active,2
M01580,2025-03-27,Male,36,Pune,Student,General Fitness,Website,Churned,2
M01581,2024-07-11,Male,28,Kolhapur,Other,Weight Loss,Google,Churned,2
M01582,2025-04-16,Male,33,Pune,Student,Weight Loss,Walk-in,Active,1
M01583,2025-06-10,Female,33,Kolhapur,Finance,Weight Loss,Walk-in,Churned,1
M01584,2024-07-21,Female,27,Nashik,IT Professional,General Fitness,Website,Churned,1
M01585,2024-03-20,Male,21,Mumbai,Government,Muscle Gain,Walk-in,Churned,5
M01586,2025-07-21,Female,33,Mumbai,Student,Muscle Gain,Google,Churned,1
M01587,2024-04-04,Female,33,Pune,Student,Weight Loss,Instagram,Churned,3
M01588,2025-01-13,Male,35,Mumbai,Business Owner,Weight Loss,Website,Churned,1
M01589,2024-05-30,Male,31,Pune,Other,General Fitness,Walk-in,Churned,1
M01590,2024-03-21,Male,21,Kolhapur,IT Professional,Weight Loss,Facebook,Churned,1
M01591,2025-05-10,Male,34,Pune,Healthcare,General Fitness,Walk-in,Churned,1
M01592,2024-04-01,Male,29,Pune,Business Owner,Muscle Gain,Walk-in,Churned,1
M01593,2025-03-03,Male,26,Mumbai,Sales/Marketing,General Fitness,Walk-in,Churned,1
M01594,2025-03-18,Female,27,Mumbai,IT Professional,Muscle Gain,Website,Active,1
M01595,2024-02-08,Male,24,Pune,Healthcare,Strength,Website,Churned,1
M01596,2024-04-20,Female,35,Mumbai,Other,Weight Loss,Google,Active,4
M01597,2025-05-21,Male,19,Pune,IT Professional,Strength,Instagram,Churned,2
M01598,2024-11-19,Male,22,Mumbai,IT Professional,Weight Loss,Instagram,Churned,3
M01599,2024-03-18,Female,27,Pune,Sales/Marketing,Weight Loss,Referral,Active,3
M01600,2025-09-24,Male,40,Pune,,Muscle Gain,Facebook,Active,3
M01601,2024-06-18,Male,36,Pune,IT Professional,Weight Loss,Facebook,Churned,1
M01602,2024-01-03,Male,18,Pune,IT Professional,Muscle Gain,Google,Churned,3
M01603,2025-08-12,Female,38,Pune,Sales/Marketing,Strength,Google,Active,2
M01604,2024-01-11,Male,38,Pune,Other,General Fitness,Referral,Churned,3
M01605,2024-12-19,Male,21,Pune,Finance,General Fitness,Facebook,Active,2
M01606,2025-09-25,Male,18,Pune,Finance,Bodybuilding,Walk-in,Active,1
M01607,2025-01-03,Male,28,Pune,IT Professional,Muscle Gain,Instagram,Active,1
M01608,2025-01-07,Male,37,Pune,Student,Weight Loss,Google,Active,2
M01609,2024-09-04,Male,40,Mumbai,IT Professional,Strength,Referral,Churned,1
M01610,2024-03-21,Male,23,Kolhapur,IT Professional,Weight Loss,Referral,Churned,1
M01611,2024-12-31,Male,41,Pune,Student,Weight Loss,Facebook,Active,1
M01612,2025-07-26,Male,18,Nagpur,Finance,Weight Loss,Website,Active,1
M01613,2024-02-28,Female,26,Pune,Student,Muscle Gain,Instagram,Churned,1
M01614,2025-07-15,Male,26,Pune,Student,Muscle Gain,Instagram,Active,1
M01615,2024-09-21,Male,37,Mumbai,IT Professional,Muscle Gain,Google,Churned,1
M01616,2024-12-08,Male,38,Nashik,IT Professional,General Fitness,Google,Active,2
M01617,2024-04-15,Female,36,Nagpur,IT Professional,General Fitness,Google,Churned,2
M01618,2025-01-31,Male,20,Pune,IT Professional,Bodybuilding,Instagram,Churned,2
M01619,2024-04-26,Male,35,Nashik,IT Professional,Weight Loss,Instagram,Churned,1
M01620,2024-06-23,Male,33,Pune,Business Owner,Weight Loss,Facebook,Churned,1
M01621,2025-04-05,Male,18,Pune,Government,General Fitness,Instagram,Active,1
M01622,2024-02-02,Male,18,Pune,Sales/Marketing,Weight Loss,Facebook,Churned,3
M01623,2024-10-12,Male,36,Kolhapur,Government,Muscle Gain,,Churned,3
M01624,2025-01-14,Male,28,Pune,Finance,General Fitness,Google,Churned,1
M01625,2024-03-25,Male,20,Nagpur,Other,General Fitness,Instagram,Churned,1
M01626,2024-07-07,Male,28,Mumbai,Business Owner,Weight Loss,Instagram,Churned,3
M01627,2024-08-07,Female,32,Nashik,Finance,General Fitness,Google,Churned,2
M01628,2025-02-27,Male,28,Mumbai,IT Professional,General Fitness,Facebook,Churned,1
M01629,2025-09-15,Female,18,Nagpur,IT Professional,Strength,,Active,2
M01630,2025-06-17,Female,42,Pune,IT Professional,Muscle Gain,Instagram,Churned,1
M01631,2024-05-01,Female,36,Pune,IT Professional,General Fitness,Instagram,Active,4
M01632,2024-01-12,Female,27,Mumbai,Sales/Marketing,General Fitness,Instagram,Churned,2
M01633,2024-02-03,Male,27,Pune,Student,Weight Loss,Walk-in,Churned,1
M01634,2025-01-15,Male,32,Pune,Finance,General Fitness,Instagram,Churned,3
M01635,2024-04-09,Male,21,Pune,Sales/Marketing,General Fitness,Instagram,Churned,1
M01636,2024-05-27,Male,31,Pune,Business Owner,Weight Loss,Website,Churned,3
M01637,2025-06-24,Male,20,Pune,Student,Muscle Gain,Facebook,Active,2
M01638,2025-07-11,Male,29,Pune,IT Professional,Muscle Gain,Walk-in,Churned,1
M01639,2025-06-19,Male,21,Nagpur,IT Professional,General Fitness,Instagram,Churned,1
M01640,2024-06-10,Female,21,Pune,Other,Weight Loss,Google,Churned,1
M01641,2025-01-30,Female,41,Kolhapur,Finance,Muscle Gain,Instagram,Active,1
M01642,2025-01-24,Male,29,Kolhapur,Government,Weight Loss,Walk-in,Churned,4
M01643,2024-04-28,Male,30,Pune,Business Owner,General Fitness,Walk-in,Churned,1
M01644,2024-12-19,Male,18,Mumbai,Finance,General Fitness,Instagram,Churned,2
M01645,2024-12-01,Female,25,Mumbai,Government,Muscle Gain,Website,Churned,2
M01646,2024-09-09,Male,32,Mumbai,Student,Muscle Gain,Referral,Active,3
M01647,2025-04-24,Male,30,Pune,IT Professional,Muscle Gain,Walk-in,Churned,1
M01648,2025-03-08,Male,18,Pune,,Muscle Gain,Instagram,Active,2
M01649,2024-12-05,Male,30,Pune,Business Owner,General Fitness,Google,Active,4
M01650,2025-04-08,Female,32,Mumbai,Sales/Marketing,Weight Loss,Instagram,Churned,1
M01651,2025-05-01,Other,38,Kolhapur,Healthcare,General Fitness,Walk-in,Active,2
M01652,2024-12-27,Male,24,Mumbai,Business Owner,General Fitness,Instagram,Active,2
M01653,2024-06-19,Male,18,Mumbai,Other,Strength,Google,Churned,3
M01654,2025-04-28,Male,22,Kolhapur,IT Professional,Weight Loss,Walk-in,Active,1
M01655,2025-04-02,Male,21,Mumbai,Student,Muscle Gain,Walk-in,Active,1
M01656,2025-09-19,Other,34,Pune,Other,Weight Loss,Walk-in,Active,1
M01657,2024-04-05,Female,18,Nagpur,Other,Strength,Walk-in,Churned,1
M01658,2024-09-24,Male,26,Pune,Finance,General Fitness,Walk-in,Churned,2
M01659,2025-08-12,Male,39,Pune,IT Professional,General Fitness,Walk-in,Churned,1
M01660,2024-11-24,Male,29,Pune,Other,General Fitness,Google,Churned,1
M01661,2025-08-24,Male,35,Kolhapur,Government,Weight Loss,Instagram,Active,2
M01662,2024-01-08,Male,18,Pune,Finance,General Fitness,Referral,Churned,1
M01663,2024-01-23,Female,18,Pune,IT Professional,Strength,Instagram,Churned,1
M01664,2025-05-22,Male,39,Pune,Business Owner,Weight Loss,Referral,Churned,1
M01665,2024-08-16,Male,30,Pune,Sales/Marketing,Bodybuilding,Referral,Churned,1
M01666,2024-11-27,Female,30,Pune,Sales/Marketing,Strength,,Churned,1
M01667,2024-09-30,Female,21,Mumbai,Healthcare,Bodybuilding,Walk-in,Active,2
M01668,2024-09-17,Male,30,Nagpur,Business Owner,Strength,Walk-in,Churned,1
M01669,2025-08-22,Male,21,Pune,Finance,Muscle Gain,Referral,Active,1
M01670,2024-03-01,Male,37,Pune,Business Owner,General Fitness,Website,Churned,1
M01671,2025-05-07,Female,48,Pune,IT Professional,Weight Loss,Google,Churned,1
M01672,2025-07-21,Male,32,Pune,Student,General Fitness,Google,Active,1
M01673,2025-02-23,Male,25,Mumbai,Student,Weight Loss,Instagram,Active,2
M01674,2024-09-09,Male,18,Mumbai,Government,Strength,Referral,Churned,1
M01675,2024-04-12,Male,18,Mumbai,Student,Weight Loss,Instagram,Active,4
M01676,2025-03-11,Male,40,Pune,Student,Weight Loss,Facebook,Churned,1
M01677,2024-10-26,Female,22,Mumbai,Other,Weight Loss,Google,Churned,3
M01678,2024-04-05,Male,26,Pune,Finance,General Fitness,Referral,Churned,2
M01679,2024-08-17,Male,34,Pune,Student,Weight Loss,Referral,Churned,1
M01680,2025-09-05,Other,39,Kolhapur,IT Professional,Weight Loss,Google,Active,1
M01681,2024-06-18,Male,28,Nashik,Government,Weight Loss,Walk-in,Churned,1
M01682,2024-04-23,Male,26,Kolhapur,IT Professional,Muscle Gain,Walk-in,Active,3
M01683,2025-03-11,Male,30,Nagpur,Business Owner,Bodybuilding,Walk-in,Active,2
M01684,2024-05-07,Male,25,Mumbai,Business Owner,Muscle Gain,Referral,Churned,1
M01685,2025-08-09,Male,25,Kolhapur,IT Professional,Weight Loss,Referral,Active,1
M01686,2025-09-19,Female,32,Pune,Government,Weight Loss,Referral,Active,1
M01687,2025-08-05,Male,30,Pune,Student,Weight Loss,Walk-in,Churned,1
M01688,2024-06-04,Male,44,Pune,Business Owner,Muscle Gain,Google,Churned,2
M01689,2024-05-15,Male,32,Pune,IT Professional,Weight Loss,Referral,Churned,2
M01690,2024-08-06,Female,37,Pune,Student,Weight Loss,Instagram,Churned,1
M01691,2024-10-26,Male,22,Pune,IT Professional,Weight Loss,Walk-in,Churned,1
M01692,2025-07-15,Female,33,Mumbai,Sales/Marketing,Muscle Gain,Instagram,Active,2
M01693,2025-04-12,Male,24,Nashik,IT Professional,General Fitness,Website,Churned,1
M01694,2025-02-15,Male,32,Mumbai,IT Professional,Weight Loss,Instagram,Active,2
M01695,2025-02-16,Male,34,Pune,Student,General Fitness,Google,Churned,1
M01696,2024-08-29,Male,29,Nashik,Government,General Fitness,Instagram,Active,5
M01697,2024-09-20,Male,46,Pune,Business Owner,Strength,Google,Churned,2
M01698,2024-11-25,Female,39,Pune,Other,Weight Loss,Google,Churned,1
M01699,2024-02-26,Male,37,Pune,Finance,General Fitness,Walk-in,Churned,1
M01700,2025-04-18,Male,34,Pune,Business Owner,Strength,Instagram,Churned,1
M01701,2025-02-20,Male,41,Pune,Finance,Bodybuilding,Google,Churned,1
M01702,2025-04-11,Male,19,Nashik,Student,Strength,Instagram,Churned,1
M01703,2024-12-06,Male,39,Nashik,Other,Weight Loss,Google,Churned,1
M01704,2025-05-14,Male,22,Mumbai,Other,Bodybuilding,Website,Churned,2
M01705,2025-08-28,Male,25,Pune,IT Professional,Strength,Google,Active,1
M01706,2024-12-29,Male,33,Nashik,Finance,Weight Loss,Walk-in,Churned,2
M01707,2024-10-10,Male,38,Mumbai,IT Professional,Weight Loss,Referral,Active,4
M01708,2024-03-07,Male,21,Pune,Healthcare,Bodybuilding,Referral,Active,6
M01709,2025-05-11,Male,25,Mumbai,Government,Weight Loss,Facebook,Active,3
M01710,2025-07-30,Male,30,Pune,Other,General Fitness,Instagram,Active,1
M01711,2025-03-22,Female,28,Pune,IT Professional,Muscle Gain,Facebook,Active,2
M01712,2025-07-06,Male,35,Pune,Finance,General Fitness,Referral,Active,2
M01713,2025-07-03,Female,53,Pune,Government,Weight Loss,Google,Churned,2
M01714,2025-05-24,Male,32,Pune,IT Professional,General Fitness,Website,Active,2
M01715,2024-11-16,Male,24,Pune,Finance,Muscle Gain,Google,Churned,1
M01716,2024-03-04,Male,20,Pune,Finance,Strength,Website,Churned,1
M01717,2024-01-03,Male,27,Kolhapur,Government,Weight Loss,Website,Churned,3
M01718,2024-05-10,Male,22,Pune,Other,Weight Loss,Google,Churned,3
M01719,2024-10-01,Female,32,Pune,Student,Weight Loss,Google,Churned,3
M01720,2025-04-19,Male,32,Pune,IT Professional,Weight Loss,Facebook,Churned,2
M01721,2024-10-17,Male,26,Nagpur,IT Professional,Bodybuilding,Instagram,Churned,3
M01722,2024-01-15,Male,43,Mumbai,IT Professional,Weight Loss,Walk-in,Churned,1
M01723,2024-05-14,Male,24,Nagpur,Business Owner,Weight Loss,Instagram,Churned,2
M01724,2025-09-16,Female,28,Pune,Sales/Marketing,Strength,Instagram,Active,1
M01725,2025-09-22,Male,33,Pune,Business Owner,Weight Loss,Referral,Active,1
M01726,2024-08-28,Male,35,Mumbai,Finance,Weight Loss,Walk-in,Churned,3
M01727,2025-05-28,Female,38,Pune,IT Professional,General Fitness,Walk-in,Active,3
M01728,2025-04-03,Female,32,Nashik,IT Professional,Muscle Gain,Referral,Churned,1
M01729,2025-08-17,Male,36,Nagpur,Sales/Marketing,Strength,Google,Churned,1
M01730,2025-07-20,Male,24,Pune,Finance,General Fitness,Google,Active,2
M01731,2025-02-05,Female,35,Kolhapur,IT Professional,Weight Loss,Google,Active,1
M01732,2024-09-08,Male,35,Mumbai,Other,General Fitness,Google,Churned,1
M01733,2025-02-03,Male,40,Pune,Business Owner,Strength,Google,Active,1
M01734,2024-07-22,Male,18,Pune,IT Professional,Muscle Gain,Referral,Active,6
M01735,2024-08-10,Female,23,Pune,Business Owner,General Fitness,Instagram,Active,5
M01736,2025-01-23,Female,35,Nashik,Finance,Muscle Gain,Instagram,Churned,1
M01737,2024-12-30,Male,18,Pune,IT Professional,Muscle Gain,Walk-in,Churned,2
M01738,2025-01-05,Male,32,Pune,Sales/Marketing,General Fitness,Instagram,Churned,1
M01739,2024-09-02,Male,36,Mumbai,Business Owner,Weight Loss,Website,Churned,1
M01740,2024-09-18,Male,25,Pune,Business Owner,Muscle Gain,Google,Churned,1
M01741,2024-01-07,Female,26,Pune,,Weight Loss,Instagram,Active,5
M01742,2025-01-18,Male,21,Mumbai,,General Fitness,Website,Churned,2
M01743,2025-01-02,Male,25,Pune,IT Professional,General Fitness,Referral,Active,2
M01744,2025-08-19,Female,26,Pune,Student,Muscle Gain,Facebook,Active,3
M01745,2024-11-17,Male,24,Pune,IT Professional,Weight Loss,Referral,Churned,1
M01746,2024-10-25,Female,24,Pune,IT Professional,Bodybuilding,Google,Active,4
M01747,2024-02-13,Male,27,Pune,IT Professional,Muscle Gain,Walk-in,Churned,1
M01748,2024-05-05,Female,27,Nashik,Healthcare,Weight Loss,Google,Churned,2
M01749,2024-08-03,Male,42,Kolhapur,IT Professional,Weight Loss,Referral,Churned,1
M01750,2024-08-28,Male,26,Pune,IT Professional,General Fitness,Google,Churned,1
M01751,2024-08-19,Male,31,Kolhapur,Healthcare,Weight Loss,Google,Active,2
M01752,2024-09-08,Male,25,Mumbai,IT Professional,Strength,Instagram,Churned,1
M01753,2025-05-05,Male,25,Mumbai,,General Fitness,Walk-in,Churned,1
M01754,2024-03-24,Male,18,Mumbai,Finance,Weight Loss,Google,Churned,3
M01755,2024-07-30,Male,18,Mumbai,IT Professional,Muscle Gain,Website,Churned,3
M01756,2024-04-13,Female,21,Nashik,Student,Weight Loss,Google,Churned,1
M01757,2024-07-15,Male,30,Pune,Business Owner,Weight Loss,Referral,Churned,1
M01758,2025-03-12,Male,37,Pune,Student,General Fitness,Google,Active,4
M01759,2024-01-30,Female,18,Pune,Business Owner,Weight Loss,Walk-in,Churned,2
M01760,2024-08-04,Male,25,Pune,Government,Strength,Facebook,Churned,2
M01761,2024-01-16,Female,19,Mumbai,Finance,General Fitness,Referral,Active,4
M01762,2025-09-01,Male,27,Pune,Business Owner,Weight Loss,Google,Active,2
M01763,2025-04-08,Male,37,Pune,Other,Bodybuilding,Walk-in,Churned,1
M01764,2024-06-04,Male,26,Pune,Student,Muscle Gain,Instagram,Active,4
M01765,2024-05-06,Female,29,Pune,Sales/Marketing,Weight Loss,Referral,Churned,2
M01766,2024-03-04,Male,39,Mumbai,Sales/Marketing,Muscle Gain,Walk-in,Churned,1
M01767,2024-10-28,Male,32,Mumbai,IT Professional,Bodybuilding,Google,Churned,1
M01768,2025-04-25,Female,24,Pune,IT Professional,Muscle Gain,Walk-in,Active,5
M01769,2025-01-07,Male,30,Pune,IT Professional,Muscle Gain,Walk-in,Churned,1
M01770,2025-07-16,Female,23,Pune,Other,Muscle Gain,Instagram,Churned,1
M01771,2024-08-07,Female,32,Pune,IT Professional,Weight Loss,Google,Active,2
M01772,2024-06-26,Female,33,Mumbai,Sales/Marketing,Weight Loss,Google,Churned,3
M01773,2024-10-31,Female,19,Mumbai,Business Owner,General Fitness,Walk-in,Churned,1
M01774,2024-05-08,Other,30,Pune,,Strength,Referral,Churned,1
M01775,2025-09-14,Male,28,Pune,Healthcare,General Fitness,Referral,Active,1
M01776,2024-04-28,Female,33,Kolhapur,IT Professional,Weight Loss,Google,Churned,4
M01777,2024-11-01,Female,35,Nashik,IT Professional,Muscle Gain,Instagram,Churned,3
M01778,2024-11-29,Male,32,Pune,Other,Weight Loss,Instagram,Churned,2
M01779,2024-02-06,Male,27,Pune,IT Professional,Muscle Gain,Google,Churned,2
M01780,2024-10-25,Female,36,Pune,Other,General Fitness,Instagram,Churned,1
M01781,2024-10-17,Male,23,Kolhapur,Other,Muscle Gain,Instagram,Churned,1
M01782,2024-06-14,Male,20,Pune,Student,Strength,Referral,Churned,1
M01783,2024-03-22,Male,18,Pune,Business Owner,Muscle Gain,Referral,Active,4
M01784,2024-01-29,Male,29,Kolhapur,IT Professional,General Fitness,Instagram,Churned,1
M01785,2024-01-06,Female,23,Mumbai,Finance,Strength,Referral,Churned,1
M01786,2024-11-03,Male,32,Pune,Other,General Fitness,Instagram,Churned,3
M01787,2024-02-27,Female,18,Pune,Sales/Marketing,Strength,Google,Churned,1
M01788,2025-09-04,Female,24,Pune,Other,Strength,Website,Active,2
M01789,2024-06-05,Male,32,Mumbai,,Muscle Gain,Referral,Churned,1
M01790,2025-02-20,Female,22,Pune,Healthcare,Muscle Gain,Instagram,Churned,1
M01791,2025-03-05,Male,32,Kolhapur,IT Professional,Muscle Gain,Google,Active,2
M01792,2024-11-12,Female,25,Kolhapur,Sales/Marketing,Strength,Walk-in,Active,1
M01793,2025-07-17,Female,29,Pune,IT Professional,Weight Loss,Instagram,Churned,1
M01794,2024-03-11,Male,33,Mumbai,IT Professional,Bodybuilding,Website,Churned,2
M01795,2024-05-29,Female,36,Pune,Student,Muscle Gain,Referral,Churned,1
M01796,2024-06-10,Male,30,Pune,IT Professional,General Fitness,Instagram,Active,3
M01797,2024-03-27,Male,23,Nashik,IT Professional,Muscle Gain,Referral,Churned,3
M01798,2024-07-07,Female,26,Pune,Student,Bodybuilding,Walk-in,Churned,1
M01799,2024-07-18,Male,33,Pune,Sales/Marketing,Weight Loss,Referral,Active,3
M01800,2025-05-02,Male,22,Pune,Government,Muscle Gain,Website,Churned,2
M01801,2024-07-11,Male,28,Pune,IT Professional,Strength,Website,Churned,3
M01802,2025-07-13,Male,26,Pune,Sales/Marketing,Weight Loss,Instagram,Active,1
M01803,2025-05-07,Female,28,Mumbai,IT Professional,Weight Loss,Instagram,Churned,2
M01804,2025-07-29,Male,22,Nashik,Government,Strength,Google,Churned,2
M01805,2024-03-08,Male,18,Mumbai,IT Professional,Strength,Referral,Churned,2
M01806,2025-09-20,Male,33,Nagpur,Healthcare,Weight Loss,Referral,Active,1
M01807,2025-09-18,Female,36,Pune,IT Professional,General Fitness,Google,Active,1
M01808,2024-08-14,Male,18,Nagpur,IT Professional,Weight Loss,Website,Active,4
M01809,2025-08-31,Male,32,Pune,Healthcare,Weight Loss,Google,Active,2
M01810,2025-01-10,Male,37,Pune,Government,General Fitness,Facebook,Active,3
M01811,2024-02-15,Male,33,Kolhapur,Government,Weight Loss,Facebook,Churned,1
M01812,2024-09-18,Female,26,Pune,IT Professional,Muscle Gain,Instagram,Churned,2
M01813,2024-03-28,Male,22,Pune,Business Owner,Weight Loss,Instagram,Churned,1
M01814,2025-08-23,Male,30,Pune,Government,Strength,Instagram,Churned,1
M01815,2024-07-13,Female,31,Pune,Student,Muscle Gain,Website,Churned,2
M01816,2024-05-21,Male,30,Pune,Student,Weight Loss,Google,Active,3
M01817,2024-12-18,Male,28,Pune,IT Professional,Bodybuilding,Facebook,Churned,1
M01818,2024-09-28,Male,21,Nagpur,IT Professional,Strength,Referral,Active,2
M01819,2024-03-02,Male,32,Pune,IT Professional,Weight Loss,Referral,Churned,2
M01820,2025-06-04,Female,32,Pune,Student,Bodybuilding,Website,Active,2
M01821,2025-06-23,Female,30,Pune,Healthcare,Weight Loss,Referral,Churned,1
M01822,2025-04-19,Female,30,Nagpur,Finance,Muscle Gain,Walk-in,Churned,2
M01823,2025-01-28,Female,41,Pune,Sales/Marketing,Muscle Gain,Referral,Churned,3
M01824,2024-09-13,Male,25,Pune,Finance,Weight Loss,Instagram,Churned,1
M01825,2024-12-12,Male,38,Pune,IT Professional,General Fitness,Instagram,Churned,2
M01826,2024-11-28,Male,24,Mumbai,Other,Muscle Gain,Instagram,Churned,2
M01827,2024-04-15,Female,37,Nashik,Government,Strength,Walk-in,Churned,2
M01828,2024-02-22,Female,38,Mumbai,Business Owner,Weight Loss,Google,Churned,1
M01829,2024-06-10,Male,27,Nashik,IT Professional,Weight Loss,Referral,Churned,1
M01830,2024-10-16,Female,41,Pune,Finance,Muscle Gain,Instagram,Churned,1
M01831,2024-04-12,Female,32,Pune,Healthcare,Weight Loss,Walk-in,Churned,2
M01832,2024-03-09,Female,23,Pune,Finance,Bodybuilding,Facebook,Churned,2
M01833,2025-06-27,Female,26,Pune,Sales/Marketing,General Fitness,Walk-in,Churned,1
M01834,2024-08-27,Male,37,Pune,Other,General Fitness,Website,Active,2
M01835,2025-01-07,Male,35,Pune,Other,General Fitness,Instagram,Active,5
M01836,2024-11-30,Male,22,Pune,Finance,Weight Loss,Instagram,Churned,2
M01837,2025-04-14,Male,28,Mumbai,Other,Weight Loss,Referral,Active,2
M01838,2025-04-17,Female,30,Pune,Other,Muscle Gain,Google,Active,2
M01839,2024-07-07,Male,25,Mumbai,Student,Strength,Walk-in,Churned,2
M01840,2025-06-24,Male,46,Mumbai,Finance,Muscle Gain,Walk-in,Active,1
M01841,2024-08-24,Male,31,Pune,IT Professional,Weight Loss,Instagram,Active,3
M01842,2025-06-16,Male,29,Pune,IT Professional,General Fitness,Website,Churned,2
M01843,2024-09-15,Male,37,Mumbai,IT Professional,Weight Loss,Instagram,Churned,3
M01844,2024-03-11,Male,26,Mumbai,,Muscle Gain,Walk-in,Churned,2
M01845,2025-04-29,Female,36,Pune,Student,Weight Loss,Google,Active,4
M01846,2024-01-20,Male,18,Pune,IT Professional,Muscle Gain,Walk-in,Churned,2
M01847,2025-05-07,Male,26,Mumbai,Student,Muscle Gain,Instagram,Active,2
M01848,2024-01-28,Male,36,Mumbai,Finance,Strength,Website,Churned,2
M01849,2024-05-11,Male,40,Pune,,General Fitness,Website,Churned,1
M01850,2025-01-19,Female,24,Pune,Other,Weight Loss,Referral,Churned,2
M01851,2025-08-23,Female,23,Nagpur,Business Owner,General Fitness,Referral,Active,1
M01852,2024-09-17,Male,33,Pune,IT Professional,General Fitness,Walk-in,Churned,3
M01853,2024-03-17,Female,25,Nagpur,Sales/Marketing,General Fitness,Referral,Churned,2
M01854,2024-05-28,Female,27,Pune,Student,Bodybuilding,,Churned,1
M01855,2025-07-25,Male,35,Pune,Other,Strength,Referral,Active,2
M01856,2025-04-08,Male,25,Pune,Government,Weight Loss,Facebook,Churned,1
M01857,2024-03-05,Male,18,Pune,Business Owner,Muscle Gain,Referral,Churned,3
M01858,2024-09-02,Female,20,Nagpur,Student,Muscle Gain,Instagram,Active,2
M01859,2024-06-17,Male,29,Pune,Student,Muscle Gain,Website,Churned,5
M01860,2024-04-23,Male,18,Kolhapur,Healthcare,Bodybuilding,Instagram,Churned,1
M01861,2025-06-24,Female,27,Pune,IT Professional,General Fitness,Instagram,Active,2
M01862,2025-01-29,Female,19,Nagpur,Sales/Marketing,Muscle Gain,Website,Active,1
M01863,2024-04-24,Male,40,Kolhapur,Finance,Bodybuilding,Instagram,Churned,1
M01864,2025-02-19,Female,44,Mumbai,IT Professional,General Fitness,Instagram,Churned,1
M01865,2024-09-20,Male,22,Pune,IT Professional,Weight Loss,Referral,Churned,1
M01866,2024-02-09,Female,31,Mumbai,Business Owner,Strength,Facebook,Churned,2
M01867,2024-10-14,Male,22,Pune,IT Professional,Muscle Gain,Instagram,Churned,1
M01868,2024-04-28,Male,27,Kolhapur,Finance,Muscle Gain,Referral,Churned,1
M01869,2024-06-05,Female,42,Pune,Healthcare,Muscle Gain,Instagram,Churned,2
M01870,2025-07-14,Male,26,Pune,Sales/Marketing,Bodybuilding,Referral,Churned,1
M01871,2025-03-29,Male,27,Pune,Business Owner,Weight Loss,Google,Churned,2
M01872,2024-03-26,Male,22,Mumbai,IT Professional,Muscle Gain,Instagram,Churned,2
M01873,2025-06-27,Male,37,Kolhapur,Sales/Marketing,General Fitness,Website,Active,1
M01874,2025-01-01,Male,18,Pune,Finance,Strength,Walk-in,Churned,2
M01875,2025-07-11,Male,26,Nashik,Finance,Weight Loss,Facebook,Active,3
M01876,2025-04-21,Female,29,Kolhapur,Business Owner,Weight Loss,Website,Active,2
M01877,2024-08-04,Female,24,Pune,Sales/Marketing,Bodybuilding,Website,Churned,1
M01878,2024-12-07,Male,35,Pune,IT Professional,General Fitness,Walk-in,Active,4
M01879,2024-12-04,Male,37,Mumbai,IT Professional,Muscle Gain,Google,Churned,2
M01880,2025-04-04,Female,19,Mumbai,Sales/Marketing,Muscle Gain,Facebook,Active,2
M01881,2024-06-07,Male,44,Pune,Student,Muscle Gain,Referral,Churned,2
M01882,2024-07-31,Male,19,Nagpur,Sales/Marketing,General Fitness,Google,Churned,1
M01883,2024-06-05,Male,38,Pune,IT Professional,Muscle Gain,Google,Churned,1
M01884,2024-07-07,Male,30,Nagpur,Student,General Fitness,Google,Churned,3
M01885,2024-04-12,Male,25,Nagpur,Student,Weight Loss,Referral,Churned,1
M01886,2024-01-24,Female,26,Nashik,Sales/Marketing,Strength,Walk-in,Churned,1
M01887,2025-08-22,Female,29,Pune,Government,Weight Loss,Referral,Active,1
M01888,2024-02-17,Male,30,Pune,IT Professional,Strength,Google,Churned,1
M01889,2025-07-20,Male,23,Pune,Student,Weight Loss,Instagram,Active,1
M01890,2024-01-02,Male,27,Pune,IT Professional,Weight Loss,Facebook,Churned,2
M01891,2025-05-10,Male,24,Mumbai,IT Professional,Weight Loss,Google,Churned,1
M01892,2024-07-28,Female,20,Pune,Government,Weight Loss,Referral,Churned,2
M01893,2024-11-26,Male,23,Pune,IT Professional,Muscle Gain,Walk-in,Active,2
M01894,2024-06-29,Female,21,Pune,IT Professional,General Fitness,Facebook,Active,3
M01895,2024-11-09,Male,26,Pune,Student,Strength,Referral,Churned,1
M01896,2024-10-15,Male,32,Pune,Healthcare,Muscle Gain,Walk-in,Churned,3
M01897,2024-12-03,Male,30,Mumbai,Finance,Muscle Gain,Instagram,Active,3
M01898,2024-09-07,Male,43,Nashik,Finance,Muscle Gain,Website,Churned,1
M01899,2024-12-08,Female,18,Pune,Healthcare,Strength,Referral,Churned,3
M01900,2025-06-10,Female,32,Nagpur,Other,Weight Loss,Walk-in,Churned,2
M01901,2024-10-04,Male,29,Nagpur,Business Owner,Muscle Gain,Instagram,Churned,4
M01902,2024-08-18,Male,35,Pune,Sales/Marketing,Weight Loss,Walk-in,Churned,4
M01903,2024-03-25,Male,34,Mumbai,Finance,Weight Loss,Google,Churned,4
M01904,2024-08-17,Female,28,Pune,Student,General Fitness,,Active,4
M01905,2024-03-21,Male,30,Pune,Sales/Marketing,Weight Loss,Walk-in,Churned,2
M01906,2024-04-26,Male,24,Pune,Healthcare,Weight Loss,Walk-in,Churned,2
M01907,2025-08-30,Male,33,Pune,Finance,Strength,Google,Active,2
M01908,2024-02-27,Male,18,Nagpur,IT Professional,Weight Loss,Facebook,Churned,2
M01909,2024-11-03,Male,34,Kolhapur,IT Professional,General Fitness,Instagram,Active,2
M01910,2025-06-16,Male,29,Nagpur,Sales/Marketing,Muscle Gain,Referral,Churned,1
M01911,2025-08-31,Male,26,Mumbai,IT Professional,Strength,Instagram,Active,1
M01912,2024-04-03,Male,27,Mumbai,Student,General Fitness,Google,Churned,1
M01913,2024-04-14,Male,28,Kolhapur,IT Professional,Weight Loss,Website,Churned,3
M01914,2024-08-25,Female,38,Pune,Business Owner,Strength,Instagram,Active,2
M01915,2024-12-19,Male,52,Pune,Sales/Marketing,Muscle Gain,Website,Active,2
M01916,2025-09-04,Male,38,Mumbai,Finance,Muscle Gain,Google,Active,1
M01917,2024-05-12,Male,25,Pune,Other,General Fitness,Walk-in,Churned,2
M01918,2024-04-14,Male,33,Pune,Business Owner,General Fitness,Instagram,Churned,3
M01919,2024-06-10,Female,34,Pune,IT Professional,Muscle Gain,Walk-in,Churned,1
M01920,2025-07-11,Male,23,Mumbai,IT Professional,Muscle Gain,Website,Churned,1
M01921,2024-01-20,Male,20,Pune,IT Professional,Weight Loss,Referral,Churned,4
M01922,2024-03-16,Female,29,Pune,Government,General Fitness,Google,Churned,3
M01923,2024-04-10,Female,35,Pune,,Bodybuilding,Walk-in,Churned,3
M01924,2025-08-07,Female,18,Pune,IT Professional,Muscle Gain,Walk-in,Active,1
M01925,2024-01-02,Male,24,Nagpur,Sales/Marketing,Bodybuilding,Instagram,Churned,2
M01926,2024-07-24,Male,33,Pune,Healthcare,Weight Loss,Walk-in,Churned,3
M01927,2025-08-07,Female,29,Mumbai,Student,General Fitness,Walk-in,Active,3
M01928,2025-01-22,Male,39,Nashik,Finance,Bodybuilding,Walk-in,Churned,1
M01929,2024-02-15,Female,19,Pune,Business Owner,General Fitness,Google,Churned,1
M01930,2024-10-23,Female,45,Nagpur,Sales/Marketing,Weight Loss,Google,Active,2
M01931,2025-09-11,Male,18,Mumbai,Finance,Muscle Gain,Website,Active,1
M01932,2024-09-12,Male,18,Mumbai,Student,Weight Loss,Referral,Churned,2
M01933,2024-12-03,Male,29,Pune,IT Professional,General Fitness,Referral,Active,2
M01934,2024-12-05,Male,21,Pune,IT Professional,Bodybuilding,Website,Churned,3
M01935,2025-02-25,Male,29,Kolhapur,Finance,Muscle Gain,Instagram,Churned,1
M01936,2024-04-29,Female,28,Nashik,Business Owner,Weight Loss,Google,Churned,2
M01937,2025-06-19,Male,28,Kolhapur,Government,Weight Loss,Walk-in,Active,2
M01938,2025-09-22,Female,23,Nagpur,Business Owner,General Fitness,Walk-in,Active,1
M01939,2024-03-31,Male,32,Pune,IT Professional,Muscle Gain,Website,Churned,2
M01940,2025-06-06,Female,27,Nashik,Student,Weight Loss,Walk-in,Active,2
M01941,2025-06-05,Male,37,Pune,IT Professional,General Fitness,Google,Churned,1
M01942,2025-04-18,Female,28,Nashik,IT Professional,Weight Loss,Google,Churned,1
M01943,2024-08-24,Female,22,Pune,Healthcare,General Fitness,Instagram,Churned,1
M01944,2024-10-26,Male,18,Pune,Other,Muscle Gain,Website,Churned,4
M01945,2025-06-19,Male,28,Nashik,IT Professional,Weight Loss,Instagram,Active,1
M01946,2024-04-07,Female,20,Nashik,Finance,General Fitness,Referral,Churned,1
M01947,2025-08-10,Male,20,Mumbai,IT Professional,General Fitness,Google,Active,1
M01948,2025-03-11,Female,33,Pune,Government,Muscle Gain,Instagram,Churned,2
M01949,2024-08-05,Female,18,Pune,Student,General Fitness,Google,Churned,3
M01950,2024-12-22,Female,39,Kolhapur,Finance,Muscle Gain,Walk-in,Churned,1
M01951,2024-02-01,Male,30,Pune,IT Professional,Weight Loss,Instagram,Churned,1
M01952,2025-08-17,Male,29,Pune,IT Professional,Bodybuilding,Website,Active,1
M01953,2024-08-06,Other,22,Mumbai,Healthcare,Bodybuilding,Website,Active,3
M01954,2024-02-06,Male,34,Pune,IT Professional,Weight Loss,Instagram,Churned,1
M01955,2025-05-21,Male,29,Mumbai,Business Owner,Bodybuilding,Facebook,Active,3
M01956,2025-02-23,Male,24,Pune,IT Professional,General Fitness,Google,Active,2
M01957,2025-02-01,Female,30,Nagpur,Other,Weight Loss,Instagram,Churned,1
M01958,2024-02-04,Male,18,Nagpur,IT Professional,Muscle Gain,Google,Churned,3
M01959,2025-04-24,Male,18,Kolhapur,Healthcare,Weight Loss,Facebook,Churned,2
M01960,2025-02-10,Male,21,Mumbai,Sales/Marketing,General Fitness,Walk-in,Churned,1
M01961,2025-05-21,Female,31,Pune,Finance,Bodybuilding,Instagram,Active,4
M01962,2025-06-11,Male,29,Mumbai,IT Professional,Muscle Gain,Walk-in,Active,1
M01963,2024-05-15,Female,36,Nagpur,Healthcare,Muscle Gain,Walk-in,Churned,3
M01964,2024-05-14,Female,23,Mumbai,Student,Weight Loss,Walk-in,Churned,2
M01965,2025-08-12,Female,33,Mumbai,Healthcare,Muscle Gain,Referral,Churned,1
M01966,2024-12-04,Female,28,Nashik,IT Professional,Strength,Facebook,Active,2
M01967,2024-10-06,Male,22,Mumbai,Government,Weight Loss,Walk-in,Churned,2
M01968,2024-07-02,Male,32,Nashik,Sales/Marketing,Muscle Gain,Instagram,Churned,4
M01969,2025-02-11,Male,29,Pune,IT Professional,Muscle Gain,Facebook,Churned,3
M01970,2025-04-26,Other,25,Pune,Student,General Fitness,Google,Active,6
M01971,2024-01-02,Male,29,Mumbai,IT Professional,General Fitness,Walk-in,Active,5
M01972,2024-12-18,Male,28,Pune,Business Owner,General Fitness,Walk-in,Churned,1
M01973,2025-09-25,Female,28,Nagpur,IT Professional,Muscle Gain,Google,Active,1
M01974,2024-06-28,Male,26,Mumbai,Finance,General Fitness,Instagram,Churned,1
M01975,2024-06-28,Female,20,Pune,Business Owner,General Fitness,Walk-in,Churned,4
M01976,2025-07-14,Male,30,Nashik,Other,General Fitness,Facebook,Churned,1
M01977,2024-02-09,Male,23,Mumbai,IT Professional,General Fitness,Facebook,Churned,3
M01978,2024-09-10,Male,22,Nashik,Student,Strength,Walk-in,Churned,1
M01979,2024-10-19,Male,27,Pune,IT Professional,Weight Loss,Instagram,Churned,1
M01980,2025-05-24,Male,34,Nagpur,Healthcare,Weight Loss,Google,Active,1
M01981,2024-03-23,Female,30,Pune,IT Professional,Bodybuilding,Walk-in,Churned,3
M01982,2024-10-03,Male,25,Mumbai,IT Professional,Weight Loss,Google,Churned,1
M01983,2024-04-07,Male,25,Pune,IT Professional,Strength,Walk-in,Churned,4
M01984,2025-05-17,Female,33,Mumbai,Government,General Fitness,Google,Churned,1
M01985,2025-02-07,Female,18,Mumbai,Other,Strength,Instagram,Churned,2
M01986,2024-09-07,Male,35,Mumbai,IT Professional,Muscle Gain,Referral,Churned,1
M01987,2024-04-07,Female,18,Pune,IT Professional,Strength,Referral,Active,5
M01988,2025-08-11,Male,19,Nashik,IT Professional,General Fitness,Walk-in,Churned,1
M01989,2025-02-17,Male,25,Mumbai,IT Professional,Muscle Gain,Google,Churned,1
M01990,2024-07-22,Male,44,Pune,Other,Muscle Gain,Facebook,Churned,1
M01991,2024-09-21,Female,41,Kolhapur,Business Owner,Weight Loss,Referral,Churned,1
M01992,2025-04-08,Male,34,Mumbai,Finance,Weight Loss,Walk-in,Active,2
M01993,2025-04-04,Male,31,Kolhapur,Other,Bodybuilding,Referral,Active,2
M01994,2024-10-21,Female,18,Kolhapur,Finance,Weight Loss,Google,Churned,3
M01995,2024-07-12,Male,30,Nagpur,IT Professional,General Fitness,Walk-in,Active,2
M01996,2025-02-25,Male,25,Nashik,Healthcare,Muscle Gain,Referral,Churned,1
M01997,2025-02-23,Female,23,Mumbai,IT Professional,Muscle Gain,Referral,Churned,2
M01998,2025-01-17,Male,30,Pune,IT Professional,Bodybuilding,Walk-in,Churned,1
M01999,2024-02-16,Male,26,Pune,Other,Weight Loss,,Churned,1
M02000,2024-10-28,Male,35,Nashik,IT Professional,General Fitness,Website,Active,2
M02001,2025-01-26,Female,18,Pune,Business Owner,Muscle Gain,Google,Churned,2
M02002,2025-08-29,Male,30,Nagpur,IT Professional,Weight Loss,Instagram,Active,3
M02003,2024-12-01,Male,23,Pune,IT Professional,Weight Loss,Walk-in,Active,1
M02004,2024-08-06,Male,26,Pune,Healthcare,General Fitness,Instagram,Churned,1
M02005,2024-12-20,Male,31,Pune,Government,Weight Loss,Website,Active,2
M02006,2024-04-23,Other,21,Pune,Finance,Strength,Referral,Churned,2
M02007,2024-02-27,Male,30,Pune,IT Professional,General Fitness,Google,Churned,2
M02008,2025-03-08,Male,28,Pune,Student,Weight Loss,Instagram,Active,3
M02009,2025-09-21,Male,24,Nagpur,Business Owner,Weight Loss,Instagram,Active,1
M02010,2025-06-23,Male,26,Pune,Business Owner,Weight Loss,Instagram,Churned,1
M02011,2025-01-07,Male,28,Pune,Government,General Fitness,Instagram,Active,3
M02012,2024-01-26,Other,24,Pune,Finance,Muscle Gain,Google,Churned,1
M02013,2025-09-22,Female,29,Pune,Sales/Marketing,Weight Loss,Google,Active,2
M02014,2024-10-13,Male,27,Pune,Sales/Marketing,Muscle Gain,Referral,Churned,4
M02015,2024-07-03,Male,25,Mumbai,IT Professional,Muscle Gain,Instagram,Churned,2
M02016,2025-07-23,Male,40,Nashik,Finance,General Fitness,Instagram,Active,2
M02017,2025-04-21,Male,32,Pune,Government,Weight Loss,Instagram,Active,2
M02018,2025-04-23,Male,26,Mumbai,Other,Weight Loss,Instagram,Active,2
M02019,2024-06-26,Male,30,Pune,IT Professional,Muscle Gain,Google,Churned,2
M02020,2025-09-24,Female,22,Pune,Finance,General Fitness,Instagram,Active,1
M02021,2024-10-15,Female,26,Nagpur,IT Professional,General Fitness,Google,Active,2
M02022,2024-12-05,Male,27,Pune,Government,Weight Loss,Website,Active,2
M02023,2025-04-24,Female,20,Nagpur,Other,Weight Loss,Google,Active,2
M02024,2025-02-25,Male,32,Pune,Other,General Fitness,Instagram,Active,2
M02025,2024-04-19,Male,25,Pune,IT Professional,Weight Loss,Walk-in,Churned,3
M02026,2024-07-11,Female,27,Pune,IT Professional,Muscle Gain,Referral,Churned,1
M02027,2024-08-18,Male,25,Pune,Government,Muscle Gain,Instagram,Churned,1
M02028,2025-08-27,Male,50,Kolhapur,Finance,Weight Loss,Walk-in,Active,1
M02029,2025-03-31,Female,24,Pune,Other,Muscle Gain,Walk-in,Active,1
M02030,2024-08-21,Male,18,Nagpur,IT Professional,Weight Loss,Website,Churned,1
M02031,2025-04-13,Female,18,Nagpur,Sales/Marketing,Muscle Gain,Website,Churned,1
M02032,2025-04-16,Male,34,Mumbai,Finance,Weight Loss,Referral,Active,3
M02033,2024-09-08,Female,38,Pune,IT Professional,Muscle Gain,Walk-in,Churned,1
M02034,2024-09-14,Male,24,Pune,Student,Muscle Gain,Google,Churned,2
M02035,2025-07-24,Male,38,Pune,Finance,Weight Loss,Website,Active,2
M02036,2024-12-24,Male,34,Nashik,IT Professional,General Fitness,Referral,Churned,1
M02037,2024-04-05,Female,28,Pune,Sales/Marketing,General Fitness,Google,Churned,1
M02038,2025-04-04,Male,27,Kolhapur,Healthcare,Bodybuilding,Instagram,Churned,1
M02039,2025-01-11,Female,30,Mumbai,Business Owner,Weight Loss,Referral,Churned,1
M02040,2024-11-20,Male,35,Pune,IT Professional,Weight Loss,Referral,Churned,2
M02041,2025-04-07,Male,32,Mumbai,Other,Muscle Gain,Facebook,Active,1
M02042,2024-07-29,Male,24,Pune,Government,Strength,Instagram,Active,4
M02043,2024-09-24,Male,28,Nagpur,Government,Muscle Gain,Facebook,Active,4
M02044,2024-04-30,Female,43,Pune,Government,Muscle Gain,Instagram,Churned,2
M02045,2025-02-16,Male,31,Kolhapur,Healthcare,General Fitness,Referral,Churned,1
M02046,2024-09-13,Female,35,Nashik,Other,Weight Loss,Google,Churned,4
M02047,2024-08-06,Male,33,Nagpur,Healthcare,Muscle Gain,Google,Churned,1
M02048,2025-03-20,Male,31,Pune,Business Owner,Muscle Gain,Referral,Churned,1
M02049,2024-09-17,Male,30,Nagpur,IT Professional,General Fitness,Instagram,Churned,1
M02050,2024-10-23,Female,35,Pune,IT Professional,General Fitness,Instagram,Churned,1
M02051,2024-10-07,Female,34,Nashik,Government,Muscle Gain,Facebook,Churned,1
M02052,2024-06-13,Male,31,Pune,IT Professional,General Fitness,Instagram,Churned,1
M02053,2024-03-21,Male,24,Pune,Government,Muscle Gain,Walk-in,Churned,1
M02054,2025-06-11,Male,32,Pune,Other,Weight Loss,Walk-in,Churned,2
M02055,2024-02-28,Male,29,Pune,IT Professional,Strength,Instagram,Churned,3
M02056,2024-07-26,Male,27,Pune,Student,General Fitness,Website,Churned,1
M02057,2025-03-01,Male,48,Nagpur,Finance,Bodybuilding,Walk-in,Churned,2
M02058,2024-03-24,Female,18,Pune,Student,General Fitness,Walk-in,Churned,1
M02059,2025-02-22,Female,36,Nashik,Sales/Marketing,Weight Loss,Facebook,Active,2
M02060,2025-04-12,Female,23,Pune,Business Owner,Muscle Gain,Referral,Churned,1
M02061,2025-02-26,Female,30,Nashik,Business Owner,Muscle Gain,Website,Active,3
M02062,2024-07-13,Male,47,Nashik,Healthcare,Weight Loss,Instagram,Churned,4
M02063,2024-01-13,Female,22,Pune,Business Owner,Muscle Gain,Instagram,Churned,3
M02064,2025-07-20,Male,24,Mumbai,IT Professional,Muscle Gain,Walk-in,Churned,1
M02065,2024-07-27,Male,29,Nagpur,IT Professional,Weight Loss,Google,Churned,2
M02066,2025-05-28,Male,23,Nashik,IT Professional,Strength,Referral,Active,1
M02067,2024-05-06,Male,35,Pune,Sales/Marketing,Weight Loss,Google,Churned,1
M02068,2024-04-13,Female,25,Pune,Student,Muscle Gain,Google,Churned,1
M02069,2025-05-11,Female,34,Nashik,IT Professional,General Fitness,Website,Churned,2
M02070,2025-08-22,Male,20,Pune,IT Professional,General Fitness,Instagram,Active,4
M02071,2025-07-03,Male,18,Nashik,IT Professional,Weight Loss,Instagram,Churned,1
M02072,2025-04-24,Female,27,Pune,Student,General Fitness,Walk-in,Churned,1
M02073,2024-06-06,Male,18,Nashik,Government,General Fitness,Walk-in,Churned,1
M02074,2025-08-05,Female,40,Pune,Student,Strength,Facebook,Churned,1
M02075,2025-03-02,Other,18,Pune,Finance,Muscle Gain,Instagram,Churned,2
M02076,2024-04-19,Male,22,Kolhapur,IT Professional,Weight Loss,Website,Active,4
M02077,2024-03-23,Male,32,Nagpur,Business Owner,General Fitness,Referral,Active,4
M02078,2025-07-09,Male,25,Nagpur,IT Professional,Weight Loss,Facebook,Churned,1
M02079,2024-06-24,Male,18,Kolhapur,,General Fitness,Instagram,Churned,2
M02080,2025-05-03,Male,43,Pune,Other,General Fitness,Google,Active,3
M02081,2024-03-29,Male,22,Pune,IT Professional,General Fitness,Referral,Churned,2
M02082,2024-06-27,Male,28,Pune,Other,Bodybuilding,Referral,Churned,5
M02083,2024-06-29,Male,28,Pune,IT Professional,General Fitness,Instagram,Active,4
M02084,2024-06-28,Male,34,Pune,Healthcare,Strength,Referral,Churned,1
M02085,2025-03-06,Female,32,Kolhapur,Finance,General Fitness,Walk-in,Churned,1
M02086,2025-08-06,Male,23,Pune,IT Professional,Weight Loss,Google,Active,1
M02087,2025-08-03,Female,27,Pune,Business Owner,General Fitness,Referral,Churned,1
M02088,2025-04-18,Male,27,Pune,Student,General Fitness,Google,Active,4
M02089,2024-05-09,Male,34,Pune,Finance,Bodybuilding,Facebook,Active,3
M02090,2025-09-04,Male,21,Pune,IT Professional,Weight Loss,Referral,Active,1
M02091,2024-12-11,Female,43,Mumbai,Sales/Marketing,Muscle Gain,Referral,Churned,2
M02092,2024-12-14,Male,24,Pune,IT Professional,Strength,Website,Active,4
M02093,2025-03-23,Male,29,Mumbai,Other,Weight Loss,Walk-in,Active,3
M02094,2025-05-05,Male,21,Nagpur,IT Professional,General Fitness,Google,Active,3
M02095,2025-08-30,Other,20,Mumbai,Healthcare,Muscle Gain,Walk-in,Active,2
M02096,2025-01-06,Male,23,Mumbai,IT Professional,Weight Loss,Website,Active,2
M02097,2025-04-20,Male,22,Pune,IT Professional,Weight Loss,Instagram,Churned,3
M02098,2024-06-11,Female,26,Pune,Student,Strength,Walk-in,Churned,1
M02099,2024-07-15,Male,22,Pune,Finance,Weight Loss,Instagram,Churned,3
M02100,2025-02-03,Male,34,Kolhapur,IT Professional,General Fitness,Facebook,Churned,1
M02101,2024-02-10,Female,24,Mumbai,Healthcare,General Fitness,Walk-in,Churned,1
M02102,2024-07-23,Male,23,Pune,Other,General Fitness,Website,Churned,1
M02103,2025-04-03,Male,26,Pune,IT Professional,Muscle Gain,Walk-in,Active,3
M02104,2025-09-14,Male,36,Nagpur,Student,Weight Loss,Instagram,Active,2
M02105,2024-11-27,Male,31,Mumbai,IT Professional,Strength,Referral,Churned,1
M02106,2024-09-11,Female,28,Mumbai,Student,Weight Loss,Website,Churned,1
M02107,2024-10-07,Male,19,Nagpur,Business Owner,Weight Loss,Instagram,Active,5
M02108,2025-03-13,Male,21,Mumbai,Government,Bodybuilding,Instagram,Churned,1
M02109,2024-12-13,Male,20,Mumbai,IT Professional,Muscle Gain,Walk-in,Active,2
M02110,2024-01-15,Female,38,Pune,IT Professional,Weight Loss,Referral,Churned,1
M02111,2024-12-10,Female,33,Pune,Finance,Bodybuilding,Instagram,Churned,1
M02112,2024-09-12,Male,23,Kolhapur,IT Professional,Weight Loss,Google,Churned,2
M02113,2025-03-23,Female,25,Mumbai,Healthcare,Weight Loss,Google,Churned,1
M02114,2025-07-12,Male,23,Pune,Other,Muscle Gain,Walk-in,Active,1
M02115,2025-09-06,Female,23,Mumbai,IT Professional,General Fitness,Referral,Active,3
M02116,2025-01-24,Male,32,Pune,Business Owner,Strength,Referral,Active,2
M02117,2024-08-19,Male,27,Nagpur,Sales/Marketing,General Fitness,Facebook,Churned,2
M02118,2024-10-10,Female,44,Pune,Finance,Bodybuilding,Google,Churned,1
M02119,2024-04-22,Female,38,Nashik,Government,Weight Loss,Walk-in,Churned,1
M02120,2025-08-20,Male,38,Pune,Government,General Fitness,Google,Active,3
M02121,2025-06-24,Male,34,Pune,Business Owner,Weight Loss,Google,Active,1
M02122,2025-06-28,Female,26,Pune,Business Owner,Strength,Referral,Active,2
M02123,2024-07-28,Male,33,Nashik,Government,Bodybuilding,Walk-in,Churned,1
M02124,2024-07-24,Male,27,Pune,Finance,Muscle Gain,Website,Churned,1
M02125,2025-06-30,Male,40,Pune,Finance,Strength,Google,Active,3
M02126,2024-12-13,Male,32,Nashik,IT Professional,General Fitness,Instagram,Active,3
M02127,2025-03-25,Male,31,Pune,Sales/Marketing,Weight Loss,Referral,Active,1
M02128,2024-11-08,Male,30,Pune,IT Professional,General Fitness,Referral,Churned,1
M02129,2024-10-09,Female,41,Pune,IT Professional,Bodybuilding,Instagram,Churned,3
M02130,2025-02-07,Male,19,Nagpur,IT Professional,Muscle Gain,Website,Active,3
M02131,2025-06-02,Male,42,Pune,IT Professional,Weight Loss,Walk-in,Churned,1
M02132,2024-08-01,Other,28,Pune,Finance,Bodybuilding,Referral,Churned,3
M02133,2025-05-31,Male,19,Pune,IT Professional,Muscle Gain,Referral,Churned,1
M02134,2024-06-04,Male,24,Pune,Finance,Muscle Gain,Instagram,Churned,4
M02135,2024-09-14,Male,18,Pune,Business Owner,General Fitness,Referral,Churned,4
M02136,2025-08-05,Male,34,Pune,IT Professional,General Fitness,Referral,Active,1
M02137,2025-08-31,Male,22,Pune,IT Professional,Muscle Gain,Website,Active,1
M02138,2025-08-12,Female,30,Pune,Business Owner,Weight Loss,Referral,Active,1
M02139,2024-07-20,Female,37,Nagpur,Government,Strength,Instagram,Active,4
M02140,2025-06-22,Male,24,Pune,IT Professional,Muscle Gain,Instagram,Active,3
M02141,2025-08-20,Male,27,Pune,IT Professional,General Fitness,Instagram,Active,1
M02142,2025-09-16,Female,20,Nagpur,IT Professional,Strength,Website,Active,1
M02143,2024-01-14,Male,26,Nagpur,Student,Weight Loss,Walk-in,Churned,1
M02144,2025-04-20,Female,47,Mumbai,Student,Strength,Facebook,Active,2
M02145,2025-09-27,Male,34,Pune,Other,General Fitness,Facebook,Active,1
M02146,2025-05-02,Female,27,Pune,Student,Bodybuilding,Instagram,Active,3
M02147,2024-05-28,Female,25,Pune,Student,Weight Loss,Walk-in,Churned,1
M02148,2025-05-01,Male,29,Pune,Sales/Marketing,Muscle Gain,Walk-in,Active,1
M02149,2024-03-08,Male,30,Pune,Finance,General Fitness,Instagram,Active,3
M02150,2024-11-02,Female,26,Mumbai,IT Professional,Bodybuilding,Referral,Churned,1
M02151,2025-02-03,Male,33,Pune,Finance,Bodybuilding,Walk-in,Active,1
M02152,2024-10-18,Male,22,Mumbai,Other,Muscle Gain,Website,Active,3
M02153,2025-03-22,Male,22,Pune,Student,Muscle Gain,Instagram,Churned,3
M02154,2024-06-02,Male,32,Pune,IT Professional,Weight Loss,Website,Churned,1
M02155,2025-01-21,Female,21,Nashik,Sales/Marketing,General Fitness,Website,Churned,1
M02156,2025-02-15,Male,34,Nagpur,Sales/Marketing,Strength,Website,Churned,1
M02157,2025-02-08,Male,29,Pune,Other,General Fitness,Instagram,Churned,1
M02158,2024-07-03,Female,18,Mumbai,IT Professional,Muscle Gain,Instagram,Churned,1
M02159,2024-07-13,Male,30,Pune,Other,Bodybuilding,Walk-in,Churned,3
M02160,2024-06-13,Male,18,Pune,IT Professional,Weight Loss,Google,Churned,3
M02161,2024-10-21,Male,34,Nashik,Government,Muscle Gain,,Active,2
M02162,2024-08-19,Female,27,Pune,Sales/Marketing,Muscle Gain,Walk-in,Churned,1
M02163,2024-09-18,Male,42,Pune,IT Professional,Muscle Gain,Instagram,Churned,2
M02164,2024-07-01,Female,36,Pune,IT Professional,General Fitness,Referral,Churned,1
M02165,2024-05-19,Male,22,Pune,Healthcare,General Fitness,Website,Churned,3
M02166,2025-02-23,Male,18,Pune,Sales/Marketing,Weight Loss,Referral,Active,2
M02167,2025-06-04,Female,24,Pune,Student,Weight Loss,Website,Active,2
M02168,2024-07-04,Female,20,Kolhapur,Sales/Marketing,Muscle Gain,Google,Churned,2
M02169,2025-07-03,Male,42,Mumbai,IT Professional,General Fitness,Google,Churned,1
M02170,2024-12-30,Male,29,Pune,IT Professional,Muscle Gain,Instagram,Active,6
M02171,2024-04-16,Male,36,Pune,IT Professional,Muscle Gain,Google,Churned,4
M02172,2024-08-21,Male,27,Mumbai,Other,Weight Loss,Google,Churned,1
M02173,2024-01-05,Female,28,Pune,Student,General Fitness,Facebook,Churned,1
M02174,2024-01-25,Female,29,Pune,Healthcare,Muscle Gain,Website,Churned,1
M02175,2024-08-02,Male,37,Nashik,IT Professional,Muscle Gain,Instagram,Churned,1
M02176,2024-10-16,Male,31,Pune,Other,Muscle Gain,Instagram,Active,3
M02177,2025-05-23,Male,22,Pune,Sales/Marketing,Weight Loss,Walk-in,Active,3
M02178,2024-03-26,Male,40,Pune,IT Professional,Weight Loss,Referral,Churned,1
M02179,2025-06-19,Female,27,Pune,IT Professional,Weight Loss,Google,Churned,2
M02180,2024-05-29,Male,26,Pune,IT Professional,General Fitness,Google,Churned,5
M02181,2024-03-29,Male,18,Nagpur,IT Professional,Weight Loss,Instagram,Churned,5
M02182,2025-03-22,Male,33,Pune,Sales/Marketing,Muscle Gain,Referral,Churned,1
M02183,2025-05-09,Female,30,Mumbai,Healthcare,Bodybuilding,Instagram,Active,2
M02184,2025-01-20,Male,30,Mumbai,IT Professional,Muscle Gain,Walk-in,Churned,2
M02185,2024-03-14,Male,26,Pune,Government,Muscle Gain,Google,Active,4
M02186,2024-03-14,Male,25,Pune,Business Owner,Muscle Gain,Referral,Active,4
M02187,2024-09-05,Male,26,Pune,Student,Muscle Gain,Referral,Active,3
M02188,2024-10-14,Male,32,Mumbai,Student,Weight Loss,Instagram,Active,3
M02189,2025-09-29,Male,33,Pune,IT Professional,Strength,Website,Active,1
M02190,2024-07-01,Male,27,Nashik,Healthcare,Muscle Gain,Walk-in,Churned,1
M02191,2024-05-02,Male,36,Nagpur,Student,General Fitness,Facebook,Churned,1
M02192,2025-08-26,Female,28,Nashik,Healthcare,Bodybuilding,Referral,Active,1
M02193,2024-04-08,Male,25,Kolhapur,IT Professional,Weight Loss,Referral,Churned,3
M02194,2024-01-17,Male,30,Nashik,Finance,General Fitness,Instagram,Churned,1
M02195,2024-09-26,Male,19,Nagpur,Student,Weight Loss,Referral,Churned,1
M02196,2024-09-12,Female,31,Nagpur,Business Owner,Muscle Gain,Referral,Churned,2
M02197,2025-01-30,Female,18,Nashik,Student,Strength,Google,Active,2
M02198,2025-07-13,Female,22,Nashik,IT Professional,Weight Loss,Instagram,Churned,1
M02199,2025-08-18,Male,18,Kolhapur,Student,Bodybuilding,Google,Active,2
M02200,2024-07-03,Male,28,Pune,Business Owner,General Fitness,Instagram,Churned,1
M02201,2025-09-17,Male,40,Mumbai,Government,Muscle Gain,Google,Active,1
M02202,2025-02-07,Male,28,Pune,Student,Weight Loss,Referral,Churned,1
M02203,2024-02-14,Male,34,Nagpur,Government,General Fitness,Website,Churned,2
M02204,2025-08-21,Male,45,Pune,Healthcare,Muscle Gain,Instagram,Active,2
M02205,2024-03-29,Male,32,Nashik,Business Owner,Weight Loss,Instagram,Churned,1
M02206,2025-01-10,Male,24,Nashik,Healthcare,Muscle Gain,Google,Active,5
M02207,2025-05-19,Male,25,Kolhapur,IT Professional,Weight Loss,Instagram,Active,1
M02208,2024-06-08,Male,29,Pune,Government,Bodybuilding,Walk-in,Churned,2
M02209,2024-06-21,Female,25,Mumbai,Government,Muscle Gain,Instagram,Churned,1
M02210,2024-10-30,Male,25,Nashik,Government,Muscle Gain,Website,Churned,4
M02211,2025-07-18,Female,36,Kolhapur,IT Professional,General Fitness,Facebook,Churned,1
M02212,2024-05-22,Male,36,Nagpur,Finance,General Fitness,Referral,Active,6
M02213,2025-02-27,Female,18,Mumbai,IT Professional,Strength,Website,Churned,1
M02214,2024-10-15,Female,23,Mumbai,Business Owner,Bodybuilding,Walk-in,Churned,1
M02215,2024-03-12,Male,26,Pune,Student,Weight Loss,Website,Churned,2
M02216,2025-03-29,Female,33,Kolhapur,IT Professional,Muscle Gain,Google,Churned,1
M02217,2025-06-15,Male,37,Pune,Finance,General Fitness,Website,Active,2
M02218,2024-04-22,Male,48,Mumbai,Sales/Marketing,Weight Loss,Instagram,Churned,1
M02219,2024-04-09,Female,26,Nashik,Student,General Fitness,Google,Churned,1
M02220,2024-09-27,Male,26,Pune,Healthcare,Weight Loss,Website,Churned,1
M02221,2024-11-19,Male,33,Pune,Finance,Strength,Google,Churned,3
M02222,2024-12-18,Male,24,Pune,Other,General Fitness,Instagram,Churned,3
M02223,2024-06-04,Male,28,Nagpur,Finance,Muscle Gain,Instagram,Churned,3
M02224,2024-11-15,Male,26,Pune,Student,Muscle Gain,Instagram,Active,3
M02225,2024-07-07,Male,18,Pune,IT Professional,Bodybuilding,Google,Active,3
M02226,2025-03-13,Male,30,Mumbai,Finance,General Fitness,Referral,Active,3
M02227,2025-05-23,Male,28,Pune,IT Professional,Strength,Referral,Active,2
M02228,2025-02-20,Male,38,Nagpur,Other,Strength,Facebook,Churned,1
M02229,2024-01-01,Male,29,Pune,Other,Weight Loss,Instagram,Churned,1
M02230,2025-09-24,Female,20,Pune,Other,Weight Loss,Facebook,Active,2
M02231,2024-01-16,Male,27,Pune,IT Professional,Weight Loss,Referral,Churned,1
M02232,2025-09-29,Male,18,Pune,Government,General Fitness,Walk-in,Active,1
M02233,2024-01-21,Female,21,Pune,Finance,General Fitness,Walk-in,Churned,1
M02234,2024-11-25,Female,33,Nashik,Student,Muscle Gain,Website,Churned,1
M02235,2024-03-08,Male,27,Pune,IT Professional,Bodybuilding,Instagram,Churned,1
M02236,2024-03-01,Male,35,Pune,IT Professional,Weight Loss,Referral,Churned,2
M02237,2025-03-12,Female,18,Pune,IT Professional,General Fitness,Website,Churned,4
M02238,2025-04-09,Female,27,Pune,Other,Muscle Gain,Walk-in,Active,1
M02239,2024-03-16,Male,26,Kolhapur,Sales/Marketing,Muscle Gain,Instagram,Churned,4
M02240,2025-09-15,Male,36,Pune,IT Professional,Weight Loss,Referral,Active,2
M02241,2024-07-23,Male,34,Kolhapur,Business Owner,General Fitness,Walk-in,Churned,1
M02242,2024-07-22,Male,33,Pune,IT Professional,General Fitness,Google,Churned,3
M02243,2024-07-08,Female,40,Pune,IT Professional,Muscle Gain,Walk-in,Churned,1
M02244,2024-10-21,Female,26,Pune,Student,Muscle Gain,Facebook,Active,6
M02245,2024-04-23,Male,38,Pune,Finance,General Fitness,Referral,Churned,1
M02246,2024-09-28,Male,22,Nashik,Finance,Muscle Gain,Instagram,Churned,1
M02247,2024-05-13,Female,21,Pune,Sales/Marketing,General Fitness,Referral,Churned,1
M02248,2024-02-02,Male,34,Pune,Sales/Marketing,Muscle Gain,Referral,Active,4
M02249,2024-08-23,Female,18,Mumbai,IT Professional,Strength,Google,Churned,2
M02250,2025-03-04,Male,33,Mumbai,Government,General Fitness,Walk-in,Active,3
M02251,2025-05-01,Male,30,Kolhapur,Student,Weight Loss,Referral,Active,1
M02252,2024-08-13,Male,37,Kolhapur,IT Professional,General Fitness,Facebook,Churned,4
M02253,2024-07-25,Male,29,Mumbai,Business Owner,Muscle Gain,Walk-in,Churned,2
M02254,2025-05-17,Female,29,Nashik,Student,Bodybuilding,Facebook,Active,3
M02255,2025-03-10,Male,33,Nashik,IT Professional,General Fitness,Referral,Churned,1
M02256,2025-06-14,Male,24,Pune,IT Professional,Weight Loss,Instagram,Churned,1
M02257,2025-08-01,Male,24,Mumbai,Student,General Fitness,Walk-in,Active,1
M02258,2025-06-07,Male,32,Pune,Other,Weight Loss,Instagram,Active,2
M02259,2025-08-20,Male,29,Nashik,IT Professional,Strength,Referral,Active,2
M02260,2024-09-22,Female,26,Kolhapur,Business Owner,Bodybuilding,Instagram,Churned,1
M02261,2024-09-08,Male,28,Pune,Other,General Fitness,Referral,Churned,2
M02262,2024-07-24,Male,40,Nagpur,Healthcare,Muscle Gain,Walk-in,Active,3
M02263,2024-05-30,Male,26,Kolhapur,IT Professional,General Fitness,Google,Churned,1
M02264,2025-04-22,Male,26,Pune,Other,Muscle Gain,Google,Active,3
M02265,2025-03-31,Male,18,Pune,IT Professional,Weight Loss,Instagram,Churned,1
M02266,2025-05-26,Male,29,Kolhapur,IT Professional,Bodybuilding,Google,Active,3
M02267,2024-04-16,Male,34,Kolhapur,Business Owner,Muscle Gain,Referral,Churned,1
M02268,2024-11-09,Female,35,Pune,IT Professional,Muscle Gain,Facebook,Churned,3
M02269,2024-05-21,Female,30,Pune,Sales/Marketing,Weight Loss,Website,Churned,1
M02270,2025-07-23,Female,36,Mumbai,Student,Bodybuilding,Website,Active,1
M02271,2024-06-19,Male,34,Pune,Healthcare,Bodybuilding,Instagram,Churned,1
M02272,2024-04-01,Male,37,Pune,Government,Muscle Gain,Google,Churned,1
M02273,2024-12-29,Female,36,Pune,Other,Weight Loss,Referral,Churned,1
M02274,2025-07-14,Male,40,Pune,IT Professional,Strength,Walk-in,Churned,1
M02275,2025-08-07,Male,28,Mumbai,IT Professional,Muscle Gain,Walk-in,Churned,1
M02276,2024-03-02,Male,20,Mumbai,Other,Bodybuilding,Walk-in,Churned,1
M02277,2024-07-26,Female,34,Mumbai,Finance,Strength,Referral,Active,2
M02278,2024-04-07,Male,34,Nashik,Student,General Fitness,Referral,Churned,2
M02279,2024-07-15,Male,40,Pune,,Weight Loss,Website,Churned,1
M02280,2024-12-06,Male,38,Pune,Sales/Marketing,General Fitness,Google,Churned,1
M02281,2024-06-28,Male,43,Pune,Healthcare,Bodybuilding,Facebook,Active,3
M02282,2024-02-13,Male,33,Pune,Healthcare,Muscle Gain,Walk-in,Churned,2
M02283,2024-11-21,Male,31,Pune,Sales/Marketing,Strength,Instagram,Churned,1
M02284,2024-02-03,Male,19,Pune,IT Professional,Muscle Gain,Website,Churned,2
M02285,2024-05-24,Female,31,Pune,IT Professional,Bodybuilding,Facebook,Active,4
M02286,2024-01-01,Female,25,Pune,Healthcare,General Fitness,Walk-in,Active,6
M02287,2024-02-25,Male,30,Mumbai,Sales/Marketing,Weight Loss,Instagram,Churned,1
M02288,2024-10-05,Female,29,Mumbai,IT Professional,Muscle Gain,Instagram,Churned,2
M02289,2025-06-26,Male,32,Kolhapur,Finance,Weight Loss,Walk-in,Active,1
M02290,2025-05-09,Female,28,Nashik,IT Professional,Muscle Gain,Instagram,Churned,2
M02291,2024-03-04,Male,36,Mumbai,IT Professional,Strength,Instagram,Churned,1
M02292,2024-01-23,Male,18,Pune,Other,Weight Loss,Google,Churned,2
M02293,2024-08-03,Male,30,Mumbai,Student,Bodybuilding,Instagram,Churned,1
M02294,2025-02-20,Male,37,Pune,Student,Weight Loss,Walk-in,Active,3
M02295,2025-04-21,Male,42,Pune,Government,General Fitness,Referral,Churned,3
M02296,2025-06-09,Male,34,Pune,IT Professional,Bodybuilding,Instagram,Churned,1
M02297,2024-08-06,Male,41,Pune,IT Professional,General Fitness,Referral,Active,5
M02298,2024-04-17,Male,30,Pune,Sales/Marketing,Strength,Instagram,Active,4
M02299,2024-01-17,Male,29,Mumbai,IT Professional,Bodybuilding,Instagram,Churned,1
M02300,2024-04-03,Female,33,Nagpur,Finance,General Fitness,Referral,Churned,2
M02301,2024-02-11,Male,29,Nashik,IT Professional,General Fitness,Referral,Churned,4
M02302,2025-07-03,Female,24,Mumbai,Student,Weight Loss,Google,Churned,1
M02303,2024-06-20,Male,25,Pune,Finance,Muscle Gain,Walk-in,Churned,1
M02304,2025-06-09,Male,21,Pune,IT Professional,Weight Loss,Google,Active,2
M02305,2024-12-18,Male,33,Mumbai,Sales/Marketing,Strength,Referral,Churned,3
M02306,2024-12-09,Male,29,Pune,Other,General Fitness,Google,Churned,1
M02307,2024-10-17,Male,26,Pune,Sales/Marketing,General Fitness,Walk-in,Churned,3
M02308,2025-06-06,Female,25,Pune,IT Professional,Bodybuilding,Referral,Churned,1
M02309,2024-01-28,Male,33,Kolhapur,IT Professional,Weight Loss,Instagram,Churned,1
M02310,2024-02-29,Female,34,Mumbai,Sales/Marketing,Bodybuilding,Walk-in,Churned,8
M02311,2024-09-27,Male,21,Pune,Business Owner,Weight Loss,Walk-in,Active,3
M02312,2024-09-08,Male,20,Mumbai,Finance,Muscle Gain,Instagram,Churned,2
M02313,2024-12-14,Male,36,Pune,Sales/Marketing,General Fitness,Referral,Active,2
M02314,2025-04-15,Female,19,Pune,IT Professional,Muscle Gain,Walk-in,Churned,2
M02315,2025-01-09,Male,33,Pune,Student,General Fitness,Instagram,Active,5
M02316,2024-06-13,Male,40,Pune,Finance,General Fitness,Website,Churned,3
M02317,2024-07-27,Male,40,Mumbai,Healthcare,Strength,Google,Active,2
M02318,2025-04-24,Male,34,Pune,IT Professional,Weight Loss,Walk-in,Active,1
M02319,2024-05-08,Other,34,Nashik,Healthcare,Weight Loss,Website,Churned,1
M02320,2024-11-17,Female,45,Pune,Sales/Marketing,Weight Loss,Website,Active,2
M02321,2024-12-09,Female,18,Mumbai,IT Professional,Muscle Gain,Referral,Active,2
M02322,2025-04-23,Other,26,Mumbai,IT Professional,Weight Loss,Walk-in,Active,2
M02323,2025-03-31,Female,35,Mumbai,Government,Muscle Gain,Google,Churned,2
M02324,2024-10-23,Male,27,Mumbai,Sales/Marketing,Strength,Google,Churned,2
M02325,2024-07-16,Male,38,Kolhapur,Other,Bodybuilding,Facebook,Churned,3
M02326,2024-08-22,Male,29,Pune,IT Professional,Strength,Google,Active,3
M02327,2024-09-19,Male,30,Nashik,Sales/Marketing,Weight Loss,Facebook,Churned,1
M02328,2024-05-19,Male,27,Mumbai,Government,Muscle Gain,Instagram,Churned,2
M02329,2025-02-03,Male,25,Pune,Finance,Weight Loss,Instagram,Churned,1
M02330,2024-05-12,Female,25,Pune,IT Professional,Muscle Gain,Instagram,Churned,1
M02331,2025-02-17,Other,31,Pune,Student,Muscle Gain,Referral,Churned,2
M02332,2025-04-24,Male,24,Pune,Business Owner,Bodybuilding,Instagram,Churned,1
M02333,2025-09-05,Female,36,Pune,IT Professional,General Fitness,Google,Active,2
M02334,2024-03-16,Male,34,Pune,IT Professional,Weight Loss,Website,Churned,1
M02335,2025-04-29,Male,37,Mumbai,Other,General Fitness,Walk-in,Active,2
M02336,2024-02-24,Male,21,Pune,IT Professional,Bodybuilding,Walk-in,Churned,3
M02337,2024-08-03,Male,18,Nashik,Other,Weight Loss,Instagram,Churned,2
M02338,2024-04-22,Male,29,Pune,Business Owner,Strength,Google,Churned,1
M02339,2024-04-13,Male,49,Mumbai,Sales/Marketing,Weight Loss,Walk-in,Churned,1
M02340,2024-04-21,Male,38,Pune,IT Professional,Weight Loss,Instagram,Active,4
M02341,2024-01-29,Male,25,Pune,Finance,Strength,Referral,Churned,1
M02342,2025-06-09,Female,32,Pune,Healthcare,Weight Loss,Website,Active,1
M02343,2024-09-11,Male,34,Mumbai,Other,General Fitness,Instagram,Churned,3
M02344,2025-03-22,Male,19,Pune,IT Professional,Weight Loss,Website,Active,1
M02345,2025-06-28,Male,39,Kolhapur,IT Professional,General Fitness,Instagram,Churned,1
M02346,2024-03-28,Male,28,Pune,Other,General Fitness,Instagram,Churned,1
M02347,2025-09-22,Male,28,Mumbai,Student,Strength,Instagram,Active,2
M02348,2025-02-20,Male,29,Pune,Finance,Strength,Website,Churned,1
M02349,2024-04-24,Male,37,Mumbai,Student,General Fitness,Referral,Churned,1
M02350,2024-10-13,Male,24,Pune,Student,Muscle Gain,Walk-in,Churned,3
M02351,2025-08-08,Female,18,Pune,Healthcare,Weight Loss,Google,Active,1
M02352,2024-09-07,Male,31,Pune,Healthcare,General Fitness,Facebook,Active,3
M02353,2024-04-27,Male,18,Pune,Healthcare,Muscle Gain,Referral,Churned,2
M02354,2025-07-12,Male,27,Pune,Business Owner,Weight Loss,Referral,Active,2
M02355,2025-08-30,Male,37,Kolhapur,Government,Bodybuilding,,Churned,1
M02356,2025-09-14,Male,33,Pune,Other,Muscle Gain,Walk-in,Active,2
M02357,2025-09-01,Male,36,Pune,IT Professional,Weight Loss,Walk-in,Churned,1
M02358,2025-07-10,Male,33,Kolhapur,IT Professional,Strength,Instagram,Churned,1
M02359,2024-10-16,Female,46,Pune,IT Professional,General Fitness,Facebook,Active,2
M02360,2024-05-02,Male,25,Pune,Government,General Fitness,Google,Churned,1
M02361,2025-01-28,Male,32,Mumbai,IT Professional,Weight Loss,Website,Churned,1
M02362,2024-05-20,Male,26,Nagpur,Finance,Muscle Gain,Google,Churned,1
M02363,2024-10-28,Male,36,Mumbai,Business Owner,General Fitness,Instagram,Churned,3
M02364,2025-02-22,Female,29,Pune,Healthcare,Weight Loss,Google,Active,1
M02365,2025-08-26,Female,41,Kolhapur,Sales/Marketing,General Fitness,Referral,Churned,1
M02366,2024-07-03,Female,25,Pune,Business Owner,Weight Loss,Google,Churned,1
M02367,2024-06-09,Male,39,Kolhapur,Business Owner,Weight Loss,Facebook,Active,5
M02368,2025-04-13,Male,33,Nagpur,IT Professional,Weight Loss,Walk-in,Churned,2
M02369,2024-01-05,Male,29,Kolhapur,Business Owner,Weight Loss,Instagram,Churned,3
M02370,2024-12-27,Male,33,Pune,IT Professional,Weight Loss,Referral,Churned,2
M02371,2025-04-20,Male,31,Pune,Sales/Marketing,General Fitness,Walk-in,Churned,1
M02372,2024-12-17,Male,31,Mumbai,IT Professional,Muscle Gain,Website,Churned,1
M02373,2024-09-01,Male,28,Pune,Student,Weight Loss,Google,Churned,2
M02374,2025-06-12,Male,24,Pune,IT Professional,Muscle Gain,Website,Churned,1
M02375,2024-08-24,Male,27,Kolhapur,Business Owner,Weight Loss,Instagram,Churned,3
M02376,2025-03-29,Male,18,Mumbai,Other,Muscle Gain,Walk-in,Active,4
M02377,2024-10-23,Female,35,Pune,IT Professional,Strength,Walk-in,Churned,1
M02378,2024-01-17,Male,20,Pune,IT Professional,General Fitness,Referral,Churned,2
M02379,2024-12-04,Male,27,Pune,IT Professional,General Fitness,Instagram,Churned,1
M02380,2024-02-01,Female,34,Pune,Other,Weight Loss,Walk-in,Churned,1
M02381,2025-08-16,Male,35,Pune,Sales/Marketing,Weight Loss,Google,Active,1
M02382,2025-01-18,Male,18,Nashik,,General Fitness,Instagram,Active,2
M02383,2024-08-25,Female,28,Mumbai,Healthcare,Muscle Gain,Instagram,Churned,2
M02384,2024-11-06,Male,32,Pune,Sales/Marketing,General Fitness,Walk-in,Active,6
M02385,2025-01-30,Male,29,Pune,Government,Bodybuilding,Instagram,Churned,1
M02386,2024-06-14,Female,38,Mumbai,Business Owner,Muscle Gain,Referral,Churned,1
M02387,2024-07-02,Female,23,Nashik,Government,Strength,Website,Churned,2
M02388,2024-09-24,Female,18,Nagpur,Healthcare,Muscle Gain,Walk-in,Active,2
M02389,2024-06-13,Other,35,Pune,IT Professional,Weight Loss,Referral,Active,3
M02390,2025-04-28,Male,25,Nashik,Student,Weight Loss,Referral,Churned,1
M02391,2024-03-07,Female,18,Pune,IT Professional,General Fitness,Instagram,Churned,1
M02392,2025-06-11,Male,28,Pune,Student,Muscle Gain,Referral,Active,2
M02393,2024-08-10,Male,38,Nagpur,IT Professional,General Fitness,Instagram,Churned,1
M02394,2024-12-24,Female,20,Pune,Sales/Marketing,General Fitness,Instagram,Active,2
M02395,2024-04-10,Female,45,Pune,Sales/Marketing,Muscle Gain,Instagram,Churned,2
M02396,2024-09-02,Female,23,Pune,Student,Muscle Gain,Referral,Churned,1
M02397,2025-04-26,Male,30,Pune,Student,General Fitness,Instagram,Churned,1
M02398,2024-06-21,Male,20,Pune,Finance,Muscle Gain,Instagram,Churned,1
M02399,2024-03-25,Male,29,Mumbai,Business Owner,Strength,Facebook,Churned,3
M02400,2024-11-28,Male,28,Pune,IT Professional,Weight Loss,Instagram,Churned,3
M02401,2024-04-13,Female,19,Pune,Sales/Marketing,Bodybuilding,Walk-in,Active,3
M02402,2024-07-19,Female,49,Nagpur,IT Professional,Weight Loss,Google,Churned,3
M02403,2024-10-14,Male,26,Pune,Student,Weight Loss,Referral,Churned,2
M02404,2024-12-25,Male,26,Kolhapur,Government,General Fitness,Instagram,Active,3
M02405,2025-02-11,Male,36,Pune,Healthcare,Weight Loss,Instagram,Active,3
M02406,2025-03-07,Male,42,Mumbai,IT Professional,Weight Loss,Facebook,Churned,1
M02407,2025-06-22,Male,37,Pune,Finance,Weight Loss,Referral,Active,1
M02408,2024-02-12,Female,21,Nagpur,Other,General Fitness,Instagram,Churned,3
M02409,2024-08-19,Male,30,Pune,Student,General Fitness,Google,Churned,1
M02410,2024-01-01,Female,18,Nagpur,Finance,Weight Loss,,Churned,2
M02411,2024-01-07,Male,35,Pune,IT Professional,Muscle Gain,Instagram,Churned,1
M02412,2024-05-15,Female,18,Mumbai,Business Owner,Weight Loss,Referral,Churned,5
M02413,2025-01-16,Male,23,Pune,IT Professional,Bodybuilding,Referral,Churned,1
M02414,2025-07-24,Female,29,Pune,IT Professional,Weight Loss,Referral,Active,1
M02415,2025-05-08,Male,32,Pune,IT Professional,General Fitness,Facebook,Churned,2
M02416,2025-02-16,Female,27,Pune,Sales/Marketing,Muscle Gain,Google,Churned,2
M02417,2025-05-11,Female,40,Pune,IT Professional,General Fitness,Website,Active,1
M02418,2024-04-19,Male,34,Mumbai,Sales/Marketing,Bodybuilding,Referral,Churned,1
M02419,2025-06-19,Male,34,Pune,IT Professional,Muscle Gain,Referral,Active,2
M02420,2025-07-21,Male,20,Pune,Sales/Marketing,General Fitness,Walk-in,Churned,1
M02421,2024-03-01,Female,41,Pune,Healthcare,Muscle Gain,Referral,Churned,1
M02422,2024-10-26,Male,23,Pune,IT Professional,General Fitness,Instagram,Churned,1
M02423,2025-06-13,Male,41,Pune,Finance,Muscle Gain,Website,Churned,1
M02424,2024-10-30,Male,43,Mumbai,Sales/Marketing,Weight Loss,Website,Active,4
M02425,2025-06-20,Male,33,Pune,Business Owner,Weight Loss,Google,Active,3
M02426,2025-08-19,Female,36,Nagpur,IT Professional,Weight Loss,,Active,1
M02427,2024-10-29,Female,18,Pune,Healthcare,Bodybuilding,Walk-in,Churned,1
M02428,2024-02-07,Female,28,Pune,Healthcare,General Fitness,Website,Churned,2
M02429,2024-08-04,Female,37,Nagpur,IT Professional,Weight Loss,Referral,Churned,4
M02430,2024-05-17,Female,35,Pune,Government,Muscle Gain,Instagram,Active,4
M02431,2024-10-29,Male,20,Pune,IT Professional,General Fitness,Walk-in,Churned,4
M02432,2025-01-08,Female,27,Kolhapur,Business Owner,Muscle Gain,Instagram,Churned,1
M02433,2024-10-22,Male,18,Kolhapur,Healthcare,Muscle Gain,Walk-in,Churned,4
M02434,2024-05-04,Male,32,Mumbai,Other,General Fitness,Referral,Churned,2
M02435,2024-07-11,Female,18,Pune,IT Professional,Weight Loss,Walk-in,Active,4
M02436,2025-03-09,Male,37,Mumbai,IT Professional,Muscle Gain,Instagram,Churned,3
M02437,2024-01-18,Male,37,Kolhapur,IT Professional,Weight Loss,Referral,Churned,1
M02438,2024-05-16,Male,26,Kolhapur,Finance,Weight Loss,Referral,Churned,1
M02439,2025-07-23,Male,33,Pune,Business Owner,General Fitness,Google,Active,1
M02440,2024-03-04,Female,27,Pune,IT Professional,General Fitness,Instagram,Churned,1
M02441,2024-09-21,Male,31,Pune,IT Professional,Bodybuilding,Instagram,Churned,1
M02442,2024-05-12,Male,21,Pune,Sales/Marketing,Weight Loss,Facebook,Churned,2
M02443,2024-03-07,Male,33,Mumbai,Business Owner,General Fitness,Referral,Churned,1
M02444,2024-09-26,Male,18,Pune,Healthcare,Bodybuilding,Walk-in,Churned,2
M02445,2024-11-28,Male,18,Pune,Student,General Fitness,Referral,Churned,1
M02446,2024-04-22,Male,28,Pune,Student,Bodybuilding,Facebook,Churned,1
M02447,2024-02-19,Male,28,Pune,Student,Bodybuilding,Referral,Churned,1
M02448,2024-03-26,Male,31,Pune,IT Professional,Strength,Instagram,Active,4
M02449,2025-02-19,Male,24,Pune,Business Owner,Bodybuilding,Instagram,Churned,2
M02450,2025-07-02,Male,42,Pune,IT Professional,General Fitness,Instagram,Active,2
M02451,2024-04-25,Female,30,Kolhapur,,Muscle Gain,Facebook,Churned,2
M02452,2024-07-23,Male,31,Pune,Student,Strength,Walk-in,Churned,1
M02453,2024-08-07,Male,30,Pune,IT Professional,Strength,Walk-in,Active,4
M02454,2024-08-18,Female,36,Pune,Student,Weight Loss,Walk-in,Churned,1
M02455,2024-06-04,Male,33,Pune,Student,Muscle Gain,Facebook,Churned,1
M02456,2024-02-05,Male,32,Pune,Student,Weight Loss,Website,Churned,3
M02457,2024-12-01,Female,34,Pune,Finance,Strength,Walk-in,Active,6
M02458,2024-08-16,Male,18,Pune,Other,Weight Loss,Google,Churned,4
M02459,2024-08-06,Female,18,Pune,Finance,Muscle Gain,Instagram,Churned,2
M02460,2024-06-17,Female,28,Mumbai,Student,Muscle Gain,Referral,Churned,1
M02461,2025-08-15,Female,28,Pune,Other,Weight Loss,Walk-in,Churned,1
M02462,2025-01-24,Female,33,Pune,Other,Bodybuilding,Referral,Churned,1
M02463,2024-09-24,Male,29,Mumbai,Business Owner,Muscle Gain,Google,Churned,1
M02464,2024-05-11,Female,33,Pune,Student,Weight Loss,Walk-in,Churned,3
M02465,2025-05-26,Male,20,Pune,Government,Weight Loss,Referral,Churned,2
M02466,2025-07-20,Male,29,Pune,Other,General Fitness,Google,Active,1
M02467,2024-01-21,Male,20,Pune,Government,General Fitness,Facebook,Churned,1
M02468,2025-08-16,Male,32,Pune,Finance,Muscle Gain,Referral,Active,3
M02469,2025-03-22,Male,18,Kolhapur,Healthcare,Muscle Gain,Google,Churned,1
M02470,2024-03-04,Male,31,Kolhapur,Other,Strength,Google,Churned,2
M02471,2025-04-25,Male,19,Kolhapur,Student,General Fitness,Referral,Active,4
M02472,2024-03-09,Male,26,Pune,IT Professional,General Fitness,Referral,Churned,3
M02473,2024-02-02,Female,35,Pune,Sales/Marketing,Muscle Gain,Instagram,Active,5
M02474,2024-03-14,Male,31,Pune,IT Professional,Bodybuilding,Referral,Churned,1
M02475,2024-10-20,Female,18,Pune,IT Professional,General Fitness,Walk-in,Churned,1
M02476,2025-01-30,Female,24,Pune,IT Professional,Muscle Gain,Instagram,Churned,3
M02477,2024-09-16,Female,18,Pune,,Bodybuilding,Referral,Churned,1
M02478,2024-03-18,Male,18,Pune,Student,Strength,Referral,Churned,2
M02479,2024-05-07,Female,30,Pune,Healthcare,General Fitness,Google,Churned,1
M02480,2025-06-27,Female,33,Pune,IT Professional,General Fitness,Google,Active,2
M02481,2025-09-06,Female,32,Mumbai,Healthcare,Muscle Gain,Google,Active,1
M02482,2025-04-26,Female,33,Pune,IT Professional,Muscle Gain,Referral,Active,4
M02483,2024-03-06,Male,29,Nagpur,Other,Weight Loss,Facebook,Churned,1
M02484,2025-06-07,Male,27,Pune,Healthcare,General Fitness,Referral,Churned,1
M02485,2025-03-17,Female,21,Pune,Other,Muscle Gain,Website,Active,1
M02486,2024-12-01,Male,26,Pune,IT Professional,Muscle Gain,Google,Churned,1
M02487,2024-04-01,Female,20,Pune,Student,Bodybuilding,Walk-in,Churned,1
M02488,2025-09-27,Male,23,Pune,Sales/Marketing,Weight Loss,Referral,Active,2
M02489,2024-10-09,Male,30,Pune,Sales/Marketing,Strength,Walk-in,Churned,2
M02490,2024-01-29,Male,28,Mumbai,Student,Weight Loss,Website,Churned,3
M02491,2024-05-13,Male,50,Pune,Finance,Weight Loss,Referral,Churned,2
M02492,2024-09-13,Female,20,Pune,Finance,Weight Loss,Referral,Churned,2
M02493,2024-02-09,Male,28,Kolhapur,IT Professional,Muscle Gain,Website,Churned,4
M02494,2024-07-25,Female,19,Pune,Healthcare,Muscle Gain,Website,Active,3
M02495,2024-10-25,Male,26,Mumbai,IT Professional,Muscle Gain,Website,Active,5
M02496,2025-08-28,Female,27,Pune,Student,General Fitness,Instagram,Active,1
M02497,2024-02-25,Male,35,Pune,Sales/Marketing,Muscle Gain,Instagram,Churned,1
M02498,2025-01-03,Male,26,Pune,Business Owner,Weight Loss,Referral,Churned,1
M02499,2025-08-07,Male,28,Pune,Sales/Marketing,Muscle Gain,Walk-in,Churned,1
M02500,2025-05-29,Male,26,Mumbai,Government,Weight Loss,Instagram,Active,2
M02501,2025-08-13,Other,19,Pune,Other,Weight Loss,Google,Active,2
M02502,2024-04-18,Female,24,Pune,IT Professional,Weight Loss,Referral,Active,4
M02503,2025-05-26,Male,26,Pune,IT Professional,General Fitness,Instagram,Active,1
M02504,2025-09-16,Male,30,Nagpur,IT Professional,General Fitness,Walk-in,Active,1
M02505,2024-07-27,Male,33,Nashik,Finance,Strength,Instagram,Churned,1
M02506,2024-11-14,Male,27,Kolhapur,Business Owner,General Fitness,Facebook,Churned,1
M02507,2024-12-04,Male,27,Mumbai,Government,Muscle Gain,Google,Active,6
M02508,2024-11-10,Male,18,Mumbai,IT Professional,Muscle Gain,Referral,Churned,1
M02509,2024-07-03,Male,33,Pune,Student,Weight Loss,Referral,Churned,2
M02510,2025-09-11,Female,24,Nagpur,Sales/Marketing,General Fitness,Google,Active,1
M02511,2024-08-30,Male,34,Pune,Sales/Marketing,Weight Loss,Referral,Churned,3
M02512,2025-05-28,Male,38,Pune,IT Professional,Weight Loss,Facebook,Churned,1
M02513,2024-09-10,Male,28,Mumbai,Finance,Bodybuilding,Referral,Active,3
M02514,2025-05-22,Male,22,Pune,,Weight Loss,Instagram,Active,1
M02515,2025-01-08,Male,29,Pune,Government,Weight Loss,Walk-in,Churned,1
M02516,2024-10-26,Male,31,Pune,IT Professional,Bodybuilding,Instagram,Active,4
M02517,2024-03-22,Male,27,Pune,Business Owner,Muscle Gain,Referral,Churned,4
M02518,2025-02-21,Female,25,Nagpur,Student,Muscle Gain,Referral,Churned,1
M02519,2024-07-23,Female,33,Pune,IT Professional,Weight Loss,Referral,Churned,1
M02520,2024-05-18,Female,32,Nagpur,Sales/Marketing,Muscle Gain,Instagram,Churned,3
M02521,2024-05-03,Male,27,Pune,IT Professional,Bodybuilding,Google,Churned,3
M02522,2025-09-18,Male,18,Nashik,Student,General Fitness,Instagram,Active,1
M02523,2024-03-06,Male,32,Pune,IT Professional,Muscle Gain,Google,Churned,1
M02524,2025-05-24,Male,24,Kolhapur,IT Professional,Muscle Gain,Walk-in,Active,2
M02525,2025-07-06,Female,31,Pune,Government,Muscle Gain,Walk-in,Churned,1
M02526,2024-01-20,Female,30,Pune,IT Professional,General Fitness,Instagram,Churned,1
M02527,2025-01-10,Male,18,Pune,Government,Weight Loss,Instagram,Churned,1
M02528,2025-01-03,Male,30,Pune,Sales/Marketing,Weight Loss,Walk-in,Churned,2
M02529,2024-08-16,Male,33,Pune,IT Professional,General Fitness,Referral,Active,2
M02530,2025-03-01,Male,33,Mumbai,Sales/Marketing,Strength,Facebook,Churned,5
M02531,2024-09-17,Female,30,Kolhapur,Student,Strength,Instagram,Active,2
M02532,2024-10-07,Male,18,Mumbai,IT Professional,Strength,Instagram,Active,2
M02533,2024-10-02,Male,38,Pune,Student,Muscle Gain,Google,Churned,1
M02534,2025-05-25,Male,32,Pune,Student,General Fitness,Walk-in,Active,2
M02535,2025-02-07,Male,21,Nagpur,Student,Bodybuilding,Referral,Active,1
M02536,2024-08-29,Male,23,Nagpur,Student,Weight Loss,Instagram,Churned,3
M02537,2025-08-14,Female,31,Pune,Sales/Marketing,Muscle Gain,Instagram,Active,2
M02538,2025-05-26,Male,34,Kolhapur,Healthcare,Weight Loss,Walk-in,Active,1
M02539,2025-08-18,Male,26,Pune,Other,Bodybuilding,Google,Active,1
M02540,2025-04-11,Male,35,Nashik,Business Owner,Bodybuilding,Walk-in,Active,2
M02541,2024-09-06,Male,18,Kolhapur,Finance,Strength,Google,Active,2
M02542,2025-05-08,Male,22,Mumbai,IT Professional,Muscle Gain,Google,Churned,1
M02543,2024-07-29,Male,18,Pune,Healthcare,Bodybuilding,Instagram,Churned,1
M02544,2024-06-21,Male,23,Mumbai,IT Professional,Weight Loss,Website,Churned,1
M02545,2024-10-14,Male,40,Pune,Other,Weight Loss,Instagram,Churned,2
M02546,2025-09-10,Female,43,Nashik,Other,General Fitness,Instagram,Active,1
M02547,2024-12-28,Female,31,Pune,IT Professional,General Fitness,Facebook,Active,2
M02548,2024-09-01,Female,25,Mumbai,Finance,Strength,Instagram,Churned,1
M02549,2024-10-21,Male,27,Nagpur,Finance,Muscle Gain,Google,Churned,1
M02550,2024-07-04,Female,32,Pune,Healthcare,Muscle Gain,Google,Churned,4
M02551,2025-02-24,Male,18,Pune,Student,Muscle Gain,Walk-in,Churned,2
M02552,2024-08-11,Male,25,Mumbai,Finance,Weight Loss,Google,Churned,3
M02553,2024-12-19,Male,39,Pune,Sales/Marketing,Strength,Facebook,Churned,2
M02554,2024-08-23,Male,22,Pune,IT Professional,Muscle Gain,Walk-in,Churned,3
M02555,2024-07-23,Female,24,Pune,Business Owner,Weight Loss,Referral,Churned,2
M02556,2025-09-11,Male,29,Pune,Student,Muscle Gain,Google,Active,4
M02557,2024-08-08,Male,31,Mumbai,Other,General Fitness,Walk-in,Churned,1
M02558,2024-02-14,Other,25,Mumbai,Student,Strength,Facebook,Churned,3
M02559,2024-08-29,Male,30,Pune,IT Professional,Weight Loss,Facebook,Churned,2
M02560,2024-12-05,Female,33,Pune,IT Professional,Weight Loss,,Churned,2
M02561,2024-03-01,Female,43,Pune,Sales/Marketing,Bodybuilding,Walk-in,Churned,1
M02562,2024-07-14,Female,28,Pune,Finance,Muscle Gain,Walk-in,Churned,1
M02563,2024-04-15,Female,29,Mumbai,Student,Muscle Gain,Website,Churned,1
M02564,2024-11-15,Male,40,Pune,IT Professional,Weight Loss,Google,Churned,1
M02565,2025-04-06,Male,25,Pune,Government,Bodybuilding,Walk-in,Active,2
M02566,2025-09-09,Female,20,Kolhapur,IT Professional,General Fitness,Walk-in,Active,2
M02567,2024-09-05,Female,31,Pune,Student,Weight Loss,Facebook,Active,2
M02568,2025-07-04,Male,37,Mumbai,Other,Weight Loss,Walk-in,Active,1
M02569,2024-05-16,Male,32,Pune,IT Professional,Weight Loss,Facebook,Churned,2
M02570,2025-05-12,Male,28,Pune,Business Owner,Weight Loss,Google,Active,5
M02571,2024-12-24,Male,19,Pune,IT Professional,Weight Loss,Instagram,Churned,1
M02572,2025-04-28,Male,29,Nashik,Government,Weight Loss,Google,Active,2
M02573,2025-04-27,Female,38,Nagpur,Government,Weight Loss,Facebook,Active,1
M02574,2024-12-05,Female,20,Pune,IT Professional,Muscle Gain,Instagram,Churned,1
M02575,2024-06-13,Female,27,Pune,Finance,Muscle Gain,Walk-in,Churned,1
M02576,2024-12-01,Male,26,Pune,Other,Muscle Gain,Website,Churned,2
M02577,2025-06-11,Male,24,Mumbai,Sales/Marketing,Strength,Website,Active,1
M02578,2025-09-11,Male,31,Mumbai,IT Professional,Weight Loss,Walk-in,Active,1
M02579,2025-08-14,Male,32,Mumbai,Business Owner,Strength,Walk-in,Active,1
M02580,2024-04-25,Male,32,Nagpur,Sales/Marketing,Strength,Instagram,Churned,4
M02581,2025-01-16,Male,22,Pune,Student,Bodybuilding,Referral,Churned,1
M02582,2024-03-07,Male,18,Mumbai,Student,Weight Loss,Referral,Churned,1
M02583,2025-03-02,Male,31,Mumbai,IT Professional,Weight Loss,Walk-in,Churned,1
M02584,2025-09-25,Male,25,Pune,Sales/Marketing,General Fitness,Google,Active,1
M02585,2024-02-03,Male,42,Nagpur,IT Professional,Weight Loss,Instagram,Active,6
M02586,2025-02-22,Male,42,Pune,IT Professional,Weight Loss,Walk-in,Churned,2
M02587,2025-08-26,Male,43,Mumbai,Finance,Weight Loss,Referral,Active,1
M02588,2025-06-24,Male,22,Mumbai,IT Professional,General Fitness,Facebook,Churned,1
M02589,2024-09-07,Male,33,Nagpur,IT Professional,Strength,Referral,Active,3
M02590,2024-03-07,Male,35,Pune,Business Owner,Weight Loss,Facebook,Churned,3
M02591,2025-08-12,Female,34,Pune,IT Professional,Bodybuilding,Referral,Active,1
M02592,2025-08-10,Male,27,Nagpur,Other,General Fitness,Walk-in,Churned,1
M02593,2025-01-04,Female,38,Nashik,IT Professional,Weight Loss,Walk-in,Churned,1
M02594,2025-09-16,Male,29,Pune,Sales/Marketing,Muscle Gain,Google,Active,1
M02595,2024-01-03,Female,30,Nashik,Business Owner,Weight Loss,Google,Churned,1
M02596,2025-01-28,Female,18,Pune,Student,Strength,Website,Active,5
M02597,2024-01-25,Male,34,Mumbai,,General Fitness,Instagram,Churned,6
M02598,2025-08-19,Female,27,Nagpur,Business Owner,General Fitness,Walk-in,Churned,1
M02599,2025-03-10,Male,32,Pune,IT Professional,General Fitness,Instagram,Churned,1
M02600,2025-08-05,Male,31,Pune,IT Professional,Weight Loss,Walk-in,Active,1
M02601,2024-12-24,Male,30,Kolhapur,Other,Bodybuilding,Instagram,Churned,2
M02602,2024-02-23,Male,29,Nashik,Business Owner,Bodybuilding,Referral,Active,3
M02603,2024-01-17,Female,35,Nagpur,Other,General Fitness,Referral,Churned,1
M02604,2024-08-02,Female,28,Pune,IT Professional,Muscle Gain,Instagram,Active,2
M02605,2025-04-19,Male,19,Kolhapur,IT Professional,Weight Loss,Referral,Churned,3
M02606,2024-04-06,Other,33,Pune,Healthcare,Weight Loss,Facebook,Churned,1
M02607,2025-06-27,Male,23,Pune,IT Professional,Weight Loss,Walk-in,Active,1
M02608,2024-06-01,Male,20,Pune,IT Professional,General Fitness,,Churned,3
M02609,2024-11-12,Female,22,Nashik,Student,General Fitness,Walk-in,Churned,3
M02610,2024-05-09,Male,31,Nagpur,Student,Bodybuilding,Walk-in,Active,7
M02611,2024-10-24,Male,28,Nashik,Government,Weight Loss,Referral,Churned,3
M02612,2024-10-15,Male,18,Mumbai,IT Professional,Weight Loss,Website,Active,2
M02613,2024-01-04,Male,26,Pune,Other,Weight Loss,Referral,Churned,1
M02614,2024-12-28,Male,37,Pune,IT Professional,Bodybuilding,Google,Churned,2
M02615,2025-05-16,Male,26,Pune,IT Professional,General Fitness,Facebook,Active,3
M02616,2025-08-20,Female,28,Pune,IT Professional,Muscle Gain,Website,Churned,1
M02617,2024-07-29,Male,36,Pune,Business Owner,General Fitness,Referral,Churned,1
M02618,2025-07-15,Male,35,Nagpur,Sales/Marketing,Muscle Gain,Instagram,Active,1
M02619,2025-07-14,Female,36,Mumbai,Sales/Marketing,Weight Loss,Referral,Churned,1
M02620,2025-09-22,Male,18,Nashik,Student,Weight Loss,Walk-in,Active,2
M02621,2024-08-26,Male,41,Pune,IT Professional,Muscle Gain,Google,Active,3
M02622,2025-06-26,Female,33,Pune,Sales/Marketing,Weight Loss,Walk-in,Churned,1
M02623,2024-12-26,Female,46,Pune,Student,Muscle Gain,Referral,Churned,2
M02624,2024-02-07,Male,24,Pune,Business Owner,Muscle Gain,Google,Churned,6
M02625,2024-06-21,Female,18,Pune,IT Professional,General Fitness,Walk-in,Churned,2
M02626,2025-03-04,Female,29,Pune,IT Professional,Muscle Gain,Google,Churned,2
M02627,2024-04-12,Male,27,Pune,IT Professional,Muscle Gain,Walk-in,Churned,2
M02628,2024-10-04,Female,34,Mumbai,IT Professional,Bodybuilding,Instagram,Churned,1
M02629,2025-05-09,Female,37,Pune,Sales/Marketing,Muscle Gain,Facebook,Churned,1
M02630,2024-04-05,Male,28,Pune,Business Owner,General Fitness,Google,Active,7
M02631,2024-11-12,Male,27,Pune,Other,Weight Loss,Website,Churned,2
M02632,2024-05-17,Female,33,Pune,Government,General Fitness,Walk-in,Churned,2
M02633,2024-12-08,Other,27,Pune,IT Professional,Muscle Gain,Google,Active,2
M02634,2024-06-02,Male,27,Pune,Business Owner,Weight Loss,Website,Churned,3
M02635,2025-09-07,Female,36,Mumbai,IT Professional,Weight Loss,Referral,Active,1
M02636,2024-02-18,Female,38,Pune,Sales/Marketing,General Fitness,Referral,Churned,2
M02637,2025-09-06,Female,37,Nagpur,IT Professional,General Fitness,Website,Active,1
M02638,2025-05-20,Female,28,Pune,,General Fitness,Website,Churned,1
M02639,2025-06-29,Male,18,Pune,Healthcare,Muscle Gain,Walk-in,Churned,1
M02640,2025-06-27,Male,28,Pune,Healthcare,General Fitness,Website,Churned,1
M02641,2024-04-29,Male,24,Pune,Business Owner,General Fitness,Google,Churned,1
M02642,2025-08-17,Male,28,Pune,Healthcare,Weight Loss,Instagram,Active,2
M02643,2025-01-14,Male,24,Nagpur,Finance,Muscle Gain,Instagram,Churned,1
M02644,2025-09-05,Female,29,Pune,Finance,Muscle Gain,Google,Active,1
M02645,2025-07-14,Female,22,Mumbai,IT Professional,Strength,Referral,Active,1
M02646,2025-01-04,Male,20,Pune,Healthcare,Muscle Gain,Google,Active,4
M02647,2024-08-26,Female,38,Pune,IT Professional,Muscle Gain,Referral,Churned,1
M02648,2024-03-15,Male,22,Pune,Finance,Bodybuilding,Instagram,Churned,1
M02649,2024-03-05,Male,29,Pune,Healthcare,Strength,Google,Churned,1
M02650,2024-09-05,Male,36,Pune,IT Professional,Weight Loss,Walk-in,Active,5
M02651,2025-06-01,Male,35,Kolhapur,,Strength,Instagram,Active,2
M02652,2024-11-18,Male,35,Mumbai,Business Owner,Weight Loss,Walk-in,Churned,2
M02653,2024-11-03,Female,31,Kolhapur,Healthcare,Strength,Walk-in,Churned,3
M02654,2024-06-04,Male,34,Pune,Finance,Weight Loss,Referral,Churned,1
M02655,2024-12-26,Male,39,Nashik,Finance,Muscle Gain,Website,Churned,2
M02656,2025-02-11,Male,32,Mumbai,Government,Bodybuilding,Website,Active,3
M02657,2025-09-18,Male,18,Mumbai,IT Professional,Weight Loss,Instagram,Active,1
M02658,2025-04-10,Female,25,Kolhapur,Student,Strength,Walk-in,Active,2
M02659,2025-01-22,Female,34,Mumbai,Finance,Muscle Gain,Instagram,Churned,1
M02660,2025-08-03,Male,25,Nagpur,IT Professional,Weight Loss,Google,Active,3
M02661,2024-09-28,Male,40,Mumbai,Student,Bodybuilding,Walk-in,Churned,3
M02662,2025-08-19,Male,29,Pune,Student,Muscle Gain,Walk-in,Active,3
M02663,2024-08-24,Female,30,Mumbai,IT Professional,Strength,Facebook,Churned,2
M02664,2024-03-22,Male,37,Pune,Other,Strength,Walk-in,Churned,1
M02665,2024-09-23,Male,28,Nagpur,IT Professional,Weight Loss,Walk-in,Churned,3
M02666,2024-03-23,Male,30,Nashik,IT Professional,Weight Loss,Referral,Churned,3
M02667,2024-03-16,Male,35,Pune,Other,Muscle Gain,Instagram,Churned,1
M02668,2025-07-16,Male,19,Pune,Other,Muscle Gain,Instagram,Churned,1
M02669,2025-05-22,Male,27,Pune,IT Professional,Weight Loss,Referral,Churned,1
M02670,2024-05-21,Male,35,Pune,Sales/Marketing,Muscle Gain,Walk-in,Churned,3
M02671,2025-06-18,Male,29,Pune,Student,Strength,Instagram,Active,2
M02672,2024-02-13,Male,39,Mumbai,Government,Weight Loss,Referral,Churned,1
M02673,2024-06-30,Male,18,Mumbai,Student,General Fitness,Google,Churned,2
M02674,2025-03-26,Male,18,Nagpur,IT Professional,Muscle Gain,Referral,Active,3
M02675,2024-07-12,Female,34,Pune,IT Professional,Weight Loss,Google,Churned,3
M02676,2025-04-11,Female,35,Pune,Finance,Weight Loss,Instagram,Churned,2
M02677,2025-07-11,Male,28,Pune,Student,Weight Loss,Instagram,Active,2
M02678,2024-02-12,Female,32,Nagpur,Business Owner,General Fitness,Google,Churned,1
M02679,2024-01-16,Female,34,Pune,Finance,Weight Loss,Referral,Churned,1
M02680,2025-08-22,Female,23,Pune,Student,Strength,Website,Active,1
M02681,2024-11-28,Male,24,Pune,Sales/Marketing,Strength,Instagram,Churned,1
M02682,2024-11-19,Male,30,Nashik,IT Professional,Weight Loss,Referral,Churned,1
M02683,2024-10-22,Male,35,Pune,IT Professional,Strength,Referral,Churned,1
M02684,2024-10-03,Other,21,Mumbai,IT Professional,Bodybuilding,Walk-in,Active,3
M02685,2025-03-16,Male,28,Nashik,IT Professional,Weight Loss,Google,Churned,3
M02686,2025-01-04,Male,27,Nashik,IT Professional,Bodybuilding,Instagram,Churned,1
M02687,2024-04-14,Male,32,Pune,Business Owner,Weight Loss,Website,Churned,3
M02688,2025-02-03,Male,29,Pune,Finance,General Fitness,Website,Churned,2
M02689,2025-03-02,Male,25,Pune,IT Professional,Weight Loss,Referral,Active,1
M02690,2024-03-13,Male,38,Pune,IT Professional,Strength,Referral,Churned,3
M02691,2024-08-28,Male,25,Mumbai,Sales/Marketing,Strength,Instagram,Churned,2
M02692,2025-05-19,Female,27,Pune,IT Professional,Bodybuilding,Instagram,Active,2
M02693,2025-01-29,Male,18,Pune,Finance,Bodybuilding,Instagram,Active,1
M02694,2024-03-28,Male,24,Pune,Sales/Marketing,Weight Loss,Walk-in,Churned,1
M02695,2024-01-26,Female,33,Mumbai,IT Professional,General Fitness,Instagram,Churned,2
M02696,2025-01-05,Male,31,Pune,Healthcare,Weight Loss,Instagram,Active,1
M02697,2024-10-21,Female,33,Mumbai,Other,Weight Loss,Instagram,Active,6
M02698,2025-09-05,Female,33,Pune,Business Owner,Weight Loss,Instagram,Active,1
M02699,2024-11-29,Male,44,Kolhapur,Other,Bodybuilding,Google,Churned,3
M02700,2025-08-17,Male,24,Mumbai,IT Professional,General Fitness,Referral,Active,2
M02701,2024-05-16,Male,18,Pune,,Weight Loss,Referral,Churned,1
M02702,2024-10-12,Male,22,Pune,IT Professional,Bodybuilding,Referral,Churned,1
M02703,2024-03-30,Male,24,Pune,Student,Strength,Referral,Churned,1
M02704,2025-01-01,Male,22,Pune,Other,Muscle Gain,Walk-in,Churned,4
M02705,2024-04-30,Male,30,Pune,IT Professional,Muscle Gain,Google,Churned,1
M02706,2024-11-10,Male,38,Nagpur,Other,General Fitness,Instagram,Churned,1
M02707,2024-08-07,Male,40,Mumbai,Finance,General Fitness,Facebook,Churned,1
M02708,2024-04-28,Male,33,Pune,Other,Muscle Gain,Walk-in,Churned,1
M02709,2024-03-02,Male,44,Mumbai,Other,Muscle Gain,Referral,Churned,1
M02710,2024-11-22,Other,27,Pune,Healthcare,Weight Loss,Google,Active,4
M02711,2025-08-27,Male,18,Kolhapur,Other,Muscle Gain,Instagram,Churned,1
M02712,2024-05-06,Male,36,Pune,Government,Muscle Gain,Instagram,Churned,2
M02713,2024-09-15,Male,18,Nashik,Business Owner,Weight Loss,Facebook,Active,3
M02714,2024-05-23,Male,24,Nashik,Finance,Weight Loss,Referral,Churned,2
M02715,2025-05-31,Male,33,Pune,IT Professional,General Fitness,Instagram,Active,1
M02716,2024-09-21,Female,28,Pune,Student,Muscle Gain,Instagram,Active,5
M02717,2025-09-13,Male,28,Pune,IT Professional,Muscle Gain,Google,Active,2
M02718,2024-06-05,Male,21,Nagpur,IT Professional,Weight Loss,Google,Churned,1
M02719,2024-02-21,Male,29,Pune,IT Professional,Bodybuilding,Referral,Churned,1
M02720,2025-01-06,Female,36,Mumbai,Business Owner,Weight Loss,Google,Churned,1
M02721,2025-02-19,Male,29,Nashik,Finance,Muscle Gain,Website,Churned,2
M02722,2025-09-24,Male,23,Nagpur,Finance,Weight Loss,Walk-in,Active,1
M02723,2025-07-09,Female,20,Pune,Sales/Marketing,General Fitness,Website,Active,1
M02724,2025-07-18,Female,23,Pune,Other,Muscle Gain,Facebook,Active,3
M02725,2025-02-08,Male,32,Mumbai,Sales/Marketing,Muscle Gain,Website,Churned,2
M02726,2024-08-17,Other,31,Pune,Finance,Strength,Website,Active,4
M02727,2024-09-30,Female,23,Nagpur,IT Professional,General Fitness,Google,Active,3
M02728,2024-03-26,Male,18,Pune,Other,Muscle Gain,Instagram,Churned,1
M02729,2024-10-02,Female,32,Pune,IT Professional,Muscle Gain,Instagram,Active,1
M02730,2024-08-20,Male,23,Nashik,IT Professional,Bodybuilding,Walk-in,Churned,2
M02731,2024-01-23,Male,34,Pune,IT Professional,Bodybuilding,Walk-in,Churned,2
M02732,2024-05-10,Male,24,Pune,Healthcare,General Fitness,Instagram,Churned,1
M02733,2024-12-07,Female,22,Pune,Finance,General Fitness,Facebook,Churned,1
M02734,2024-08-23,Male,30,Pune,Student,Strength,Walk-in,Churned,2
M02735,2025-09-25,Male,46,Nagpur,Government,Bodybuilding,Walk-in,Active,1
M02736,2024-11-01,Male,34,Pune,IT Professional,Weight Loss,Referral,Churned,2
M02737,2025-09-03,Male,30,Pune,IT Professional,Bodybuilding,Instagram,Active,1
M02738,2025-02-25,Female,32,Pune,IT Professional,General Fitness,Referral,Churned,1
M02739,2024-01-26,Female,18,Kolhapur,IT Professional,General Fitness,Instagram,Churned,1
M02740,2024-05-09,Male,21,Pune,Government,Muscle Gain,Referral,Churned,1
M02741,2025-03-26,Female,18,Kolhapur,Student,Muscle Gain,Google,Active,3
M02742,2024-12-13,Female,41,Nagpur,IT Professional,Strength,Google,Active,2
M02743,2024-07-11,Male,40,Pune,Student,General Fitness,Referral,Churned,3
M02744,2024-11-29,Male,32,Nashik,Government,Weight Loss,Referral,Active,3
M02745,2025-07-30,Male,30,Mumbai,Other,General Fitness,Google,Active,1
M02746,2024-09-04,Male,18,Pune,Finance,Weight Loss,Website,Active,2
M02747,2024-01-29,Male,27,Pune,Healthcare,Muscle Gain,Instagram,Churned,1
M02748,2024-07-17,Male,42,Nashik,Other,General Fitness,Website,Active,4
M02749,2025-08-20,Female,30,Nashik,IT Professional,General Fitness,Instagram,Active,4
M02750,2025-05-01,Male,25,Nashik,Student,Weight Loss,Instagram,Active,2
M02751,2025-06-18,Female,18,Kolhapur,Business Owner,Weight Loss,Website,Churned,1
M02752,2025-08-04,Female,39,Pune,IT Professional,Weight Loss,Walk-in,Active,2
M02753,2024-03-15,Male,29,Nashik,Business Owner,General Fitness,Walk-in,Churned,1
M02754,2024-06-29,Male,18,Nagpur,Business Owner,Bodybuilding,Walk-in,Churned,2
M02755,2024-02-08,Female,23,Pune,IT Professional,General Fitness,Google,Active,7
M02756,2024-01-04,Female,20,Pune,Business Owner,General Fitness,Walk-in,Churned,2
M02757,2025-06-16,Male,28,Pune,,Muscle Gain,Instagram,Active,1
M02758,2025-08-20,Male,30,Nagpur,Student,Weight Loss,Walk-in,Active,1
M02759,2024-04-09,Male,25,Pune,Sales/Marketing,Strength,Website,Churned,1
M02760,2025-04-05,Female,34,Mumbai,Finance,Muscle Gain,Facebook,Active,2
M02761,2024-12-07,Female,30,Pune,Student,Weight Loss,Walk-in,Active,1
M02762,2024-02-14,Male,36,Pune,Student,Muscle Gain,Walk-in,Churned,1
M02763,2025-08-07,Male,26,Mumbai,Student,General Fitness,Referral,Churned,1
M02764,2025-07-09,Male,50,Pune,Student,Muscle Gain,Google,Churned,2
M02765,2024-12-28,Female,25,Nagpur,Student,Weight Loss,Facebook,Churned,1
M02766,2025-03-27,Female,23,Pune,IT Professional,General Fitness,Walk-in,Churned,1
M02767,2024-09-10,Female,22,Nagpur,Sales/Marketing,Weight Loss,Referral,Active,3
M02768,2025-05-20,Male,28,Pune,Sales/Marketing,Muscle Gain,Walk-in,Active,2
M02769,2024-10-10,Male,18,Kolhapur,Sales/Marketing,Strength,Instagram,Active,2
M02770,2025-09-23,Male,31,Mumbai,Healthcare,Bodybuilding,Facebook,Active,1
M02771,2024-02-10,Male,18,Pune,Government,Muscle Gain,Facebook,Churned,3
M02772,2024-04-19,Male,30,Pune,Government,Weight Loss,Instagram,Churned,1
M02773,2025-09-10,Female,20,Pune,Sales/Marketing,Muscle Gain,Instagram,Active,1
M02774,2024-07-03,Male,26,Mumbai,Government,Weight Loss,Walk-in,Churned,1
M02775,2024-07-17,Male,33,Nashik,Government,Strength,Instagram,Churned,1
M02776,2025-05-19,Other,45,Pune,Sales/Marketing,General Fitness,Website,Active,1
M02777,2024-04-30,Female,21,Pune,Healthcare,Muscle Gain,Instagram,Churned,2
M02778,2024-11-23,Male,28,Mumbai,IT Professional,General Fitness,Instagram,Churned,1
M02779,2024-07-01,Female,24,Pune,Student,Muscle Gain,Instagram,Churned,3
M02780,2024-05-06,Male,23,Mumbai,IT Professional,Muscle Gain,Walk-in,Churned,1
M02781,2025-09-07,Male,24,Pune,Student,Bodybuilding,Referral,Active,2
M02782,2024-05-07,Male,35,Mumbai,IT Professional,Weight Loss,Facebook,Churned,2
M02783,2024-03-01,Female,26,Kolhapur,Student,Muscle Gain,Website,Churned,1
M02784,2025-03-05,Male,45,Pune,IT Professional,Strength,Referral,Churned,1
M02785,2025-07-07,Male,32,Pune,Other,Muscle Gain,Instagram,Active,1
M02786,2024-03-22,Male,22,Pune,IT Professional,Muscle Gain,Instagram,Active,2
M02787,2025-03-27,Male,26,Mumbai,IT Professional,Weight Loss,Facebook,Active,3
M02788,2024-12-11,Female,23,Pune,IT Professional,Muscle Gain,Google,Active,2
M02789,2025-06-13,Male,35,Kolhapur,IT Professional,Muscle Gain,Website,Active,1
M02790,2024-03-21,Male,18,Mumbai,Finance,Muscle Gain,Facebook,Churned,1
M02791,2025-09-14,Male,20,Pune,Finance,Weight Loss,Walk-in,Active,1
M02792,2025-01-29,Male,25,Nashik,Student,Muscle Gain,Referral,Churned,1
M02793,2025-06-21,Male,34,Pune,Business Owner,General Fitness,Website,Active,2
M02794,2024-08-18,Male,38,Nashik,Student,Strength,Walk-in,Churned,1
M02795,2025-08-24,Male,39,Pune,Finance,General Fitness,Walk-in,Churned,1
M02796,2025-02-03,Male,33,Mumbai,Other,General Fitness,Referral,Churned,1
M02797,2024-03-21,Female,28,Kolhapur,Other,Strength,Referral,Churned,5
M02798,2025-08-11,Female,35,Nashik,IT Professional,Weight Loss,Google,Active,1
M02799,2025-05-22,Male,21,Nagpur,Government,Muscle Gain,Website,Churned,1
M02800,2024-07-10,Male,18,Pune,Sales/Marketing,Weight Loss,Walk-in,Churned,1
M02801,2024-12-14,Male,32,Nagpur,Sales/Marketing,Muscle Gain,Walk-in,Churned,1
M02802,2024-09-04,Male,22,Mumbai,IT Professional,Bodybuilding,Instagram,Active,6
M02803,2024-12-12,Male,29,Mumbai,Business Owner,Muscle Gain,Facebook,Churned,2
M02804,2025-09-07,Female,30,Pune,IT Professional,Strength,Google,Active,1
M02805,2025-07-27,Female,31,Pune,Student,Weight Loss,Walk-in,Active,2
M02806,2024-05-17,Male,36,Mumbai,Finance,Muscle Gain,Instagram,Churned,1
M02807,2025-09-12,Female,35,Pune,IT Professional,Muscle Gain,Website,Active,1
M02808,2024-10-06,Male,30,Nashik,IT Professional,Weight Loss,Walk-in,Churned,2
M02809,2025-03-25,Male,26,Nagpur,Sales/Marketing,Muscle Gain,Referral,Churned,2
M02810,2025-05-02,Male,30,Kolhapur,Business Owner,General Fitness,Google,Active,2
M02811,2024-11-04,Male,25,Pune,Other,Muscle Gain,Google,Churned,1
M02812,2024-10-18,Female,28,Kolhapur,Sales/Marketing,Strength,Google,Churned,1
M02813,2024-10-18,Male,47,Pune,Sales/Marketing,Strength,Instagram,Churned,3
M02814,2025-07-04,Male,30,Pune,Government,Muscle Gain,Referral,Active,3
M02815,2024-09-03,Male,32,Nagpur,Student,Bodybuilding,Referral,Churned,1
M02816,2024-06-27,Female,24,Pune,Student,Weight Loss,Google,Churned,2
M02817,2024-08-18,Male,36,Pune,Other,Weight Loss,Walk-in,Active,4
M02818,2024-05-04,Male,34,Pune,Student,Muscle Gain,Google,Churned,1
M02819,2024-09-06,Male,34,Pune,IT Professional,General Fitness,Instagram,Churned,2
M02820,2024-03-13,Female,31,Nashik,Healthcare,Muscle Gain,Facebook,Churned,2
M02821,2024-02-27,Male,36,Pune,IT Professional,Muscle Gain,Referral,Churned,3
M02822,2025-04-06,Male,38,Pune,IT Professional,Strength,Walk-in,Active,1
M02823,2024-02-19,Female,31,Mumbai,Business Owner,Weight Loss,Website,Active,6
M02824,2024-12-28,Male,28,Pune,IT Professional,Strength,Walk-in,Churned,1
M02825,2025-05-12,Male,35,Nashik,Finance,Muscle Gain,Referral,Active,2
M02826,2025-04-07,Male,23,Kolhapur,Student,Muscle Gain,Referral,Churned,1
M02827,2024-10-11,Male,24,Nashik,Business Owner,Muscle Gain,Facebook,Churned,2
M02828,2024-05-03,Male,29,Nagpur,IT Professional,Muscle Gain,Facebook,Active,4
M02829,2025-08-16,Male,18,Pune,Healthcare,Muscle Gain,Instagram,Active,1
M02830,2025-06-16,Male,35,Nagpur,Student,General Fitness,Walk-in,Active,2
M02831,2025-01-25,Male,22,Pune,IT Professional,Muscle Gain,Facebook,Churned,1
M02832,2024-02-25,Male,26,Pune,Sales/Marketing,Weight Loss,Facebook,Churned,1
M02833,2024-01-23,Female,28,Mumbai,IT Professional,General Fitness,Instagram,Churned,1
M02834,2024-07-20,Male,29,Pune,Government,General Fitness,Referral,Churned,1
M02835,2024-04-10,Male,27,Nagpur,IT Professional,Bodybuilding,Referral,Churned,2
M02836,2025-07-02,Male,29,Mumbai,IT Professional,Muscle Gain,Google,Churned,1
M02837,2024-05-11,Female,29,Kolhapur,IT Professional,General Fitness,Walk-in,Active,4
M02838,2024-06-29,Male,26,Pune,Sales/Marketing,Muscle Gain,,Churned,1
M02839,2025-09-14,Male,24,Pune,IT Professional,General Fitness,Google,Active,3
M02840,2025-06-06,Male,37,Nashik,IT Professional,Muscle Gain,Google,Active,2
M02841,2024-05-19,Male,18,Pune,Business Owner,Weight Loss,Facebook,Churned,3
M02842,2024-09-01,Female,28,Pune,IT Professional,Bodybuilding,Facebook,Churned,1
M02843,2024-11-25,Female,26,Mumbai,Sales/Marketing,General Fitness,Facebook,Active,2
M02844,2025-02-27,Female,32,Kolhapur,Other,General Fitness,Website,Churned,1
M02845,2025-08-20,Male,19,Nashik,Business Owner,Muscle Gain,Website,Active,1
M02846,2025-07-09,Male,26,Pune,Business Owner,General Fitness,Referral,Churned,1
M02847,2025-09-15,Male,28,Pune,IT Professional,Weight Loss,Instagram,Active,1
M02848,2024-01-26,Female,36,Mumbai,Other,Muscle Gain,Facebook,Churned,7
M02849,2024-05-30,Female,31,Pune,Business Owner,Weight Loss,Walk-in,Churned,6
M02850,2024-02-01,Female,21,Pune,IT Professional,Weight Loss,Google,Active,3
M02851,2024-08-14,Male,26,Pune,Other,Weight Loss,Website,Churned,2
M02852,2024-04-07,Female,35,Pune,,General Fitness,Google,Churned,1
M02853,2025-08-18,Male,21,Pune,IT Professional,Weight Loss,Website,Active,1
M02854,2024-02-10,Female,28,Pune,IT Professional,Strength,Referral,Churned,1
M02855,2024-04-04,Male,29,Mumbai,Finance,Strength,Instagram,Churned,1
M02856,2024-05-04,Male,26,Pune,Sales/Marketing,Weight Loss,Facebook,Churned,2
M02857,2024-04-04,Male,48,Mumbai,Business Owner,General Fitness,Walk-in,Churned,3
M02858,2024-12-28,Female,26,Pune,IT Professional,Muscle Gain,Walk-in,Active,2
M02859,2024-08-20,Male,32,Nagpur,IT Professional,Strength,Referral,Churned,2
M02860,2025-08-05,Male,24,Pune,IT Professional,Muscle Gain,Instagram,Active,2
M02861,2024-06-15,Male,33,Pune,Student,Muscle Gain,Instagram,Active,4
M02862,2024-12-08,Male,35,Pune,Government,Muscle Gain,Instagram,Active,1
M02863,2025-02-25,Female,25,Pune,Student,Strength,Instagram,Churned,1
M02864,2025-02-03,Male,29,Pune,IT Professional,Weight Loss,Google,Churned,2
M02865,2025-05-23,Male,23,Nagpur,,Strength,Referral,Churned,1
M02866,2024-05-08,Female,21,Nagpur,IT Professional,Weight Loss,Instagram,Churned,3
M02867,2024-11-19,Male,36,Pune,IT Professional,General Fitness,Referral,Active,2
M02868,2025-05-25,Male,25,Pune,Other,Muscle Gain,Google,Active,5
M02869,2025-07-04,Male,18,Mumbai,Student,Weight Loss,Google,Active,1
M02870,2025-01-29,Male,41,Mumbai,Sales/Marketing,Weight Loss,Website,Churned,1
M02871,2025-02-19,Male,23,Pune,Student,Weight Loss,Website,Churned,2
M02872,2025-07-05,Male,27,Nashik,IT Professional,General Fitness,Facebook,Active,1
M02873,2025-02-02,Male,40,Pune,Finance,General Fitness,Instagram,Active,1
M02874,2025-08-28,Female,28,Mumbai,IT Professional,Weight Loss,Walk-in,Active,3
M02875,2024-03-22,Female,28,Pune,Business Owner,Muscle Gain,Instagram,Churned,5
M02876,2024-08-09,Female,20,Pune,IT Professional,Weight Loss,Referral,Churned,1
M02877,2024-03-12,Male,18,Pune,Healthcare,General Fitness,Website,Churned,2
M02878,2024-02-27,Male,28,Nashik,,General Fitness,Google,Churned,1
M02879,2024-10-28,Other,32,Pune,Sales/Marketing,Strength,Website,Active,2
M02880,2024-05-24,Female,31,Nashik,Healthcare,Strength,Walk-in,Churned,3
M02881,2024-09-16,Male,26,Nashik,Business Owner,Muscle Gain,Google,Churned,2
M02882,2024-10-06,Male,29,Nashik,Student,Weight Loss,Instagram,Active,3
M02883,2025-01-31,Male,18,Pune,Business Owner,Strength,Facebook,Active,3
M02884,2025-08-26,Male,32,Pune,Healthcare,Weight Loss,Referral,Active,3
M02885,2025-06-25,Male,30,Pune,IT Professional,Weight Loss,Instagram,Active,3
M02886,2024-08-29,Male,43,Mumbai,Finance,Muscle Gain,Instagram,Churned,1
M02887,2024-07-26,Female,29,Nagpur,Student,General Fitness,Website,Churned,1
M02888,2024-03-19,Male,22,Pune,IT Professional,General Fitness,Google,Churned,3
M02889,2024-12-10,Male,29,Nagpur,Government,Bodybuilding,Website,Churned,1
M02890,2024-09-26,Male,27,Pune,IT Professional,Muscle Gain,Walk-in,Churned,4
M02891,2024-04-26,Female,32,Pune,IT Professional,Weight Loss,Google,Churned,1
M02892,2025-01-28,Female,29,Pune,Finance,Muscle Gain,Google,Active,5
M02893,2024-07-23,Male,20,Nashik,Government,General Fitness,Walk-in,Churned,2
M02894,2024-04-28,Male,18,Pune,Student,Weight Loss,Referral,Churned,6
M02895,2025-02-20,Male,31,Pune,Student,Bodybuilding,Instagram,Churned,2
M02896,2024-04-21,Female,39,Nashik,Business Owner,Muscle Gain,Instagram,Churned,1
M02897,2025-03-05,Male,30,Pune,Healthcare,General Fitness,Facebook,Churned,4
M02898,2024-04-13,Female,35,Pune,Business Owner,Strength,,Churned,2
M02899,2024-10-04,Male,36,Pune,Finance,Muscle Gain,Referral,Churned,1
M02900,2024-05-25,Male,31,Pune,Government,General Fitness,Google,Churned,2
M02901,2025-05-04,Male,23,Pune,Other,Muscle Gain,Referral,Churned,1
M02902,2025-04-05,Male,30,Pune,IT Professional,Strength,Walk-in,Active,1
M02903,2025-07-29,Male,37,Mumbai,IT Professional,Strength,Instagram,Active,2
M02904,2024-04-17,Male,33,Pune,IT Professional,Muscle Gain,Website,Churned,1
M02905,2025-04-01,Female,34,Mumbai,IT Professional,Weight Loss,Facebook,Active,2
M02906,2025-08-20,Male,26,Pune,IT Professional,Bodybuilding,Google,Churned,1
M02907,2025-05-01,Other,28,Pune,Sales/Marketing,Bodybuilding,Facebook,Churned,1
M02908,2024-04-29,Male,28,Pune,IT Professional,General Fitness,Walk-in,Churned,1
M02909,2025-06-08,Male,29,Pune,IT Professional,Bodybuilding,Walk-in,Churned,1
M02910,2024-03-09,Female,37,Pune,Business Owner,Muscle Gain,Instagram,Churned,2
M02911,2025-01-10,Female,18,Pune,Other,Muscle Gain,Website,Churned,2
M02912,2024-11-13,Male,29,Nagpur,IT Professional,Muscle Gain,Referral,Active,2
M02913,2024-12-04,Female,28,Nagpur,Government,Weight Loss,Facebook,Churned,1
M02914,2024-11-27,Male,19,Pune,Sales/Marketing,Muscle Gain,Google,Churned,1
M02915,2024-01-21,Male,34,Mumbai,IT Professional,General Fitness,Google,Churned,1
M02916,2024-11-20,Male,24,Mumbai,Healthcare,Weight Loss,Website,Active,2
M02917,2025-08-20,Male,27,Nagpur,IT Professional,Weight Loss,Referral,Active,1
M02918,2024-10-05,Male,42,Pune,IT Professional,General Fitness,Instagram,Churned,2
M02919,2024-06-25,Male,36,Pune,IT Professional,General Fitness,Facebook,Churned,1
M02920,2025-09-26,Female,33,Pune,Student,Bodybuilding,Instagram,Active,2
M02921,2024-03-04,Female,32,Pune,Finance,Weight Loss,Facebook,Churned,2
M02922,2024-11-06,Female,28,Pune,Sales/Marketing,Strength,Website,Churned,1
M02923,2024-11-23,Female,43,Nagpur,IT Professional,Weight Loss,Instagram,Churned,1
M02924,2024-10-31,Male,35,Nagpur,Healthcare,Weight Loss,Referral,Active,1
M02925,2025-08-11,Male,24,Pune,IT Professional,General Fitness,Website,Active,1
M02926,2024-09-26,Male,19,Pune,Student,Muscle Gain,Website,Churned,3
M02927,2025-09-12,Male,33,Pune,Finance,General Fitness,Referral,Active,1
M02928,2024-02-12,Male,29,Pune,Student,Weight Loss,Walk-in,Active,5
M02929,2025-04-13,Male,19,Mumbai,Sales/Marketing,Weight Loss,Referral,Active,4
M02930,2025-01-13,Male,32,Pune,IT Professional,Muscle Gain,Instagram,Active,4
M02931,2024-06-02,Male,27,Nagpur,Sales/Marketing,Weight Loss,Walk-in,Churned,3
M02932,2024-05-25,Male,33,Kolhapur,IT Professional,Weight Loss,Google,Churned,2
M02933,2025-04-04,Male,32,Mumbai,IT Professional,Weight Loss,Google,Active,1
M02934,2025-02-10,Male,25,Mumbai,Government,Muscle Gain,Google,Active,2
M02935,2025-01-24,Female,33,Pune,Business Owner,General Fitness,Facebook,Churned,1
M02936,2024-02-02,Male,26,Pune,IT Professional,Weight Loss,Instagram,Churned,1
M02937,2025-01-16,Female,26,Pune,Sales/Marketing,General Fitness,Google,Churned,1
M02938,2025-09-18,Female,25,Mumbai,IT Professional,General Fitness,Instagram,Active,2
M02939,2024-01-12,Male,37,Pune,Student,Muscle Gain,Instagram,Churned,2
M02940,2024-10-26,Male,27,Nagpur,IT Professional,Muscle Gain,Website,Churned,1
M02941,2024-11-11,Male,39,Pune,Healthcare,General Fitness,Referral,Churned,1
M02942,2025-07-26,Male,41,Pune,Healthcare,Strength,Instagram,Active,2
M02943,2024-06-29,Male,24,Pune,Sales/Marketing,Weight Loss,Website,Active,6
M02944,2024-10-30,Female,18,Kolhapur,Healthcare,Strength,Instagram,Churned,1
M02945,2025-04-02,Female,36,Pune,IT Professional,Weight Loss,Referral,Active,2
M02946,2024-02-08,Male,27,Pune,IT Professional,Muscle Gain,Facebook,Churned,1
M02947,2025-05-26,Male,23,Pune,Student,Muscle Gain,Walk-in,Active,2
M02948,2025-06-08,Male,25,Mumbai,Government,Weight Loss,Instagram,Churned,2
M02949,2025-04-04,Female,26,Kolhapur,Student,Weight Loss,Walk-in,Churned,3
M02950,2025-02-17,Male,38,Pune,Healthcare,Weight Loss,Walk-in,Active,3
M02951,2025-04-21,Male,30,Nagpur,Healthcare,Weight Loss,Walk-in,Churned,1
M02952,2025-05-13,Female,38,Pune,,General Fitness,Google,Active,3
M02953,2025-07-30,Male,32,Mumbai,Student,Weight Loss,Facebook,Active,4
M02954,2024-10-17,Male,27,Pune,IT Professional,Strength,Referral,Churned,1
M02955,2025-02-11,Male,26,Pune,Other,Strength,Walk-in,Churned,1
M02956,2024-05-03,Male,33,Mumbai,Healthcare,Muscle Gain,Website,Churned,2
M02957,2025-06-30,Male,35,Pune,Business Owner,Weight Loss,Facebook,Churned,1
M02958,2025-05-06,Male,36,Pune,Government,Muscle Gain,Walk-in,Active,1
M02959,2025-02-06,Male,27,Nagpur,Other,Strength,Google,Active,1
M02960,2024-07-11,Female,30,Kolhapur,IT Professional,Muscle Gain,Instagram,Churned,2
M02961,2024-08-09,Male,33,Pune,Other,Weight Loss,Referral,Churned,2
M02962,2024-10-04,Female,26,Mumbai,Student,Bodybuilding,Instagram,Churned,1
M02963,2025-02-26,Male,21,Nashik,Other,Muscle Gain,Walk-in,Churned,1
M02964,2025-05-11,Female,23,Pune,IT Professional,Muscle Gain,Walk-in,Churned,2
M02965,2025-03-04,Male,27,Nagpur,IT Professional,Strength,Referral,Churned,1
M02966,2025-08-16,Female,34,Pune,Student,Bodybuilding,Instagram,Active,2
M02967,2025-09-04,Male,38,Nashik,Sales/Marketing,Muscle Gain,Facebook,Active,1
M02968,2025-03-25,Male,20,Pune,Other,Muscle Gain,Referral,Churned,2
M02969,2024-08-24,Male,25,Pune,IT Professional,Muscle Gain,Referral,Churned,2
M02970,2025-01-17,Male,26,Pune,IT Professional,Weight Loss,,Active,2
M02971,2024-09-28,Female,35,Pune,IT Professional,Muscle Gain,Instagram,Churned,1
M02972,2025-02-05,Other,25,Nagpur,IT Professional,Weight Loss,Walk-in,Churned,2
M02973,2025-06-02,Female,26,Kolhapur,Sales/Marketing,General Fitness,Instagram,Active,2
M02974,2024-08-23,Male,19,Pune,Student,General Fitness,Referral,Churned,2
M02975,2024-11-18,Female,32,Pune,Other,Bodybuilding,Instagram,Active,1
M02976,2025-04-14,Female,28,Pune,Other,Strength,Instagram,Churned,3
M02977,2024-11-08,Male,24,Pune,Student,Weight Loss,Instagram,Churned,1
M02978,2024-10-20,Male,27,Pune,Business Owner,Weight Loss,Instagram,Churned,3
M02979,2024-12-05,Male,37,Nagpur,Other,Muscle Gain,Website,Active,4
M02980,2024-05-17,Male,22,Nashik,Sales/Marketing,Weight Loss,Facebook,Churned,1
M02981,2025-01-16,Male,23,Pune,Government,Weight Loss,,Active,2
M02982,2025-04-20,Female,38,Pune,Student,General Fitness,Instagram,Active,1
M02983,2024-08-11,Male,30,Mumbai,Student,Muscle Gain,Walk-in,Churned,1
M02984,2024-03-24,Male,34,Pune,Sales/Marketing,Weight Loss,Instagram,Churned,1
M02985,2024-09-03,Male,32,Pune,IT Professional,Muscle Gain,Referral,Churned,2
M02986,2024-05-06,Female,29,Pune,Finance,Bodybuilding,,Active,3
M02987,2024-08-26,Female,27,Pune,Government,General Fitness,Referral,Churned,1
M02988,2025-02-03,Female,35,Pune,IT Professional,Weight Loss,Website,Churned,1
M02989,2024-03-13,Male,37,Nashik,IT Professional,Muscle Gain,Instagram,Churned,3
M02990,2025-04-21,Male,37,Pune,IT Professional,Strength,Website,Churned,1
M02991,2024-05-23,Male,21,Mumbai,Sales/Marketing,Weight Loss,Facebook,Churned,1
M02992,2025-07-24,Male,38,Pune,IT Professional,General Fitness,Website,Active,2
M02993,2025-04-12,Male,26,Nagpur,Student,General Fitness,Walk-in,Active,3
M02994,2024-12-25,Female,24,Pune,Other,General Fitness,Facebook,Churned,2
M02995,2024-03-11,Female,28,Pune,Finance,Weight Loss,Referral,Churned,1
M02996,2024-03-04,Male,35,Pune,Healthcare,Strength,Facebook,Churned,3
M02997,2025-09-01,Female,33,Pune,Sales/Marketing,Muscle Gain,Instagram,Active,3
M02998,2025-05-26,Female,27,Pune,IT Professional,Weight Loss,Walk-in,Churned,1
M02999,2024-04-08,Male,35,Nashik,Other,Weight Loss,Walk-in,Churned,1
M03000,2024-06-29,Male,30,Pune,Sales/Marketing,Muscle Gain,Instagram,Churned,1
