Payment_ID,Membership_ID,Member_ID,Payment_Date,Amount,Payment_Method,Payment_Status
P000001,MS00001,M00001,2024-02-29,1800,Debit Card,Paid
P000002,MS00002,M00001,2024-03-26,1800,UPI,Paid
P000003,MS00003,M00001,2024-04-27,4800,Debit Card,Paid
P000004,MS00004,M00001,2024-07-29,1800,Net Banking,Paid
P000005,MS00005,M00001,2024-08-29,15000,Cash,Paid
P000006,MS00006,M00001,2025-08-27,4320,UPI,Paid Late
P000007,MS00007,M00001,2025-11-26,1710,Debit Card,Paid
P000008,MS00008,M00002,2025-05-08,1530,UPI,Paid
P000009,MS00009,M00003,2025-02-22,4800,Credit Card,Paid
P000010,MS00010,M00003,2025-05-23,13500,Credit Card,Paid Late
P000011,MS00011,M00004,2024-10-05,1800,UPI,Paid
P000012,MS00012,M00005,2025-07-02,4800,UPI,Paid
P000013,MS00013,M00005,2025-10-03,1620,UPI,Paid
P000014,MS00014,M00005,2025-11-02,1710,UPI,Paid
P000015,MS00015,M00006,2024-02-27,4320,Cash,Paid
P000016,MS00016,M00006,2024-05-24,1800,UPI,Paid
P000017,MS00017,M00007,2025-03-21,15000,Credit Card,Paid
P000018,MS00018,M00008,2024-05-09,4080,UPI,Paid
P000019,MS00019,M00008,2024-08-11,1620,UPI,Paid
P000020,MS00020,M00009,2024-03-03,4320,UPI,Paid
P000021,MS00021,M00009,2024-06-04,4800,UPI,Paid
P000022,MS00022,M00009,2024-09-04,1800,Credit Card,Paid Late
P000023,MS00023,M00009,2024-10-03,4320,Credit Card,Paid
P000024,MS00024,M00009,2025-01-04,1800,UPI,Paid
P000025,MS00025,M00009,2025-02-03,1710,Credit Card,Paid
P000026,MS00026,M00010,2024-12-04,4560,UPI,Paid
P000027,MS00027,M00011,2025-04-17,1800,Net Banking,Paid
P000028,MS00028,M00011,2025-05-17,1620,Credit Card,Paid
P000029,MS00029,M00012,2025-04-05,1800,UPI,Paid
P000030,MS00030,M00012,2025-05-02,15000,Credit Card,Paid Late
P000031,MS00031,M00013,2025-05-19,1800,Debit Card,Paid
P000032,MS00032,M00013,2025-06-18,15000,UPI,Paid
P000033,MS00033,M00014,2024-11-24,1710,UPI,Paid
P000034,MS00034,M00015,2024-03-25,4800,Credit Card,Paid
P000035,MS00035,M00015,2024-06-22,14250,UPI,Paid
P000036,MS00036,M00015,2025-06-23,1800,UPI,Paid
P000037,MS00037,M00015,2025-07-25,1800,Credit Card,Paid
P000038,MS00038,M00015,2025-08-22,4320,Cash,Paid
P000039,MS00039,M00016,2025-06-20,4320,UPI,Paid
P000040,MS00040,M00016,2025-09-21,4800,UPI,Paid
P000041,MS00041,M00016,2025-12-19,4800,UPI,Paid
P000042,MS00042,M00017,2024-10-14,4800,Debit Card,Paid
P000043,MS00043,M00017,2025-01-14,4560,UPI,Paid
P000044,MS00044,M00018,2024-11-16,1620,Debit Card,Paid
P000045,MS00045,M00018,2024-12-15,1710,Debit Card,Paid
P000046,MS00046,M00018,2025-01-16,1800,UPI,Paid
P000047,MS00047,M00019,2024-08-25,12750,UPI,Paid Late
P000048,MS00048,M00019,2025-08-27,1620,Debit Card,Paid
P000049,MS00049,M00019,2025-09-24,1800,Credit Card,Paid
P000050,MS00050,M00020,2024-04-27,4800,Cash,Paid
P000051,MS00051,M00020,2024-07-27,8080,Debit Card,Paid
P000052,MS00052,M00020,2025-01-27,1530,UPI,Paid
P000053,MS00053,M00021,2025-08-15,4560,UPI,Paid
P000054,MS00054,M00022,2025-05-14,1800,Credit Card,Paid
P000055,MS00055,M00022,2025-06-15,8500,Debit Card,Paid
P000056,MS00056,M00022,2025-12-15,1710,Debit Card,Paid
P000057,MS00057,M00023,2025-02-14,1800,UPI,Paid
P000058,MS00058,M00024,2024-09-15,1620,Debit Card,Paid
P000059,MS00059,M00024,2024-10-13,15000,Credit Card,Paid
P000060,MS00060,M00024,2025-10-13,1800,Debit Card,Paid
P000061,MS00061,M00025,2025-06-08,4320,UPI,Failed
P000062,MS00062,M00025,2025-09-10,4320,Debit Card,Paid
P000063,MS00063,M00025,2025-12-11,15000,Debit Card,Paid
P000064,MS00064,M00026,2024-12-14,8500,UPI,Paid
P000065,MS00065,M00026,2025-06-13,1710,Credit Card,Paid
P000066,MS00066,M00027,2024-10-12,1800,UPI,Paid
P000067,MS00067,M00027,2024-11-10,1800,Credit Card,Paid
P000068,MS00068,M00027,2024-12-09,8080,Cash,Paid
P000069,MS00069,M00027,2025-06-09,1800,UPI,Failed
P000070,MS00070,M00027,2025-07-11,1620,Credit Card,Paid
P000071,MS00071,M00028,2024-10-15,1800,Credit Card,Paid
P000072,MS00072,M00029,2024-05-24,15000,UPI,Paid
P000073,MS00073,M00030,2024-02-29,1710,Cash,Paid
P000074,MS00074,M00030,2024-03-28,4800,Cash,Paid
P000075,MS00075,M00030,2024-06-28,4560,UPI,Paid
P000076,MS00076,M00031,2024-12-19,1710,Credit Card,Paid
P000077,MS00077,M00031,2025-01-22,4800,Net Banking,Paid
P000078,MS00078,M00031,2025-04-20,1530,Debit Card,Paid
P000079,MS00079,M00032,2025-07-22,1710,Net Banking,Paid
P000080,MS00080,M00032,2025-08-20,1800,UPI,Failed
P000081,MS00081,M00033,2024-02-11,13500,Cash,Paid
P000082,MS00082,M00033,2025-02-11,1620,Credit Card,Paid
P000083,MS00083,M00033,2025-03-10,4080,UPI,Paid
P000084,MS00084,M00033,2025-06-12,1620,Cash,Paid
P000085,MS00085,M00034,2025-07-01,14250,UPI,Paid Late
P000086,MS00086,M00035,2025-06-13,7650,UPI,Paid
P000087,MS00087,M00036,2024-06-28,1710,Credit Card,Paid
P000088,MS00088,M00036,2024-07-25,1530,Debit Card,Paid
P000089,MS00089,M00037,2024-04-18,4080,UPI,Paid
P000090,MS00090,M00037,2024-07-18,8080,UPI,Paid Late
P000091,MS00091,M00037,2025-01-16,4560,Credit Card,Paid
P000092,MS00092,M00038,2025-04-29,1620,Credit Card,Paid
P000093,MS00093,M00038,2025-05-31,1710,Cash,Paid
P000094,MS00094,M00039,2025-03-25,15000,Credit Card,Paid
P000095,MS00095,M00040,2024-08-14,4320,UPI,Paid
P000096,MS00096,M00041,2024-02-15,8080,Debit Card,Paid
P000097,MS00097,M00042,2025-09-13,1620,UPI,Paid
P000098,MS00098,M00043,2024-10-13,1710,Credit Card,Failed
P000099,MS00099,M00044,2025-07-25,1800,Cash,Paid
P000100,MS00100,M00045,2025-03-09,14250,Cash,Paid
P000101,MS00101,M00046,2025-05-14,4800,UPI,Paid
P000102,MS00102,M00046,2025-08-14,1710,UPI,Paid
P000103,MS00103,M00046,2025-09-13,1800,Debit Card,Paid
P000104,MS00104,M00047,2025-05-01,1800,Credit Card,Paid
P000105,MS00105,M00048,2024-05-05,7650,Cash,Paid
P000106,MS00106,M00048,2024-11-06,4320,Debit Card,Paid
P000107,MS00107,M00049,2024-08-20,4800,Cash,Paid
P000108,MS00108,M00049,2024-11-22,1800,UPI,Paid
P000109,MS00109,M00050,2024-10-27,1710,Credit Card,Paid
P000110,MS00110,M00051,2024-11-14,4800,Debit Card,Paid Late
P000111,MS00111,M00052,2024-01-31,1800,UPI,Paid
P000112,MS00112,M00052,2024-02-29,1620,UPI,Paid
P000113,MS00113,M00052,2024-03-31,8500,UPI,Paid
P000114,MS00114,M00053,2024-12-16,1530,UPI,Paid
P000115,MS00115,M00053,2025-01-17,7650,UPI,Paid Late
P000116,MS00116,M00053,2025-07-15,1710,Credit Card,Paid
P000117,MS00117,M00054,2024-04-10,4560,UPI,Paid
P000118,MS00118,M00055,2025-04-21,14250,UPI,Paid
P000119,MS00119,M00056,2025-03-12,1710,Net Banking,Paid
P000120,MS00120,M00057,2025-08-13,1800,Credit Card,Paid
P000121,MS00121,M00057,2025-09-14,1530,Debit Card,Paid
P000122,MS00122,M00058,2025-04-20,1800,UPI,Paid
P000123,MS00123,M00058,2025-05-20,4560,Credit Card,Paid
P000124,MS00124,M00058,2025-08-23,1620,UPI,Paid
P000125,MS00125,M00059,2024-08-21,4560,Debit Card,Paid
P000126,MS00126,M00060,2025-09-11,4080,Debit Card,Paid
P000127,MS00127,M00060,2025-12-12,1800,Cash,Paid
P000128,MS00128,M00061,2024-09-20,4800,Cash,Paid Late
P000129,MS00129,M00062,2024-07-27,15000,UPI,Paid Late
P000130,MS00130,M00062,2025-07-26,4800,UPI,Paid
P000131,MS00131,M00063,2025-08-01,1620,Credit Card,Paid
P000132,MS00132,M00064,2024-08-27,13500,Credit Card,Paid
P000133,MS00133,M00064,2025-08-27,1710,Credit Card,Paid
P000134,MS00134,M00064,2025-09-24,4800,UPI,Paid
P000135,MS00135,M00064,2025-12-24,4560,UPI,Paid
P000136,MS00136,M00065,2024-02-19,4800,Credit Card,Paid
P000137,MS00137,M00066,2024-10-26,4560,Cash,Paid
P000138,MS00138,M00066,2025-01-28,4800,Debit Card,Paid
P000139,MS00139,M00067,2025-05-23,1620,Credit Card,Paid
P000140,MS00140,M00068,2024-05-02,4320,Net Banking,Paid Late
P000141,MS00141,M00069,2024-10-22,1620,UPI,Paid
P000142,MS00142,M00070,2024-03-25,1800,Credit Card,Paid
P000143,MS00143,M00071,2025-03-15,1710,Cash,Paid
P000144,MS00144,M00072,2024-11-02,8500,UPI,Paid
P000145,MS00145,M00072,2025-05-03,8500,UPI,Paid
P000146,MS00146,M00072,2025-10-30,1800,UPI,Paid
P000147,MS00147,M00072,2025-11-30,1710,UPI,Paid
P000148,MS00148,M00073,2024-07-29,13500,Debit Card,Paid
P000149,MS00149,M00073,2025-08-01,1620,Debit Card,Paid
P000150,MS00150,M00073,2025-08-29,1800,Debit Card,Paid
P000151,MS00151,M00074,2024-05-24,1800,Debit Card,Paid
P000152,MS00152,M00075,2024-12-28,8500,UPI,Paid
P000153,MS00153,M00076,2025-03-05,1800,UPI,Paid
P000154,MS00154,M00076,2025-04-05,1800,UPI,Paid
P000155,MS00155,M00077,2025-08-24,1530,Debit Card,Paid
P000156,MS00156,M00077,2025-09-23,1710,Net Banking,Paid
P000157,MS00157,M00078,2024-10-05,1800,UPI,Paid
P000158,MS00158,M00079,2024-04-15,1710,Debit Card,Paid
P000159,MS00159,M00080,2025-06-15,1620,UPI,Paid
P000160,MS00160,M00080,2025-07-15,12750,Cash,Paid
P000161,MS00161,M00081,2025-02-05,13500,UPI,Paid
P000162,MS00162,M00082,2025-03-23,1800,Debit Card,Paid
P000163,MS00163,M00082,2025-04-24,4560,UPI,Paid
P000164,MS00164,M00083,2024-03-05,1800,UPI,Paid
P000165,MS00165,M00083,2024-04-06,15000,UPI,Paid
P000166,MS00166,M00083,2025-04-06,1530,Debit Card,Paid
P000167,MS00167,M00083,2025-05-03,4800,Net Banking,Paid
P000168,MS00168,M00083,2025-08-03,4560,UPI,Paid
P000169,MS00169,M00084,2024-07-21,1530,UPI,Paid
P000170,MS00170,M00085,2025-05-05,15000,UPI,Paid
P000171,MS00171,M00086,2025-06-14,1620,UPI,Paid
P000172,MS00172,M00087,2024-10-04,4800,Debit Card,Paid
P000173,MS00173,M00087,2025-01-04,1620,Credit Card,Paid
P000174,MS00174,M00087,2025-02-04,1800,Net Banking,Paid
P000175,MS00175,M00087,2025-03-04,15000,UPI,Paid
P000176,MS00176,M00088,2025-05-30,4560,UPI,Paid
P000177,MS00177,M00088,2025-08-29,4560,UPI,Paid
P000178,MS00178,M00088,2025-12-01,15000,UPI,Paid
P000179,MS00179,M00089,2025-06-21,1710,Debit Card,Failed
P000180,MS00180,M00089,2025-07-23,1800,Debit Card,Paid Late
P000181,MS00181,M00089,2025-08-21,1620,Cash,Paid
P000182,MS00182,M00089,2025-09-21,14250,UPI,Paid
P000183,MS00183,M00090,2024-09-05,15000,UPI,Paid
P000184,MS00184,M00090,2025-09-04,1800,Debit Card,Paid Late
P000185,MS00185,M00090,2025-10-06,4320,Cash,Paid
P000186,MS00186,M00091,2025-07-26,8500,UPI,Paid Late
P000187,MS00187,M00092,2024-07-04,1710,Debit Card,Paid
P000188,MS00188,M00093,2024-06-01,1800,Credit Card,Paid
P000189,MS00189,M00094,2025-03-14,8500,Credit Card,Paid
P000190,MS00190,M00095,2025-02-10,4800,Debit Card,Paid Late
P000191,MS00191,M00095,2025-05-11,15000,Net Banking,Paid
P000192,MS00192,M00096,2024-03-30,7650,Debit Card,Paid
P000193,MS00193,M00097,2025-06-18,8500,UPI,Paid
P000194,MS00194,M00098,2024-05-09,1620,UPI,Paid
P000195,MS00195,M00098,2024-06-07,1800,UPI,Paid
P000196,MS00196,M00099,2025-05-30,4320,Cash,Paid
P000197,MS00197,M00099,2025-08-30,1710,UPI,Paid
P000198,MS00198,M00099,2025-09-30,4080,UPI,Paid
P000199,MS00199,M00100,2024-01-08,1710,Debit Card,Paid
P000200,MS00200,M00101,2025-05-24,4320,Debit Card,Paid
P000201,MS00201,M00101,2025-08-26,8500,UPI,Paid
P000202,MS00202,M00102,2025-05-17,13500,UPI,Paid Late
P000203,MS00203,M00103,2025-05-13,8500,Credit Card,Paid
P000204,MS00204,M00103,2025-11-15,4560,Debit Card,Paid
P000205,MS00205,M00104,2025-03-03,4560,UPI,Paid
P000206,MS00206,M00104,2025-05-30,4560,Credit Card,Paid Late
P000207,MS00207,M00104,2025-08-31,1710,Debit Card,Paid
P000208,MS00208,M00105,2024-10-28,1800,Cash,Paid
P000209,MS00209,M00106,2025-03-28,8080,UPI,Paid
P000210,MS00210,M00107,2024-06-26,14250,Debit Card,Paid
P000211,MS00211,M00107,2025-06-28,4320,Cash,Paid
P000212,MS00212,M00108,2025-05-14,1620,Net Banking,Paid
P000213,MS00213,M00109,2024-12-20,1530,Credit Card,Paid
P000214,MS00214,M00110,2024-10-20,7220,Debit Card,Paid
P000215,MS00215,M00110,2025-04-19,8500,Debit Card,Paid
P000216,MS00216,M00111,2024-11-21,7650,Credit Card,Paid
P000217,MS00217,M00112,2024-12-31,8500,Debit Card,Paid
P000218,MS00218,M00112,2025-06-28,1620,Cash,Paid
P000219,MS00219,M00113,2024-01-25,4800,UPI,Paid
P000220,MS00220,M00113,2024-04-27,1530,Debit Card,Paid
P000221,MS00221,M00114,2024-04-01,4320,UPI,Paid
P000222,MS00222,M00114,2024-06-30,1710,UPI,Paid
P000223,MS00223,M00115,2024-06-06,1800,UPI,Paid
P000224,MS00224,M00116,2024-03-17,1800,Cash,Paid
P000225,MS00225,M00117,2024-10-07,15000,Credit Card,Paid
P000226,MS00226,M00117,2025-10-10,1800,Debit Card,Paid
P000227,MS00227,M00118,2025-03-02,1800,Debit Card,Failed
P000228,MS00228,M00119,2025-02-23,8500,Net Banking,Paid
P000229,MS00229,M00119,2025-08-21,8080,Debit Card,Paid
P000230,MS00230,M00120,2024-10-27,1620,UPI,Paid
P000231,MS00231,M00120,2024-11-29,1620,Credit Card,Paid
P000232,MS00232,M00121,2025-07-01,1800,UPI,Paid
P000233,MS00233,M00122,2024-12-28,1800,UPI,Paid
P000234,MS00234,M00122,2025-01-26,1620,UPI,Paid
P000235,MS00235,M00122,2025-02-28,4560,UPI,Failed
P000236,MS00236,M00122,2025-05-28,4800,Net Banking,Paid Late
P000237,MS00237,M00123,2024-02-21,7650,Cash,Paid
P000238,MS00238,M00123,2024-08-22,8080,UPI,Paid
P000239,MS00239,M00123,2025-02-20,1800,UPI,Paid
P000240,MS00240,M00123,2025-03-23,1620,Credit Card,Paid
P000241,MS00241,M00124,2025-05-03,1530,Debit Card,Paid
P000242,MS00242,M00125,2025-01-04,4080,UPI,Paid
P000243,MS00243,M00126,2025-02-11,4800,UPI,Paid
P000244,MS00244,M00126,2025-05-10,15000,Debit Card,Paid
P000245,MS00245,M00127,2024-12-28,1710,Net Banking,Paid
P000246,MS00246,M00127,2025-01-28,15000,Credit Card,Paid
P000247,MS00247,M00128,2024-02-28,4560,UPI,Paid
P000248,MS00248,M00128,2024-05-27,1620,Credit Card,Paid
P000249,MS00249,M00129,2024-12-22,1620,UPI,Paid Late
P000250,MS00250,M00130,2025-05-24,1710,Credit Card,Paid
P000251,MS00251,M00131,2024-07-15,8500,Debit Card,Paid
P000252,MS00252,M00131,2025-01-13,1800,Cash,Paid
P000253,MS00253,M00131,2025-02-13,4560,UPI,Paid
P000254,MS00254,M00131,2025-05-15,4800,UPI,Paid
P000255,MS00255,M00131,2025-08-12,7650,Debit Card,Paid
P000256,MS00256,M00132,2025-01-19,7650,UPI,Paid
P000257,MS00257,M00132,2025-07-20,15000,Debit Card,Paid
P000258,MS00258,M00133,2024-01-23,8080,Credit Card,Paid
P000259,MS00259,M00133,2024-07-20,1800,UPI,Paid
P000260,MS00260,M00133,2024-08-23,1530,Cash,Paid Late
P000261,MS00261,M00133,2024-09-23,8500,UPI,Paid
P000262,MS00262,M00133,2025-03-21,15000,UPI,Paid
P000263,MS00263,M00134,2024-08-12,8500,Cash,Paid
P000264,MS00264,M00134,2025-02-12,15000,Debit Card,Paid
P000265,MS00265,M00135,2024-10-08,1800,Cash,Paid
P000266,MS00266,M00135,2024-11-07,4800,Net Banking,Paid
P000267,MS00267,M00136,2025-09-18,8080,Cash,Paid
P000268,MS00268,M00137,2024-05-18,4320,Cash,Paid
P000269,MS00269,M00137,2024-08-19,8080,Cash,Paid
P000270,MS00270,M00138,2024-06-28,15000,UPI,Paid
P000271,MS00271,M00138,2025-06-27,4560,Debit Card,Paid
P000272,MS00272,M00139,2024-09-20,1710,Credit Card,Paid
P000273,MS00273,M00140,2025-09-28,15000,Net Banking,Paid
P000274,MS00274,M00141,2025-06-28,1710,Credit Card,Paid
P000275,MS00275,M00141,2025-07-29,4800,UPI,Paid
P000276,MS00276,M00141,2025-10-29,1620,Net Banking,Paid Late
P000277,MS00277,M00142,2024-01-26,4560,UPI,Paid
P000278,MS00278,M00142,2024-04-23,1800,UPI,Paid
P000279,MS00279,M00142,2024-05-26,15000,Debit Card,Paid
P000280,MS00280,M00142,2025-05-23,7650,UPI,Paid
P000281,MS00281,M00142,2025-11-26,14250,UPI,Paid
P000282,MS00282,M00143,2024-06-01,8500,Cash,Paid
P000283,MS00283,M00144,2025-06-10,4320,Debit Card,Paid Late
P000284,MS00284,M00145,2024-02-10,4800,UPI,Paid
P000285,MS00285,M00145,2024-05-07,8080,Credit Card,Paid
P000286,MS00286,M00146,2025-07-01,1710,UPI,Paid
P000287,MS00287,M00147,2024-06-29,8500,UPI,Paid
P000288,MS00288,M00147,2024-12-28,13500,UPI,Paid Late
P000289,MS00289,M00147,2025-12-30,4800,Debit Card,Paid
P000290,MS00290,M00148,2025-08-09,1800,Credit Card,Paid
P000291,MS00291,M00149,2024-07-08,1620,UPI,Paid
P000292,MS00292,M00149,2024-08-09,1800,Cash,Paid Late
P000293,MS00293,M00149,2024-09-07,4320,UPI,Paid
P000294,MS00294,M00150,2024-10-05,7650,UPI,Paid
P000295,MS00295,M00151,2025-02-26,4560,UPI,Paid Late
P000296,MS00296,M00151,2025-05-29,1710,Net Banking,Paid
P000297,MS00297,M00152,2024-03-24,1530,UPI,Paid
P000298,MS00298,M00152,2024-04-21,7220,UPI,Paid
P000299,MS00299,M00152,2024-10-21,13500,UPI,Failed
P000300,MS00300,M00152,2025-10-22,14250,Cash,Paid
P000301,MS00301,M00153,2024-12-21,4800,UPI,Paid
P000302,MS00302,M00153,2025-03-22,1800,Cash,Paid
P000303,MS00303,M00154,2024-11-21,12750,UPI,Paid
P000304,MS00304,M00154,2025-11-21,4560,UPI,Paid
P000305,MS00305,M00155,2025-05-15,4800,UPI,Paid Late
P000306,MS00306,M00156,2025-09-30,1620,UPI,Paid
P000307,MS00307,M00157,2025-02-27,8500,Credit Card,Paid
P000308,MS00308,M00157,2025-08-28,15000,UPI,Paid
P000309,MS00309,M00158,2024-09-18,13500,UPI,Paid
P000310,MS00310,M00158,2025-09-21,1710,Cash,Paid
P000311,MS00311,M00159,2024-09-18,1800,UPI,Paid
P000312,MS00312,M00159,2024-10-19,4800,Debit Card,Paid
P000313,MS00313,M00160,2024-09-25,1800,UPI,Paid
P000314,MS00314,M00161,2025-06-06,14250,UPI,Paid
P000315,MS00315,M00162,2024-07-25,1800,Debit Card,Paid
P000316,MS00316,M00162,2024-08-25,1620,UPI,Paid
P000317,MS00317,M00163,2024-04-18,1800,UPI,Paid
P000318,MS00318,M00164,2024-08-01,4800,UPI,Paid
P000319,MS00319,M00164,2024-11-02,1800,Credit Card,Paid
P000320,MS00320,M00164,2024-12-01,4800,Credit Card,Paid
P000321,MS00321,M00164,2025-03-01,1800,Cash,Paid
P000322,MS00322,M00164,2025-04-01,13500,UPI,Paid
P000323,MS00323,M00165,2024-01-18,4560,UPI,Paid
P000324,MS00324,M00165,2024-04-18,4080,UPI,Paid
P000325,MS00325,M00165,2024-07-18,4560,Debit Card,Paid
P000326,MS00326,M00165,2024-10-16,1710,Credit Card,Paid
P000327,MS00327,M00165,2024-11-17,8080,UPI,Paid
P000328,MS00328,M00165,2025-05-15,13500,Debit Card,Paid
P000329,MS00329,M00166,2024-03-09,13500,UPI,Paid
P000330,MS00330,M00166,2025-03-08,4560,UPI,Paid
P000331,MS00331,M00167,2024-02-28,14250,UPI,Paid
P000332,MS00332,M00167,2025-03-02,1620,Debit Card,Paid
P000333,MS00333,M00167,2025-03-27,1800,UPI,Paid
P000334,MS00334,M00168,2025-04-06,1800,UPI,Paid
P000335,MS00335,M00168,2025-05-05,1800,UPI,Paid
P000336,MS00336,M00168,2025-06-06,4800,UPI,Paid
P000337,MS00337,M00168,2025-09-08,4800,Cash,Paid
P000338,MS00338,M00168,2025-12-05,1800,Credit Card,Paid
P000339,MS00339,M00169,2025-03-20,15000,Cash,Paid
P000340,MS00340,M00170,2024-10-23,14250,UPI,Paid
P000341,MS00341,M00171,2025-04-03,4560,Debit Card,Paid
P000342,MS00342,M00172,2024-04-13,1620,Net Banking,Paid
P000343,MS00343,M00173,2025-07-28,4800,UPI,Paid
P000344,MS00344,M00173,2025-10-31,1530,UPI,Failed
P000345,MS00345,M00174,2024-11-16,8500,Credit Card,Paid
P000346,MS00346,M00174,2025-05-15,1800,Cash,Paid
P000347,MS00347,M00175,2025-08-23,13500,Debit Card,Paid Late
P000348,MS00348,M00176,2024-04-09,1710,Credit Card,Paid
P000349,MS00349,M00177,2024-11-14,4560,Net Banking,Paid
P000350,MS00350,M00177,2025-02-15,1530,UPI,Paid
P000351,MS00351,M00178,2025-03-21,15000,Credit Card,Paid
P000352,MS00352,M00179,2024-11-15,1620,Debit Card,Paid Late
P000353,MS00353,M00179,2024-12-14,4800,UPI,Paid
P000354,MS00354,M00179,2025-03-14,1710,UPI,Paid
P000355,MS00355,M00180,2024-10-11,14250,UPI,Paid
P000356,MS00356,M00180,2025-10-11,8500,UPI,Paid
P000357,MS00357,M00181,2024-04-19,8080,UPI,Paid
P000358,MS00358,M00181,2024-10-18,1800,Cash,Paid
P000359,MS00359,M00182,2024-09-01,4560,Net Banking,Paid
P000360,MS00360,M00182,2024-12-03,8500,UPI,Paid
P000361,MS00361,M00182,2025-06-01,4800,UPI,Paid
P000362,MS00362,M00182,2025-09-02,1800,Cash,Paid
P000363,MS00363,M00183,2024-06-02,7220,UPI,Paid
P000364,MS00364,M00184,2024-07-11,1800,UPI,Paid
P000365,MS00365,M00185,2025-03-12,1530,UPI,Paid
P000366,MS00366,M00185,2025-04-15,4560,UPI,Paid
P000367,MS00367,M00186,2025-02-08,4560,Debit Card,Paid
P000368,MS00368,M00186,2025-05-07,4320,UPI,Paid
P000369,MS00369,M00186,2025-08-08,8500,UPI,Paid
P000370,MS00370,M00187,2025-01-25,15000,UPI,Paid
P000371,MS00371,M00188,2024-08-21,4080,Cash,Paid
P000372,MS00372,M00188,2024-11-19,1620,Debit Card,Paid Late
P000373,MS00373,M00189,2025-09-06,4800,Credit Card,Paid Late
P000374,MS00374,M00189,2025-12-05,14250,Credit Card,Paid
P000375,MS00375,M00190,2024-02-26,14250,Cash,Paid
P000376,MS00376,M00190,2025-02-27,4320,Cash,Paid
P000377,MS00377,M00191,2024-08-07,1530,Net Banking,Paid
P000378,MS00378,M00192,2024-03-18,8500,UPI,Paid
P000379,MS00379,M00192,2024-09-18,4320,Debit Card,Paid
P000380,MS00380,M00192,2024-12-16,1620,UPI,Failed
P000381,MS00381,M00193,2024-08-04,1800,UPI,Paid
P000382,MS00382,M00193,2024-09-04,1800,UPI,Paid
P000383,MS00383,M00194,2025-09-05,4800,Credit Card,Paid
P000384,MS00384,M00194,2025-12-06,15000,Net Banking,Paid Late
P000385,MS00385,M00195,2024-08-21,1620,UPI,Paid
P000386,MS00386,M00196,2025-08-02,1710,Cash,Paid
P000387,MS00387,M00197,2024-11-14,1620,UPI,Paid
P000388,MS00388,M00197,2024-12-13,4080,Credit Card,Paid
P000389,MS00389,M00197,2025-03-13,1800,UPI,Paid
P000390,MS00390,M00198,2025-03-24,1800,Cash,Paid Late
P000391,MS00391,M00199,2024-10-21,8080,UPI,Paid
P000392,MS00392,M00200,2024-06-18,1710,UPI,Failed
P000393,MS00393,M00201,2025-05-02,1620,Cash,Paid
P000394,MS00394,M00202,2025-09-12,1800,Credit Card,Paid
P000395,MS00395,M00202,2025-10-11,15000,UPI,Paid
P000396,MS00396,M00203,2024-06-17,1530,UPI,Paid
P000397,MS00397,M00204,2025-05-13,1800,Cash,Paid
P000398,MS00398,M00205,2024-06-15,1800,Cash,Paid
P000399,MS00399,M00206,2025-04-05,13500,Debit Card,Paid
P000400,MS00400,M00207,2025-05-21,4320,UPI,Paid
P000401,MS00401,M00207,2025-08-20,8080,UPI,Paid
P000402,MS00402,M00208,2024-10-13,15000,Cash,Paid
P000403,MS00403,M00208,2025-10-14,4800,Debit Card,Paid
P000404,MS00404,M00209,2025-04-18,15000,UPI,Paid
P000405,MS00405,M00210,2024-06-23,4320,Net Banking,Paid
P000406,MS00406,M00211,2024-02-23,1800,UPI,Paid
P000407,MS00407,M00212,2024-03-03,1710,UPI,Paid
P000408,MS00408,M00212,2024-04-05,1530,Cash,Paid
P000409,MS00409,M00213,2024-10-12,8500,UPI,Paid
P000410,MS00410,M00214,2025-07-30,4080,UPI,Paid
P000411,MS00411,M00214,2025-10-31,1710,UPI,Paid
P000412,MS00412,M00215,2024-03-24,1800,Credit Card,Paid
P000413,MS00413,M00216,2024-10-18,13500,UPI,Paid
P000414,MS00414,M00217,2025-03-25,4320,Cash,Paid
P000415,MS00415,M00217,2025-06-27,1710,UPI,Paid
P000416,MS00416,M00218,2024-05-09,4800,UPI,Paid Late
P000417,MS00417,M00219,2025-04-07,8500,UPI,Paid
P000418,MS00418,M00220,2024-07-16,1800,Credit Card,Paid
P000419,MS00419,M00220,2024-08-16,4800,UPI,Paid
P000420,MS00420,M00221,2025-05-30,8080,UPI,Paid
P000421,MS00421,M00222,2025-01-07,15000,UPI,Paid
P000422,MS00422,M00223,2024-12-15,1710,UPI,Paid
P000423,MS00423,M00223,2025-01-14,4560,UPI,Paid
P000424,MS00424,M00223,2025-04-17,1800,UPI,Paid
P000425,MS00425,M00223,2025-05-15,8080,UPI,Paid
P000426,MS00426,M00223,2025-11-14,4560,UPI,Paid
P000427,MS00427,M00224,2024-04-22,1800,UPI,Paid
P000428,MS00428,M00224,2024-05-24,1620,Net Banking,Paid
P000429,MS00429,M00224,2024-06-24,1800,UPI,Paid
P000430,MS00430,M00224,2024-07-22,1800,Net Banking,Paid
P000431,MS00431,M00224,2024-08-22,15000,UPI,Paid
P000432,MS00432,M00224,2025-08-22,4800,UPI,Paid
P000433,MS00433,M00224,2025-11-24,1620,Net Banking,Paid
P000434,MS00434,M00225,2024-10-22,4800,UPI,Paid
P000435,MS00435,M00225,2025-01-25,1620,Debit Card,Paid
P000436,MS00436,M00225,2025-02-23,4800,Net Banking,Paid
P000437,MS00437,M00225,2025-05-25,1800,Cash,Paid
P000438,MS00438,M00226,2025-07-01,4800,Credit Card,Paid
P000439,MS00439,M00226,2025-10-02,8080,UPI,Paid
P000440,MS00440,M00227,2024-01-13,4560,UPI,Failed
P000441,MS00441,M00228,2025-04-28,1710,UPI,Paid
P000442,MS00442,M00229,2024-11-13,1620,Cash,Paid
P000443,MS00443,M00229,2024-12-10,1620,Debit Card,Paid
P000444,MS00444,M00230,2025-04-04,1710,Net Banking,Paid
P000445,MS00445,M00230,2025-05-07,4800,Cash,Paid Late
P000446,MS00446,M00231,2025-02-28,1800,Credit Card,Failed
P000447,MS00447,M00232,2024-10-03,1800,Debit Card,Paid
P000448,MS00448,M00232,2024-11-03,4800,Credit Card,Paid
P000449,MS00449,M00232,2025-02-05,1710,Net Banking,Paid
P000450,MS00450,M00233,2024-07-17,1710,Credit Card,Paid
P000451,MS00451,M00233,2024-08-17,1620,Cash,Paid
P000452,MS00452,M00234,2025-02-07,7220,Credit Card,Paid
P000453,MS00453,M00234,2025-08-05,4800,Debit Card,Paid
P000454,MS00454,M00235,2024-03-30,4800,UPI,Paid
P000455,MS00455,M00236,2025-01-07,4080,Net Banking,Paid
P000456,MS00456,M00237,2024-03-02,8080,Debit Card,Paid
P000457,MS00457,M00237,2024-09-04,8500,UPI,Paid
P000458,MS00458,M00237,2025-03-04,13500,Credit Card,Paid
P000459,MS00459,M00238,2025-02-19,1800,Cash,Paid
P000460,MS00460,M00239,2025-02-08,1800,UPI,Paid
P000461,MS00461,M00239,2025-03-07,8080,Credit Card,Paid
P000462,MS00462,M00239,2025-09-05,4800,Debit Card,Paid
P000463,MS00463,M00240,2024-02-24,4560,UPI,Failed
P000464,MS00464,M00240,2024-05-26,1800,Cash,Paid
P000465,MS00465,M00241,2025-04-28,1710,UPI,Paid
P000466,MS00466,M00241,2025-05-31,13500,UPI,Failed
P000467,MS00467,M00242,2024-09-23,4560,UPI,Paid
P000468,MS00468,M00243,2025-05-19,13500,Net Banking,Paid
P000469,MS00469,M00244,2024-01-27,4800,Net Banking,Paid
P000470,MS00470,M00245,2024-04-24,8500,Credit Card,Paid
P000471,MS00471,M00245,2024-10-26,1800,UPI,Paid
P000472,MS00472,M00246,2024-11-13,1620,UPI,Paid
P000473,MS00473,M00246,2024-12-14,4320,Credit Card,Paid
P000474,MS00474,M00247,2024-05-03,8500,Debit Card,Paid
P000475,MS00475,M00247,2024-11-02,7650,Cash,Paid
P000476,MS00476,M00248,2024-07-29,8500,Credit Card,Paid
P000477,MS00477,M00248,2025-01-30,14250,Net Banking,Paid
P000478,MS00478,M00249,2025-02-25,4320,UPI,Paid
P000479,MS00479,M00250,2024-04-03,1620,Net Banking,Paid
P000480,MS00480,M00250,2024-05-04,1620,UPI,Paid
P000481,MS00481,M00250,2024-06-05,1710,Debit Card,Paid
P000482,MS00482,M00251,2025-03-08,1710,UPI,Paid
P000483,MS00483,M00252,2024-03-08,1620,UPI,Paid
P000484,MS00484,M00253,2024-04-22,7650,Credit Card,Failed
P000485,MS00485,M00254,2025-01-10,8500,Net Banking,Paid
P000486,MS00486,M00255,2025-05-22,4800,Credit Card,Paid
P000487,MS00487,M00255,2025-08-21,8500,Net Banking,Paid
P000488,MS00488,M00256,2024-04-20,4800,Cash,Paid
P000489,MS00489,M00257,2024-07-12,1620,Credit Card,Paid
P000490,MS00490,M00258,2025-08-14,1710,Credit Card,Paid
P000491,MS00491,M00258,2025-09-16,1710,UPI,Paid
P000492,MS00492,M00258,2025-10-13,8080,Debit Card,Paid
P000493,MS00493,M00259,2025-09-25,1620,Net Banking,Paid
P000494,MS00494,M00259,2025-10-24,4800,UPI,Paid
P000495,MS00495,M00260,2025-01-06,1710,Cash,Paid
P000496,MS00496,M00261,2024-10-14,1710,Net Banking,Paid
P000497,MS00497,M00261,2024-11-14,1800,Credit Card,Paid
P000498,MS00498,M00262,2024-08-11,15000,Credit Card,Paid
P000499,MS00499,M00263,2025-01-28,8500,UPI,Paid
P000500,MS00500,M00263,2025-07-27,1800,Cash,Paid
P000501,MS00501,M00264,2025-01-15,4800,Credit Card,Paid
P000502,MS00502,M00265,2024-07-10,1620,Debit Card,Paid
P000503,MS00503,M00266,2024-01-17,1710,UPI,Paid
P000504,MS00504,M00266,2024-02-18,15000,Credit Card,Paid
P000505,MS00505,M00267,2024-04-06,14250,Credit Card,Paid
P000506,MS00506,M00267,2025-04-08,4800,Debit Card,Paid
P000507,MS00507,M00268,2025-09-03,1620,UPI,Paid
P000508,MS00508,M00269,2024-09-26,1800,Debit Card,Paid
P000509,MS00509,M00269,2024-10-23,1710,UPI,Paid
P000510,MS00510,M00269,2024-11-25,15000,Credit Card,Paid
P000511,MS00511,M00269,2025-11-23,1800,Net Banking,Paid
P000512,MS00512,M00270,2024-11-03,1710,Cash,Paid
P000513,MS00513,M00271,2024-10-27,1800,Net Banking,Paid
P000514,MS00514,M00271,2024-11-25,1620,UPI,Paid
P000515,MS00515,M00271,2024-12-27,1710,Credit Card,Paid
P000516,MS00516,M00271,2025-01-28,13500,UPI,Paid
P000517,MS00517,M00272,2025-05-15,4800,Cash,Paid
P000518,MS00518,M00272,2025-08-16,8500,Cash,Paid
P000519,MS00519,M00273,2024-02-11,4320,UPI,Failed
P000520,MS00520,M00273,2024-05-12,1620,Debit Card,Paid
P000521,MS00521,M00273,2024-06-12,15000,Credit Card,Paid
P000522,MS00522,M00274,2024-02-23,15000,UPI,Paid
P000523,MS00523,M00275,2024-06-24,1800,UPI,Paid
P000524,MS00524,M00275,2024-07-26,4800,UPI,Paid Late
P000525,MS00525,M00275,2024-10-24,13500,Credit Card,Paid
P000526,MS00526,M00275,2025-10-27,4800,UPI,Paid
P000527,MS00527,M00276,2024-11-07,12750,UPI,Paid
P000528,MS00528,M00276,2025-11-08,1800,UPI,Paid Late
P000529,MS00529,M00276,2025-12-08,1800,UPI,Paid
P000530,MS00530,M00277,2025-03-06,1620,UPI,Paid Late
P000531,MS00531,M00278,2024-11-11,4800,UPI,Paid
P000532,MS00532,M00279,2024-10-08,1620,UPI,Paid
P000533,MS00533,M00279,2024-11-11,15000,UPI,Paid Late
P000534,MS00534,M00280,2025-08-21,1620,UPI,Paid Late
P000535,MS00535,M00281,2024-04-12,1620,UPI,Paid
P000536,MS00536,M00281,2024-05-15,4800,Credit Card,Paid
P000537,MS00537,M00282,2024-12-31,8500,UPI,Paid
P000538,MS00538,M00283,2024-12-13,14250,UPI,Paid
P000539,MS00539,M00283,2025-12-14,1800,UPI,Paid Late
P000540,MS00540,M00284,2024-10-31,1620,Cash,Paid
P000541,MS00541,M00285,2025-05-31,4800,UPI,Paid
P000542,MS00542,M00285,2025-08-30,8080,Net Banking,Paid
P000543,MS00543,M00286,2024-06-19,4800,Cash,Paid
P000544,MS00544,M00287,2025-08-31,4800,Credit Card,Paid
P000545,MS00545,M00288,2024-08-02,1800,Debit Card,Paid
P000546,MS00546,M00288,2024-08-31,4320,Credit Card,Paid
P000547,MS00547,M00288,2024-11-30,7650,UPI,Failed
P000548,MS00548,M00288,2025-05-30,1800,Credit Card,Paid
P000549,MS00549,M00288,2025-07-03,13500,Credit Card,Paid
P000550,MS00550,M00289,2024-12-14,4800,Debit Card,Paid
P000551,MS00551,M00289,2025-03-14,1800,UPI,Paid
P000552,MS00552,M00289,2025-04-15,1800,Net Banking,Paid
P000553,MS00553,M00289,2025-05-16,4800,Debit Card,Paid
P000554,MS00554,M00289,2025-08-15,1530,Cash,Paid
P000555,MS00555,M00289,2025-09-14,4800,UPI,Paid
P000556,MS00556,M00289,2025-12-13,4320,UPI,Paid
P000557,MS00557,M00290,2024-11-30,4800,Cash,Paid
P000558,MS00558,M00291,2025-06-29,1710,UPI,Paid
P000559,MS00559,M00292,2024-10-09,1710,UPI,Paid
P000560,MS00560,M00292,2024-11-09,1530,Credit Card,Paid
P000561,MS00561,M00292,2024-12-07,1710,Net Banking,Paid
P000562,MS00562,M00292,2025-01-07,1800,Cash,Paid
P000563,MS00563,M00293,2024-07-02,1620,UPI,Paid
P000564,MS00564,M00293,2024-08-01,15000,Net Banking,Paid
P000565,MS00565,M00293,2025-07-30,13500,UPI,Paid
P000566,MS00566,M00294,2024-01-16,1620,UPI,Paid
P000567,MS00567,M00294,2024-02-14,1710,Debit Card,Paid
P000568,MS00568,M00295,2024-08-21,4560,UPI,Paid
P000569,MS00569,M00296,2025-06-12,1620,UPI,Paid
P000570,MS00570,M00296,2025-07-13,8080,UPI,Paid
P000571,MS00571,M00297,2024-01-09,4320,UPI,Paid
P000572,MS00572,M00297,2024-04-08,1800,UPI,Paid
P000573,MS00573,M00298,2025-07-25,4800,Debit Card,Paid
P000574,MS00574,M00298,2025-10-28,4800,UPI,Paid
P000575,MS00575,M00299,2024-12-13,1710,UPI,Paid
P000576,MS00576,M00300,2024-04-02,4800,UPI,Paid
P000577,MS00577,M00301,2024-07-13,1530,UPI,Paid
P000578,MS00578,M00301,2024-08-13,13500,Cash,Paid
P000579,MS00579,M00302,2024-12-20,1620,UPI,Paid
P000580,MS00580,M00303,2024-07-20,1710,Debit Card,Paid
P000581,MS00581,M00304,2024-03-13,13500,UPI,Paid
P000582,MS00582,M00304,2025-03-12,4800,UPI,Paid
P000583,MS00583,M00304,2025-06-11,8080,Credit Card,Paid
P000584,MS00584,M00305,2025-03-02,4800,UPI,Paid
P000585,MS00585,M00306,2025-03-07,1530,UPI,Paid
P000586,MS00586,M00307,2024-03-16,13500,Cash,Paid
P000587,MS00587,M00307,2025-03-19,4320,Credit Card,Paid
P000588,MS00588,M00307,2025-06-18,8500,Credit Card,Paid
P000589,MS00589,M00308,2024-06-29,4320,UPI,Paid
P000590,MS00590,M00308,2024-09-28,4320,Credit Card,Paid
P000591,MS00591,M00308,2024-12-30,1800,UPI,Paid
P000592,MS00592,M00309,2024-06-04,4560,UPI,Paid
P000593,MS00593,M00309,2024-09-05,1620,Debit Card,Paid
P000594,MS00594,M00310,2025-02-25,1800,UPI,Paid
P000595,MS00595,M00310,2025-03-26,8080,Debit Card,Paid
P000596,MS00596,M00310,2025-09-25,4320,UPI,Paid
P000597,MS00597,M00310,2025-12-26,1800,UPI,Paid
P000598,MS00598,M00311,2025-04-10,4560,Debit Card,Paid
P000599,MS00599,M00312,2025-04-08,1800,UPI,Paid
P000600,MS00600,M00313,2025-08-21,15000,Debit Card,Paid
P000601,MS00601,M00314,2025-05-07,14250,Credit Card,Paid
P000602,MS00602,M00315,2024-07-25,1800,Credit Card,Paid
P000603,MS00603,M00315,2024-08-26,1620,Debit Card,Paid
P000604,MS00604,M00316,2024-03-10,8500,UPI,Paid
P000605,MS00605,M00316,2024-09-09,8500,Credit Card,Paid
P000606,MS00606,M00316,2025-03-09,1800,UPI,Paid
P000607,MS00607,M00316,2025-04-09,1620,UPI,Paid
P000608,MS00608,M00316,2025-05-10,4560,Credit Card,Paid
P000609,MS00609,M00316,2025-08-10,4800,Credit Card,Paid
P000610,MS00610,M00316,2025-11-09,4080,Credit Card,Paid
P000611,MS00611,M00317,2025-01-30,1530,Credit Card,Paid
P000612,MS00612,M00318,2025-08-10,8080,UPI,Paid
P000613,MS00613,M00319,2025-09-14,4560,Cash,Paid
P000614,MS00614,M00320,2024-05-29,1530,UPI,Paid
P000615,MS00615,M00321,2024-05-31,4800,Debit Card,Paid Late
P000616,MS00616,M00322,2024-01-24,1710,Cash,Paid
P000617,MS00617,M00322,2024-02-24,7220,UPI,Paid
P000618,MS00618,M00322,2024-08-24,7650,Net Banking,Paid
P000619,MS00619,M00322,2025-02-27,1800,UPI,Paid
P000620,MS00620,M00323,2024-04-01,4800,UPI,Paid
P000621,MS00621,M00323,2024-06-30,1800,UPI,Paid
P000622,MS00622,M00324,2024-12-20,1620,Cash,Paid
P000623,MS00623,M00325,2024-12-16,8500,UPI,Paid
P000624,MS00624,M00325,2025-06-16,8080,Net Banking,Paid
P000625,MS00625,M00325,2025-12-17,1710,Cash,Paid
P000626,MS00626,M00326,2024-08-25,13500,UPI,Failed
P000627,MS00627,M00326,2025-08-25,14250,Debit Card,Paid
P000628,MS00628,M00327,2024-07-17,1620,UPI,Paid
P000629,MS00629,M00327,2024-08-19,15000,Credit Card,Paid
P000630,MS00630,M00327,2025-08-19,7650,UPI,Paid
P000631,MS00631,M00328,2025-06-16,1800,UPI,Paid
P000632,MS00632,M00329,2024-10-21,15000,UPI,Paid Late
P000633,MS00633,M00329,2025-10-23,1620,UPI,Paid
P000634,MS00634,M00329,2025-11-20,15000,Cash,Paid
P000635,MS00635,M00330,2025-06-02,8500,Credit Card,Paid
P000636,MS00636,M00330,2025-12-01,4560,Net Banking,Paid Late
P000637,MS00637,M00331,2025-09-08,4800,UPI,Paid
P000638,MS00638,M00332,2024-07-23,1710,UPI,Paid
P000639,MS00639,M00333,2024-05-12,15000,UPI,Paid
P000640,MS00640,M00333,2025-05-10,4800,Credit Card,Paid
P000641,MS00641,M00334,2025-08-30,4800,Credit Card,Paid
P000642,MS00642,M00334,2025-11-30,4320,UPI,Paid
P000643,MS00643,M00335,2025-02-12,1800,UPI,Paid
P000644,MS00644,M00336,2024-07-06,7650,UPI,Paid
P000645,MS00645,M00337,2025-02-03,4320,Credit Card,Paid
P000646,MS00646,M00337,2025-05-02,4560,Credit Card,Paid
P000647,MS00647,M00338,2024-11-26,8500,Debit Card,Paid
P000648,MS00648,M00339,2025-08-03,12750,Debit Card,Paid
P000649,MS00649,M00340,2024-06-14,13500,Cash,Paid
P000650,MS00650,M00340,2025-06-14,1620,Debit Card,Paid
P000651,MS00651,M00341,2025-09-25,4080,UPI,Paid
P000652,MS00652,M00341,2025-12-27,4800,Credit Card,Paid
P000653,MS00653,M00342,2025-08-23,1800,UPI,Paid
P000654,MS00654,M00342,2025-09-21,1800,Debit Card,Paid
P000655,MS00655,M00343,2024-04-28,1800,UPI,Paid
P000656,MS00656,M00343,2024-05-28,1800,UPI,Paid
P000657,MS00657,M00344,2024-04-16,4800,Credit Card,Paid
P000658,MS00658,M00344,2024-07-15,1710,UPI,Paid
P000659,MS00659,M00345,2024-12-08,1800,Credit Card,Paid
P000660,MS00660,M00346,2024-01-30,1800,Debit Card,Paid
P000661,MS00661,M00347,2024-07-11,4800,UPI,Paid Late
P000662,MS00662,M00348,2024-10-07,1800,UPI,Paid
P000663,MS00663,M00349,2025-09-10,4560,Debit Card,Paid
P000664,MS00664,M00350,2025-09-25,4320,UPI,Paid
P000665,MS00665,M00350,2025-12-25,1620,Credit Card,Paid
P000666,MS00666,M00351,2024-04-07,8500,UPI,Paid
P000667,MS00667,M00351,2024-10-09,8080,UPI,Paid Late
P000668,MS00668,M00351,2025-04-06,1620,Credit Card,Paid
P000669,MS00669,M00352,2025-07-25,1800,Cash,Paid
P000670,MS00670,M00352,2025-08-22,4800,Cash,Paid
P000671,MS00671,M00353,2024-03-02,4800,UPI,Paid Late
P000672,MS00672,M00353,2024-05-29,1710,UPI,Paid
P000673,MS00673,M00353,2024-06-29,1710,UPI,Paid
P000674,MS00674,M00353,2024-07-29,4320,Credit Card,Paid
P000675,MS00675,M00353,2024-10-28,1620,UPI,Paid
P000676,MS00676,M00353,2024-12-01,1620,Cash,Paid
P000677,MS00677,M00354,2025-04-25,15000,Credit Card,Paid
P000678,MS00678,M00355,2025-06-26,1800,UPI,Paid
P000679,MS00679,M00356,2025-07-23,1800,Cash,Paid
P000680,MS00680,M00356,2025-08-22,1800,UPI,Paid
P000681,MS00681,M00357,2024-05-25,1620,UPI,Paid Late
P000682,MS00682,M00357,2024-06-25,1530,Cash,Paid Late
P000683,MS00683,M00358,2025-07-26,1800,UPI,Paid
P000684,MS00684,M00359,2024-03-14,4800,Net Banking,Paid
P000685,MS00685,M00359,2024-06-15,1620,UPI,Paid
P000686,MS00686,M00360,2024-11-27,1800,Cash,Paid
P000687,MS00687,M00360,2024-12-27,7650,UPI,Paid Late
P000688,MS00688,M00360,2025-06-30,8500,Credit Card,Paid
P000689,MS00689,M00360,2025-12-29,1800,Credit Card,Paid
P000690,MS00690,M00361,2024-10-29,8500,UPI,Paid Late
P000691,MS00691,M00361,2025-04-29,7650,Credit Card,Paid
P000692,MS00692,M00361,2025-10-29,1620,Cash,Paid
P000693,MS00693,M00361,2025-11-26,1800,Credit Card,Paid
P000694,MS00694,M00361,2025-12-27,4320,Net Banking,Failed
P000695,MS00695,M00362,2024-07-21,14250,Debit Card,Paid
P000696,MS00696,M00362,2025-07-23,1800,UPI,Paid Late
P000697,MS00697,M00363,2024-01-17,4800,Net Banking,Paid Late
P000698,MS00698,M00363,2024-04-17,1800,Net Banking,Paid
P000699,MS00699,M00363,2024-05-15,1800,UPI,Failed
P000700,MS00700,M00364,2025-05-07,8500,Debit Card,Paid
P000701,MS00701,M00364,2025-11-10,4800,UPI,Paid
P000702,MS00702,M00365,2024-08-05,4320,UPI,Failed
P000703,MS00703,M00365,2024-11-03,13500,UPI,Paid
P000704,MS00704,M00365,2025-11-03,15000,Debit Card,Paid
P000705,MS00705,M00366,2025-03-01,4320,UPI,Paid
P000706,MS00706,M00367,2024-09-20,4320,Debit Card,Paid
P000707,MS00707,M00367,2024-12-20,1710,Credit Card,Failed
P000708,MS00708,M00367,2025-01-20,1620,Cash,Failed
P000709,MS00709,M00368,2024-08-28,4800,UPI,Paid
P000710,MS00710,M00368,2024-11-27,4320,UPI,Paid
P000711,MS00711,M00368,2025-02-26,7650,UPI,Paid
P000712,MS00712,M00369,2025-07-19,4800,Credit Card,Paid
P000713,MS00713,M00370,2024-03-04,1800,Credit Card,Paid
P000714,MS00714,M00370,2024-04-04,1710,UPI,Paid
P000715,MS00715,M00371,2025-04-17,1800,UPI,Paid
P000716,MS00716,M00372,2025-04-22,1800,Credit Card,Paid
P000717,MS00717,M00373,2024-09-01,14250,UPI,Paid
P000718,MS00718,M00373,2025-08-31,4320,Net Banking,Paid
P000719,MS00719,M00374,2024-06-19,1620,Debit Card,Paid
P000720,MS00720,M00375,2024-01-06,1800,UPI,Paid
P000721,MS00721,M00375,2024-02-06,15000,Credit Card,Paid Late
P000722,MS00722,M00375,2025-02-04,1620,UPI,Paid
P000723,MS00723,M00376,2025-08-22,14250,Cash,Paid
P000724,MS00724,M00377,2025-08-27,4560,Cash,Paid
P000725,MS00725,M00378,2024-06-03,4320,Credit Card,Paid
P000726,MS00726,M00378,2024-09-02,4320,Credit Card,Paid
P000727,MS00727,M00379,2024-01-21,4800,Debit Card,Paid
P000728,MS00728,M00380,2024-03-22,1530,Net Banking,Paid
P000729,MS00729,M00380,2024-04-20,1620,Debit Card,Paid
P000730,MS00730,M00380,2024-05-22,1800,UPI,Paid
P000731,MS00731,M00381,2024-02-14,4080,Credit Card,Paid
P000732,MS00732,M00381,2024-05-16,1800,Credit Card,Paid
P000733,MS00733,M00381,2024-06-13,1800,Cash,Paid
P000734,MS00734,M00381,2024-07-15,8500,UPI,Paid
P000735,MS00735,M00381,2025-01-16,1710,Credit Card,Paid
P000736,MS00736,M00382,2025-06-17,7650,Debit Card,Paid Late
P000737,MS00737,M00382,2025-12-17,1620,UPI,Paid
P000738,MS00738,M00383,2025-07-24,4560,UPI,Paid
P000739,MS00739,M00384,2024-04-10,15000,Cash,Paid
P000740,MS00740,M00384,2025-04-07,8080,Credit Card,Paid
P000741,MS00741,M00384,2025-10-08,1710,Debit Card,Paid
P000742,MS00742,M00385,2025-04-24,8500,Credit Card,Paid Late
P000743,MS00743,M00385,2025-10-21,8500,Credit Card,Paid
P000744,MS00744,M00386,2024-04-27,4800,Credit Card,Paid
P000745,MS00745,M00387,2024-08-23,1620,UPI,Paid
P000746,MS00746,M00388,2025-01-17,4320,Debit Card,Paid
P000747,MS00747,M00388,2025-04-17,8500,Credit Card,Paid
P000748,MS00748,M00389,2025-04-04,1710,Credit Card,Paid
P000749,MS00749,M00389,2025-05-04,1800,Net Banking,Paid
P000750,MS00750,M00389,2025-06-06,1800,Credit Card,Paid
P000751,MS00751,M00390,2025-07-13,1800,Net Banking,Paid Late
P000752,MS00752,M00391,2024-01-30,4800,Credit Card,Paid
P000753,MS00753,M00391,2024-05-02,4560,UPI,Paid
P000754,MS00754,M00392,2024-05-08,4080,Debit Card,Paid
P000755,MS00755,M00393,2024-06-29,14250,UPI,Paid
P000756,MS00756,M00393,2025-06-28,7650,UPI,Paid
P000757,MS00757,M00393,2025-12-29,1800,UPI,Paid
P000758,MS00758,M00394,2024-07-18,14250,Net Banking,Paid
P000759,MS00759,M00394,2025-07-17,1800,UPI,Paid
P000760,MS00760,M00395,2025-09-30,15000,Credit Card,Paid
P000761,MS00761,M00396,2025-05-10,14250,Cash,Paid
P000762,MS00762,M00397,2024-07-23,1800,Cash,Paid
P000763,MS00763,M00398,2025-09-15,1620,Debit Card,Paid
P000764,MS00764,M00399,2024-11-15,1710,Cash,Paid
P000765,MS00765,M00400,2024-11-16,15000,UPI,Paid
P000766,MS00766,M00401,2024-10-03,1620,Credit Card,Paid
P000767,MS00767,M00402,2024-04-02,1620,UPI,Paid
P000768,MS00768,M00403,2025-08-19,8500,Credit Card,Paid
P000769,MS00769,M00404,2024-01-09,8500,Cash,Paid
P000770,MS00770,M00404,2024-07-10,14250,Cash,Paid
P000771,MS00771,M00404,2025-07-10,8500,UPI,Paid
P000772,MS00772,M00405,2024-04-22,4800,UPI,Paid
P000773,MS00773,M00406,2024-05-26,8500,UPI,Paid
P000774,MS00774,M00407,2024-06-30,13500,Cash,Paid
P000775,MS00775,M00407,2025-06-30,1620,Credit Card,Paid
P000776,MS00776,M00408,2024-03-26,1800,UPI,Paid
P000777,MS00777,M00408,2024-04-27,1710,UPI,Paid
P000778,MS00778,M00408,2024-05-27,4560,Debit Card,Paid
P000779,MS00779,M00408,2024-08-25,15000,UPI,Paid
P000780,MS00780,M00408,2025-08-26,4560,Debit Card,Paid
P000781,MS00781,M00408,2025-11-25,15000,UPI,Paid
P000782,MS00782,M00409,2024-01-15,7650,UPI,Paid
P000783,MS00783,M00409,2024-07-13,1800,UPI,Paid
P000784,MS00784,M00409,2024-08-15,4560,UPI,Paid
P000785,MS00785,M00409,2024-11-13,4320,Debit Card,Paid
P000786,MS00786,M00409,2025-02-12,1620,Credit Card,Paid
P000787,MS00787,M00409,2025-03-13,1800,UPI,Paid
P000788,MS00788,M00410,2025-03-10,4560,UPI,Paid
P000789,MS00789,M00410,2025-06-09,4800,UPI,Paid
P000790,MS00790,M00411,2025-09-13,14250,Debit Card,Paid
P000791,MS00791,M00412,2024-03-21,8500,Debit Card,Paid
P000792,MS00792,M00412,2024-09-18,15000,Credit Card,Paid
P000793,MS00793,M00412,2025-09-21,4560,Cash,Paid
P000794,MS00794,M00412,2025-12-20,1710,UPI,Paid
P000795,MS00795,M00413,2024-07-08,15000,Debit Card,Paid
P000796,MS00796,M00413,2025-07-10,4800,UPI,Paid
P000797,MS00797,M00414,2024-11-20,1800,UPI,Paid
P000798,MS00798,M00414,2024-12-21,1800,UPI,Paid
P000799,MS00799,M00414,2025-01-22,1620,UPI,Paid
P000800,MS00800,M00415,2025-08-16,1800,UPI,Paid
P000801,MS00801,M00415,2025-09-17,1710,Net Banking,Paid Late
P000802,MS00802,M00415,2025-10-17,13500,UPI,Paid Late
P000803,MS00803,M00416,2025-03-20,1800,Net Banking,Failed
P000804,MS00804,M00416,2025-04-21,4800,UPI,Paid
P000805,MS00805,M00416,2025-07-21,1710,Credit Card,Paid
P000806,MS00806,M00416,2025-08-20,15000,UPI,Paid
P000807,MS00807,M00417,2025-05-04,1710,Net Banking,Paid
P000808,MS00808,M00417,2025-06-06,4800,UPI,Paid
P000809,MS00809,M00417,2025-09-05,1710,Credit Card,Paid
P000810,MS00810,M00418,2025-01-06,4080,Credit Card,Paid
P000811,MS00811,M00418,2025-04-08,15000,Net Banking,Paid
P000812,MS00812,M00419,2024-09-23,4800,Credit Card,Paid Late
P000813,MS00813,M00419,2024-12-23,4800,UPI,Paid
P000814,MS00814,M00419,2025-03-24,8500,Cash,Paid
P000815,MS00815,M00419,2025-09-23,1620,Debit Card,Paid
P000816,MS00816,M00420,2024-05-07,4800,UPI,Paid
P000817,MS00817,M00420,2024-08-09,1620,Credit Card,Paid
P000818,MS00818,M00421,2025-07-08,8500,UPI,Paid
P000819,MS00819,M00422,2025-05-28,1800,Credit Card,Paid
P000820,MS00820,M00423,2024-01-18,4320,UPI,Paid
P000821,MS00821,M00423,2024-04-20,15000,UPI,Paid
P000822,MS00822,M00423,2025-04-18,1800,UPI,Paid
P000823,MS00823,M00424,2025-04-04,1800,UPI,Paid
P000824,MS00824,M00424,2025-05-01,7220,Net Banking,Paid
P000825,MS00825,M00425,2024-02-24,1800,UPI,Paid
P000826,MS00826,M00425,2024-03-25,15000,UPI,Paid
P000827,MS00827,M00426,2025-04-19,8080,UPI,Paid
P000828,MS00828,M00427,2025-06-11,1800,Cash,Paid
P000829,MS00829,M00427,2025-07-10,1620,UPI,Paid
P000830,MS00830,M00427,2025-08-10,13500,UPI,Paid
P000831,MS00831,M00428,2024-03-26,1800,UPI,Paid
P000832,MS00832,M00428,2024-04-26,4320,UPI,Paid
P000833,MS00833,M00429,2024-10-05,1620,UPI,Paid
P000834,MS00834,M00430,2024-03-22,13500,Debit Card,Paid Late
P000835,MS00835,M00430,2025-03-22,1620,Debit Card,Paid
P000836,MS00836,M00430,2025-04-19,1800,UPI,Paid
P000837,MS00837,M00430,2025-05-21,1800,UPI,Paid
P000838,MS00838,M00431,2024-12-27,4080,Credit Card,Paid
P000839,MS00839,M00432,2024-02-24,1620,Credit Card,Paid
P000840,MS00840,M00433,2024-09-13,1530,Cash,Paid
P000841,MS00841,M00434,2025-09-13,1620,Cash,Paid
P000842,MS00842,M00434,2025-10-12,14250,Credit Card,Paid
P000843,MS00843,M00435,2024-07-14,8080,Debit Card,Paid Late
P000844,MS00844,M00435,2025-01-11,7650,Credit Card,Paid
P000845,MS00845,M00435,2025-07-11,8500,UPI,Paid
P000846,MS00846,M00436,2024-03-25,4800,UPI,Paid
P000847,MS00847,M00436,2024-06-26,13500,UPI,Paid
P000848,MS00848,M00436,2025-06-26,4320,Credit Card,Paid Late
P000849,MS00849,M00437,2024-11-08,1800,UPI,Paid
P000850,MS00850,M00437,2024-12-07,1800,Credit Card,Paid
P000851,MS00851,M00438,2024-11-23,7650,Cash,Paid
P000852,MS00852,M00438,2025-05-20,1800,UPI,Paid
P000853,MS00853,M00438,2025-06-20,1530,UPI,Paid
P000854,MS00854,M00438,2025-07-20,8500,UPI,Paid
P000855,MS00855,M00439,2025-03-01,7220,UPI,Paid
P000856,MS00856,M00439,2025-08-29,15000,Credit Card,Paid
P000857,MS00857,M00440,2024-07-22,1710,UPI,Paid
P000858,MS00858,M00441,2025-09-04,7650,UPI,Paid
P000859,MS00859,M00442,2024-12-01,8500,UPI,Paid
P000860,MS00860,M00442,2025-05-31,1800,UPI,Paid
P000861,MS00861,M00442,2025-07-01,4800,Debit Card,Paid
P000862,MS00862,M00442,2025-09-29,1710,UPI,Paid
P000863,MS00863,M00442,2025-10-31,1710,Credit Card,Paid
P000864,MS00864,M00443,2024-07-03,15000,UPI,Paid
P000865,MS00865,M00444,2025-09-05,4320,UPI,Paid
P000866,MS00866,M00444,2025-12-05,1800,UPI,Paid
P000867,MS00867,M00445,2025-08-15,1800,Debit Card,Paid
P000868,MS00868,M00446,2024-11-15,14250,UPI,Paid
P000869,MS00869,M00446,2025-11-14,1620,Net Banking,Paid
P000870,MS00870,M00446,2025-12-16,1800,Net Banking,Paid
P000871,MS00871,M00447,2024-01-18,4560,UPI,Paid
P000872,MS00872,M00447,2024-04-16,1800,Cash,Paid
P000873,MS00873,M00447,2024-05-16,14250,UPI,Paid
P000874,MS00874,M00447,2025-05-19,1620,Net Banking,Paid
P000875,MS00875,M00448,2025-01-15,15000,UPI,Paid
P000876,MS00876,M00449,2024-12-20,1620,UPI,Paid
P000877,MS00877,M00449,2025-01-23,4800,Debit Card,Paid
P000878,MS00878,M00450,2024-04-07,1620,UPI,Paid
P000879,MS00879,M00450,2024-05-07,8500,Debit Card,Paid
P000880,MS00880,M00450,2024-11-04,8500,Debit Card,Paid
P000881,MS00881,M00450,2025-05-04,1800,Cash,Paid
P000882,MS00882,M00451,2025-02-11,1800,Debit Card,Paid
P000883,MS00883,M00451,2025-03-09,1800,UPI,Failed
P000884,MS00884,M00452,2025-06-20,1620,Credit Card,Paid
P000885,MS00885,M00453,2024-03-10,1620,Credit Card,Paid
P000886,MS00886,M00454,2025-04-07,4800,Credit Card,Paid
P000887,MS00887,M00455,2024-04-02,1710,UPI,Paid
P000888,MS00888,M00455,2024-04-30,1710,Credit Card,Paid
P000889,MS00889,M00455,2024-06-01,1620,UPI,Paid
P000890,MS00890,M00455,2024-06-30,1800,UPI,Paid
P000891,MS00891,M00456,2025-04-23,4560,Credit Card,Paid
P000892,MS00892,M00457,2024-09-26,4320,UPI,Paid
P000893,MS00893,M00458,2024-01-06,8080,UPI,Paid
P000894,MS00894,M00458,2024-07-06,1800,Debit Card,Paid
P000895,MS00895,M00459,2025-09-08,13500,Credit Card,Paid
P000896,MS00896,M00460,2024-04-15,4320,Net Banking,Paid
P000897,MS00897,M00461,2025-01-18,1710,Net Banking,Paid
P000898,MS00898,M00461,2025-02-18,1800,UPI,Paid
P000899,MS00899,M00461,2025-03-18,1800,UPI,Paid
P000900,MS00900,M00462,2024-04-27,1620,Credit Card,Paid
P000901,MS00901,M00462,2024-05-25,13500,UPI,Paid
P000902,MS00902,M00463,2025-08-20,4560,Credit Card,Paid
P000903,MS00903,M00463,2025-11-18,1620,Debit Card,Paid
P000904,MS00904,M00463,2025-12-20,1620,Net Banking,Paid
P000905,MS00905,M00464,2025-04-17,4800,Debit Card,Paid
P000906,MS00906,M00464,2025-07-19,1710,UPI,Paid
P000907,MS00907,M00465,2025-05-30,8500,UPI,Paid
P000908,MS00908,M00465,2025-11-29,8500,Debit Card,Paid
P000909,MS00909,M00466,2024-10-02,1620,UPI,Paid
P000910,MS00910,M00466,2024-11-04,1530,UPI,Paid
P000911,MS00911,M00467,2024-10-26,4560,UPI,Paid
P000912,MS00912,M00468,2025-02-10,4320,UPI,Paid
P000913,MS00913,M00468,2025-05-10,1620,UPI,Paid
P000914,MS00914,M00469,2025-05-17,1710,UPI,Paid
P000915,MS00915,M00470,2024-01-14,1620,Cash,Paid
P000916,MS00916,M00470,2024-02-13,4080,UPI,Paid
P000917,MS00917,M00471,2025-03-01,8080,Cash,Paid
P000918,MS00918,M00471,2025-08-30,4800,UPI,Paid
P000919,MS00919,M00471,2025-11-29,4560,Credit Card,Paid
P000920,MS00920,M00472,2024-03-11,1800,Debit Card,Paid Late
P000921,MS00921,M00472,2024-04-10,1800,Credit Card,Failed
P000922,MS00922,M00473,2024-07-03,1620,Cash,Paid
P000923,MS00923,M00473,2024-08-05,8080,Debit Card,Paid
P000924,MS00924,M00474,2025-06-14,8080,Debit Card,Paid
P000925,MS00925,M00474,2025-12-13,4800,Debit Card,Paid
P000926,MS00926,M00475,2024-06-10,8500,UPI,Paid
P000927,MS00927,M00475,2024-12-08,1710,Net Banking,Paid
P000928,MS00928,M00476,2025-05-25,4320,Debit Card,Paid
P000929,MS00929,M00476,2025-08-23,8080,UPI,Paid
P000930,MS00930,M00477,2024-10-22,1800,UPI,Paid
P000931,MS00931,M00478,2024-05-29,15000,Debit Card,Paid
P000932,MS00932,M00478,2025-05-30,1800,Net Banking,Paid
P000933,MS00933,M00478,2025-07-01,4800,Cash,Paid
P000934,MS00934,M00479,2024-08-04,1710,Cash,Paid
P000935,MS00935,M00479,2024-09-03,1800,Debit Card,Paid
P000936,MS00936,M00480,2024-12-07,15000,Cash,Paid
P000937,MS00937,M00480,2025-12-07,4800,UPI,Paid
P000938,MS00938,M00481,2025-05-04,1620,Credit Card,Paid
P000939,MS00939,M00482,2025-01-22,1620,Debit Card,Paid
P000940,MS00940,M00482,2025-02-23,4320,UPI,Paid
P000941,MS00941,M00482,2025-05-24,1800,Debit Card,Paid
P000942,MS00942,M00483,2025-08-21,4560,Credit Card,Paid
P000943,MS00943,M00483,2025-11-18,7650,UPI,Paid Late
P000944,MS00944,M00484,2025-07-10,1800,Credit Card,Paid
P000945,MS00945,M00484,2025-08-09,7650,Cash,Paid
P000946,MS00946,M00485,2025-04-28,1620,UPI,Paid
P000947,MS00947,M00486,2025-01-20,1800,Cash,Paid
P000948,MS00948,M00486,2025-02-20,4800,Cash,Paid
P000949,MS00949,M00486,2025-05-22,4320,Credit Card,Paid
P000950,MS00950,M00487,2024-07-06,7650,UPI,Paid
P000951,MS00951,M00487,2025-01-06,8500,Credit Card,Paid
P000952,MS00952,M00488,2024-09-20,14250,UPI,Paid
P000953,MS00953,M00488,2025-09-23,1800,Credit Card,Paid
P000954,MS00954,M00488,2025-10-23,1800,Cash,Paid
P000955,MS00955,M00488,2025-11-22,14250,Cash,Paid
P000956,MS00956,M00489,2024-03-18,1800,UPI,Paid
P000957,MS00957,M00489,2024-04-17,8500,UPI,Paid
P000958,MS00958,M00489,2024-10-19,1800,Debit Card,Paid
P000959,MS00959,M00489,2024-11-18,1800,Debit Card,Failed
P000960,MS00960,M00490,2024-08-28,1800,UPI,Paid
P000961,MS00961,M00490,2024-09-27,14250,Debit Card,Paid
P000962,MS00962,M00490,2025-09-28,4320,UPI,Paid
P000963,MS00963,M00490,2025-12-28,7650,Credit Card,Paid
P000964,MS00964,M00491,2025-08-14,1710,Debit Card,Paid
P000965,MS00965,M00491,2025-09-14,1800,UPI,Paid
P000966,MS00966,M00491,2025-10-16,4560,Debit Card,Paid
P000967,MS00967,M00492,2024-10-01,1800,UPI,Paid
P000968,MS00968,M00493,2024-03-15,15000,UPI,Paid
P000969,MS00969,M00493,2025-03-15,8080,Debit Card,Paid Late
P000970,MS00970,M00493,2025-09-15,1710,Net Banking,Paid
P000971,MS00971,M00494,2025-02-22,8080,UPI,Paid
P000972,MS00972,M00494,2025-08-19,8080,UPI,Paid
P000973,MS00973,M00495,2025-09-07,8500,UPI,Paid
P000974,MS00974,M00496,2025-07-07,4800,UPI,Paid
P000975,MS00975,M00496,2025-10-10,1800,UPI,Paid
P000976,MS00976,M00497,2024-06-25,1620,Debit Card,Paid
P000977,MS00977,M00498,2024-10-18,7650,UPI,Paid
P000978,MS00978,M00499,2024-12-04,1530,Debit Card,Paid
P000979,MS00979,M00499,2025-01-05,8080,Debit Card,Paid
P000980,MS00980,M00499,2025-07-07,4800,Cash,Paid
P000981,MS00981,M00499,2025-10-07,1800,Cash,Paid
P000982,MS00982,M00500,2024-06-10,4800,Debit Card,Paid
P000983,MS00983,M00501,2024-06-22,4560,Credit Card,Paid
P000984,MS00984,M00501,2024-09-22,1800,Credit Card,Paid
P000985,MS00985,M00502,2024-05-30,7650,Credit Card,Paid
P000986,MS00986,M00502,2024-12-02,8500,Debit Card,Paid
P000987,MS00987,M00502,2025-05-31,1620,Cash,Paid
P000988,MS00988,M00503,2025-09-27,1620,Net Banking,Paid Late
P000989,MS00989,M00504,2025-04-23,1800,Net Banking,Paid
P000990,MS00990,M00505,2025-06-06,1800,Credit Card,Paid
P000991,MS00991,M00506,2025-09-06,4320,UPI,Paid
P000992,MS00992,M00506,2025-12-06,4320,UPI,Paid
P000993,MS00993,M00507,2024-03-09,1710,UPI,Paid
P000994,MS00994,M00508,2025-07-17,1530,UPI,Paid
P000995,MS00995,M00509,2024-02-14,4800,UPI,Paid
P000996,MS00996,M00509,2024-05-13,4800,Debit Card,Paid
P000997,MS00997,M00509,2024-08-15,1530,UPI,Paid
P000998,MS00998,M00509,2024-09-15,4800,Debit Card,Paid
P000999,MS00999,M00509,2024-12-12,1620,UPI,Paid
P001000,MS01000,M00510,2024-11-01,1620,UPI,Paid
P001001,MS01001,M00510,2024-12-02,8500,Debit Card,Paid
P001002,MS01002,M00511,2025-01-14,13500,UPI,Paid
P001003,MS01003,M00512,2024-08-17,4320,Debit Card,Paid
P001004,MS01004,M00512,2024-11-16,1800,Debit Card,Paid Late
P001005,MS01005,M00512,2024-12-18,4800,UPI,Paid
P001006,MS01006,M00513,2024-04-05,1800,Debit Card,Paid Late
P001007,MS01007,M00513,2024-05-04,14250,Credit Card,Paid
P001008,MS01008,M00513,2025-05-05,8080,Net Banking,Paid
P001009,MS01009,M00513,2025-11-06,4800,Credit Card,Paid
P001010,MS01010,M00514,2024-05-05,1620,UPI,Paid
P001011,MS01011,M00515,2025-06-10,1710,Cash,Paid
P001012,MS01012,M00515,2025-07-13,1620,UPI,Paid
P001013,MS01013,M00516,2024-07-22,4800,Credit Card,Paid
P001014,MS01014,M00516,2024-10-22,1710,UPI,Paid
P001015,MS01015,M00517,2024-07-17,1800,Credit Card,Paid
P001016,MS01016,M00517,2024-08-17,1800,UPI,Paid
P001017,MS01017,M00517,2024-09-19,1800,Cash,Paid
P001018,MS01018,M00517,2024-10-17,4320,Debit Card,Paid
P001019,MS01019,M00517,2025-01-17,1710,Net Banking,Paid
P001020,MS01020,M00517,2025-02-19,1800,UPI,Paid
P001021,MS01021,M00517,2025-03-18,7650,Debit Card,Paid
P001022,MS01022,M00517,2025-09-19,1530,UPI,Paid
P001023,MS01023,M00518,2025-08-12,13500,UPI,Paid
P001024,MS01024,M00519,2024-04-01,1800,Credit Card,Paid
P001025,MS01025,M00520,2025-08-07,1710,Debit Card,Paid
P001026,MS01026,M00521,2025-08-10,7650,UPI,Paid
P001027,MS01027,M00522,2025-01-17,1710,UPI,Paid
P001028,MS01028,M00523,2024-04-16,4560,UPI,Paid
P001029,MS01029,M00524,2024-04-10,1800,UPI,Failed
P001030,MS01030,M00525,2024-07-01,4320,Debit Card,Paid
P001031,MS01031,M00525,2024-10-01,4800,Credit Card,Paid
P001032,MS01032,M00525,2024-12-31,1620,Credit Card,Paid
P001033,MS01033,M00525,2025-01-31,1800,Credit Card,Paid
P001034,MS01034,M00525,2025-03-01,4560,Debit Card,Paid
P001035,MS01035,M00526,2025-01-04,1710,Credit Card,Paid
P001036,MS01036,M00526,2025-02-04,4320,Credit Card,Paid
P001037,MS01037,M00526,2025-05-06,15000,UPI,Paid
P001038,MS01038,M00527,2024-04-08,4560,UPI,Paid
P001039,MS01039,M00528,2024-10-19,1620,Net Banking,Paid
P001040,MS01040,M00529,2024-03-15,4800,Debit Card,Paid
P001041,MS01041,M00529,2024-06-16,15000,UPI,Paid
P001042,MS01042,M00529,2025-06-15,1710,UPI,Paid
P001043,MS01043,M00530,2024-12-10,14250,UPI,Paid
P001044,MS01044,M00530,2025-12-10,1800,Debit Card,Paid
P001045,MS01045,M00531,2024-01-16,15000,Credit Card,Paid
P001046,MS01046,M00531,2025-01-14,4560,Cash,Paid
P001047,MS01047,M00532,2025-03-31,1800,Debit Card,Paid
P001048,MS01048,M00533,2024-02-05,1710,Cash,Paid
P001049,MS01049,M00533,2024-03-07,4080,Debit Card,Paid
P001050,MS01050,M00533,2024-06-06,1530,Credit Card,Failed
P001051,MS01051,M00533,2024-07-05,8500,Debit Card,Paid Late
P001052,MS01052,M00534,2024-05-07,1800,Net Banking,Paid
P001053,MS01053,M00535,2024-04-22,4800,UPI,Paid
P001054,MS01054,M00535,2024-07-21,1800,Credit Card,Paid
P001055,MS01055,M00536,2025-06-15,4320,Credit Card,Paid
P001056,MS01056,M00537,2024-02-05,14250,Debit Card,Paid
P001057,MS01057,M00537,2025-02-04,4800,Debit Card,Paid
P001058,MS01058,M00537,2025-05-07,8080,Credit Card,Paid
P001059,MS01059,M00537,2025-11-07,1800,UPI,Paid
P001060,MS01060,M00538,2024-09-30,1620,Debit Card,Paid
P001061,MS01061,M00539,2025-01-12,1620,Credit Card,Paid
P001062,MS01062,M00540,2024-11-26,8080,Credit Card,Paid
P001063,MS01063,M00540,2025-05-28,4320,Credit Card,Failed
P001064,MS01064,M00541,2025-03-13,1710,UPI,Paid
P001065,MS01065,M00541,2025-04-12,1800,UPI,Paid
P001066,MS01066,M00541,2025-05-10,4800,Net Banking,Paid
P001067,MS01067,M00542,2025-05-28,4800,UPI,Paid
P001068,MS01068,M00543,2024-09-11,1800,Debit Card,Paid
P001069,MS01069,M00544,2025-06-12,1800,UPI,Paid
P001070,MS01070,M00545,2024-07-23,1800,Credit Card,Paid
P001071,MS01071,M00546,2025-09-22,4560,Credit Card,Paid
P001072,MS01072,M00547,2024-11-18,1800,UPI,Paid
P001073,MS01073,M00547,2024-12-19,1530,Credit Card,Paid
P001074,MS01074,M00548,2025-04-16,1800,Credit Card,Paid
P001075,MS01075,M00548,2025-05-14,4800,UPI,Paid
P001076,MS01076,M00549,2025-07-13,1800,Cash,Paid
P001077,MS01077,M00550,2025-05-20,15000,Credit Card,Paid
P001078,MS01078,M00551,2025-06-27,14250,UPI,Paid
P001079,MS01079,M00552,2024-12-08,4320,Cash,Paid
P001080,MS01080,M00552,2025-03-11,1800,Net Banking,Paid
P001081,MS01081,M00553,2024-01-28,4800,UPI,Paid
P001082,MS01082,M00554,2024-11-11,1530,UPI,Failed
P001083,MS01083,M00554,2024-12-12,4560,UPI,Paid
P001084,MS01084,M00554,2025-03-13,1800,UPI,Paid
P001085,MS01085,M00555,2024-04-28,8500,Credit Card,Paid
P001086,MS01086,M00555,2024-10-25,15000,UPI,Paid
P001087,MS01087,M00556,2025-07-21,1800,Debit Card,Paid
P001088,MS01088,M00557,2024-06-01,1620,Debit Card,Paid
P001089,MS01089,M00558,2024-05-28,4560,UPI,Paid
P001090,MS01090,M00559,2024-06-08,8080,Credit Card,Paid
P001091,MS01091,M00560,2025-02-13,4800,Debit Card,Paid Late
P001092,MS01092,M00560,2025-05-16,1800,Credit Card,Paid
P001093,MS01093,M00560,2025-06-15,1800,UPI,Paid
P001094,MS01094,M00561,2024-12-30,8500,Cash,Paid
P001095,MS01095,M00562,2025-08-31,13500,Cash,Paid
P001096,MS01096,M00563,2024-09-22,1800,UPI,Paid
P001097,MS01097,M00564,2024-07-02,4560,UPI,Paid
P001098,MS01098,M00565,2024-02-02,14250,UPI,Failed
P001099,MS01099,M00566,2024-01-07,8500,Cash,Paid
P001100,MS01100,M00567,2024-08-28,1800,Cash,Paid
P001101,MS01101,M00568,2025-08-15,1800,UPI,Paid
P001102,MS01102,M00569,2024-12-02,1800,Cash,Paid
P001103,MS01103,M00569,2025-01-01,4800,UPI,Paid Late
P001104,MS01104,M00569,2025-04-02,8500,UPI,Paid
P001105,MS01105,M00569,2025-09-30,1710,Net Banking,Paid
P001106,MS01106,M00570,2025-07-27,1800,UPI,Failed
P001107,MS01107,M00570,2025-08-27,1800,Credit Card,Paid Late
P001108,MS01108,M00571,2024-03-05,1800,UPI,Paid
P001109,MS01109,M00571,2024-04-08,8500,Cash,Paid
P001110,MS01110,M00571,2024-10-06,4800,Net Banking,Paid
P001111,MS01111,M00571,2025-01-05,1710,Debit Card,Paid
P001112,MS01112,M00571,2025-02-05,1620,UPI,Paid
P001113,MS01113,M00572,2024-03-03,1620,UPI,Paid
P001114,MS01114,M00572,2024-03-29,1800,UPI,Failed
P001115,MS01115,M00573,2025-06-16,1620,Debit Card,Paid
P001116,MS01116,M00574,2024-03-10,4800,UPI,Paid
P001117,MS01117,M00574,2024-06-11,4800,UPI,Paid
P001118,MS01118,M00574,2024-09-09,1620,UPI,Paid
P001119,MS01119,M00575,2024-02-05,4560,Credit Card,Paid
P001120,MS01120,M00575,2024-05-03,1800,UPI,Paid
P001121,MS01121,M00576,2024-09-17,1800,UPI,Paid
P001122,MS01122,M00576,2024-10-17,1710,Cash,Paid
P001123,MS01123,M00577,2025-08-15,1800,UPI,Paid
P001124,MS01124,M00578,2025-03-17,4320,Cash,Paid
P001125,MS01125,M00579,2024-03-06,7650,Debit Card,Paid
P001126,MS01126,M00580,2025-06-19,4560,UPI,Paid
P001127,MS01127,M00581,2025-06-23,1800,UPI,Paid
P001128,MS01128,M00582,2025-05-25,4800,Net Banking,Paid
P001129,MS01129,M00582,2025-08-28,1800,UPI,Paid
P001130,MS01130,M00583,2025-08-01,4560,UPI,Paid
P001131,MS01131,M00583,2025-10-30,1800,UPI,Paid
P001132,MS01132,M00583,2025-12-01,4800,UPI,Paid
P001133,MS01133,M00584,2024-06-02,4800,UPI,Paid
P001134,MS01134,M00584,2024-09-02,1800,UPI,Paid
P001135,MS01135,M00585,2025-09-16,4320,Credit Card,Paid
P001136,MS01136,M00586,2024-07-26,13500,Debit Card,Paid
P001137,MS01137,M00586,2025-07-23,1800,UPI,Paid
P001138,MS01138,M00586,2025-08-23,4800,Debit Card,Paid
P001139,MS01139,M00587,2025-05-27,1620,Debit Card,Paid
P001140,MS01140,M00587,2025-06-29,1620,Cash,Paid
P001141,MS01141,M00587,2025-07-28,4320,Credit Card,Paid
P001142,MS01142,M00587,2025-10-28,1800,UPI,Paid
P001143,MS01143,M00587,2025-11-27,13500,Cash,Paid
P001144,MS01144,M00588,2025-01-06,4320,Debit Card,Paid Late
P001145,MS01145,M00588,2025-04-05,1620,Cash,Paid
P001146,MS01146,M00589,2025-05-13,1710,UPI,Paid
P001147,MS01147,M00589,2025-06-13,4560,Debit Card,Paid
P001148,MS01148,M00589,2025-09-15,8500,Debit Card,Paid
P001149,MS01149,M00590,2025-02-04,4800,UPI,Paid
P001150,MS01150,M00590,2025-05-07,1620,UPI,Paid
P001151,MS01151,M00591,2025-02-13,1530,Debit Card,Paid Late
P001152,MS01152,M00592,2025-01-28,1800,Cash,Paid
P001153,MS01153,M00593,2025-05-14,1530,Cash,Paid
P001154,MS01154,M00594,2025-04-16,1800,Credit Card,Paid
P001155,MS01155,M00594,2025-05-18,4800,Credit Card,Paid
P001156,MS01156,M00595,2024-03-26,4320,UPI,Paid
P001157,MS01157,M00595,2024-06-29,1620,Cash,Paid
P001158,MS01158,M00595,2024-07-29,1530,UPI,Paid
P001159,MS01159,M00596,2025-06-13,8500,Credit Card,Paid
P001160,MS01160,M00596,2025-12-14,1800,UPI,Paid
P001161,MS01161,M00597,2024-12-09,8500,UPI,Paid
P001162,MS01162,M00597,2025-06-10,7650,Debit Card,Paid
P001163,MS01163,M00597,2025-12-09,4560,Credit Card,Failed
P001164,MS01164,M00598,2024-07-26,1710,UPI,Paid
P001165,MS01165,M00599,2024-11-27,15000,Cash,Paid
P001166,MS01166,M00599,2025-11-26,1530,Credit Card,Paid Late
P001167,MS01167,M00600,2025-09-08,14250,UPI,Paid
P001168,MS01168,M00601,2025-07-03,4800,UPI,Paid
P001169,MS01169,M00601,2025-10-02,1800,UPI,Paid Late
P001170,MS01170,M00601,2025-11-04,14250,Credit Card,Paid Late
P001171,MS01171,M00602,2025-06-16,1620,Cash,Paid
P001172,MS01172,M00602,2025-07-16,1800,UPI,Paid
P001173,MS01173,M00602,2025-08-16,7650,Cash,Paid
P001174,MS01174,M00603,2024-10-24,4800,Credit Card,Paid
P001175,MS01175,M00603,2025-01-23,4320,Cash,Paid
P001176,MS01176,M00604,2025-05-18,1710,UPI,Paid
P001177,MS01177,M00604,2025-06-15,1800,Net Banking,Paid
P001178,MS01178,M00604,2025-07-15,1800,Cash,Paid
P001179,MS01179,M00605,2024-09-03,1800,Credit Card,Paid
P001180,MS01180,M00606,2025-03-13,8500,Credit Card,Paid
P001181,MS01181,M00606,2025-09-13,1530,Debit Card,Paid
P001182,MS01182,M00606,2025-10-13,1710,Debit Card,Paid
P001183,MS01183,M00607,2025-02-15,1800,UPI,Paid
P001184,MS01184,M00607,2025-03-14,1800,UPI,Paid
P001185,MS01185,M00608,2024-06-11,8080,Credit Card,Paid
P001186,MS01186,M00608,2024-12-11,4800,Credit Card,Paid
P001187,MS01187,M00609,2024-06-19,1800,Cash,Paid
P001188,MS01188,M00609,2024-07-22,8080,Debit Card,Paid
P001189,MS01189,M00609,2025-01-22,1620,Credit Card,Paid
P001190,MS01190,M00609,2025-02-19,1620,Debit Card,Paid
P001191,MS01191,M00610,2024-02-11,1800,Credit Card,Paid
P001192,MS01192,M00611,2024-03-31,1620,Cash,Paid
P001193,MS01193,M00612,2024-10-05,8500,UPI,Paid
P001194,MS01194,M00612,2025-04-04,1800,UPI,Paid
P001195,MS01195,M00612,2025-05-03,1800,UPI,Paid
P001196,MS01196,M00613,2024-11-02,1800,UPI,Paid
P001197,MS01197,M00613,2024-12-01,4800,Net Banking,Paid
P001198,MS01198,M00614,2024-04-18,1710,UPI,Paid
P001199,MS01199,M00615,2024-09-23,4560,UPI,Paid Late
P001200,MS01200,M00616,2025-01-22,1800,Credit Card,Paid
P001201,MS01201,M00617,2024-05-31,8080,UPI,Paid
P001202,MS01202,M00617,2024-12-01,1620,Debit Card,Paid
P001203,MS01203,M00618,2024-08-06,1800,UPI,Paid
P001204,MS01204,M00619,2024-11-21,4080,UPI,Paid
P001205,MS01205,M00619,2025-02-19,1800,UPI,Paid
P001206,MS01206,M00620,2024-08-23,1800,Net Banking,Paid
P001207,MS01207,M00620,2024-09-23,1620,Cash,Paid Late
P001208,MS01208,M00620,2024-10-22,1710,Credit Card,Paid
P001209,MS01209,M00620,2024-11-24,4320,UPI,Paid
P001210,MS01210,M00620,2025-02-21,4320,Debit Card,Paid
P001211,MS01211,M00621,2025-04-16,8500,UPI,Paid
P001212,MS01212,M00621,2025-10-18,4800,Credit Card,Paid
P001213,MS01213,M00622,2024-07-29,8500,UPI,Paid
P001214,MS01214,M00623,2024-10-03,15000,Debit Card,Paid
P001215,MS01215,M00623,2025-10-04,15000,Net Banking,Paid
P001216,MS01216,M00624,2024-08-30,1800,UPI,Paid
P001217,MS01217,M00624,2024-10-02,1620,Net Banking,Paid
P001218,MS01218,M00624,2024-11-02,1710,UPI,Paid
P001219,MS01219,M00625,2024-04-28,1620,Cash,Paid
P001220,MS01220,M00625,2024-05-27,8080,UPI,Paid
P001221,MS01221,M00626,2025-03-14,4080,Credit Card,Paid
P001222,MS01222,M00626,2025-06-16,8080,UPI,Paid
P001223,MS01223,M00626,2025-12-13,13500,Debit Card,Paid
P001224,MS01224,M00627,2024-05-31,1620,UPI,Paid
P001225,MS01225,M00627,2024-07-02,15000,Credit Card,Paid
P001226,MS01226,M00627,2025-07-02,1710,Cash,Paid
P001227,MS01227,M00627,2025-07-31,7650,Cash,Paid
P001228,MS01228,M00628,2024-07-11,8080,Credit Card,Paid
P001229,MS01229,M00628,2025-01-08,1800,UPI,Paid
P001230,MS01230,M00628,2025-02-10,4560,UPI,Paid
P001231,MS01231,M00628,2025-05-09,15000,Credit Card,Paid
P001232,MS01232,M00629,2025-05-22,7650,UPI,Paid
P001233,MS01233,M00629,2025-11-21,1620,Debit Card,Paid
P001234,MS01234,M00630,2025-08-31,8500,UPI,Failed
P001235,MS01235,M00631,2025-03-04,1710,Cash,Paid
P001236,MS01236,M00632,2025-08-07,1800,Cash,Paid Late
P001237,MS01237,M00632,2025-09-08,1800,Credit Card,Paid
P001238,MS01238,M00632,2025-10-10,1710,UPI,Paid
P001239,MS01239,M00633,2025-06-29,1800,Credit Card,Paid
P001240,MS01240,M00634,2024-11-03,1800,UPI,Paid
P001241,MS01241,M00634,2024-12-05,15000,UPI,Paid
P001242,MS01242,M00635,2025-05-09,1800,UPI,Paid
P001243,MS01243,M00635,2025-06-06,8080,UPI,Paid
P001244,MS01244,M00635,2025-12-06,14250,UPI,Paid
P001245,MS01245,M00636,2024-07-31,4800,UPI,Paid
P001246,MS01246,M00636,2024-10-30,8500,UPI,Paid
P001247,MS01247,M00636,2025-04-28,4800,Credit Card,Paid
P001248,MS01248,M00636,2025-07-29,4800,UPI,Paid
P001249,MS01249,M00636,2025-10-29,4800,UPI,Paid
P001250,MS01250,M00637,2024-10-23,15000,UPI,Paid
P001251,MS01251,M00637,2025-10-20,8500,UPI,Paid
P001252,MS01252,M00638,2025-09-07,4560,UPI,Paid
P001253,MS01253,M00638,2025-12-06,1620,Debit Card,Paid
P001254,MS01254,M00639,2025-06-28,7650,Credit Card,Paid
P001255,MS01255,M00639,2025-12-25,1620,UPI,Paid
P001256,MS01256,M00640,2024-11-09,1620,Debit Card,Paid
P001257,MS01257,M00640,2024-12-09,15000,Cash,Paid
P001258,MS01258,M00640,2025-12-10,4800,Debit Card,Paid
P001259,MS01259,M00641,2025-02-22,1620,Cash,Paid
P001260,MS01260,M00641,2025-03-20,4560,UPI,Paid
P001261,MS01261,M00641,2025-06-23,1800,Net Banking,Paid
P001262,MS01262,M00642,2024-05-10,7650,Credit Card,Paid
P001263,MS01263,M00643,2025-05-31,7220,UPI,Paid Late
P001264,MS01264,M00643,2025-11-30,15000,UPI,Paid
P001265,MS01265,M00644,2024-12-20,4800,UPI,Paid
P001266,MS01266,M00644,2025-03-21,4560,UPI,Paid
P001267,MS01267,M00645,2024-12-05,1800,Net Banking,Paid
P001268,MS01268,M00646,2025-05-03,4320,UPI,Paid
P001269,MS01269,M00646,2025-08-04,1530,UPI,Paid
P001270,MS01270,M00646,2025-09-04,4800,UPI,Paid
P001271,MS01271,M00646,2025-12-05,8500,Debit Card,Paid
P001272,MS01272,M00647,2025-02-07,8500,UPI,Paid
P001273,MS01273,M00647,2025-08-07,4800,UPI,Paid
P001274,MS01274,M00648,2024-02-16,1800,Credit Card,Paid
P001275,MS01275,M00648,2024-03-17,15000,Credit Card,Paid
P001276,MS01276,M00649,2024-07-04,1800,Debit Card,Paid
P001277,MS01277,M00650,2024-04-23,1710,UPI,Paid
P001278,MS01278,M00651,2025-04-16,8080,UPI,Paid
P001279,MS01279,M00651,2025-10-14,1620,Cash,Paid
P001280,MS01280,M00651,2025-11-16,1710,Credit Card,Paid
P001281,MS01281,M00651,2025-12-16,4800,UPI,Paid
P001282,MS01282,M00652,2024-01-24,4560,UPI,Paid
P001283,MS01283,M00653,2024-05-09,1800,Credit Card,Paid
P001284,MS01284,M00653,2024-06-12,1800,Credit Card,Paid
P001285,MS01285,M00654,2025-01-19,1620,UPI,Paid
P001286,MS01286,M00655,2025-03-20,4800,Debit Card,Paid
P001287,MS01287,M00655,2025-06-19,1710,UPI,Paid
P001288,MS01288,M00656,2024-11-19,1800,Cash,Paid
P001289,MS01289,M00657,2025-07-06,1800,UPI,Paid
P001290,MS01290,M00657,2025-08-04,1800,Cash,Paid
P001291,MS01291,M00658,2025-08-10,4560,Cash,Paid
P001292,MS01292,M00658,2025-11-10,1620,UPI,Paid
P001293,MS01293,M00658,2025-12-09,1800,UPI,Paid
P001294,MS01294,M00659,2024-03-25,1620,UPI,Paid
P001295,MS01295,M00659,2024-04-26,15000,Debit Card,Paid
P001296,MS01296,M00659,2025-04-28,1620,Cash,Paid
P001297,MS01297,M00659,2025-05-28,7650,Credit Card,Paid
P001298,MS01298,M00659,2025-11-26,1800,UPI,Paid
P001299,MS01299,M00660,2025-09-01,15000,UPI,Paid
P001300,MS01300,M00661,2025-01-26,1800,UPI,Paid
P001301,MS01301,M00661,2025-02-27,8500,Cash,Paid
P001302,MS01302,M00662,2025-02-12,15000,Credit Card,Paid
P001303,MS01303,M00663,2024-03-03,4800,UPI,Paid
P001304,MS01304,M00664,2025-01-31,4800,UPI,Failed
P001305,MS01305,M00665,2025-04-09,1800,Debit Card,Paid
P001306,MS01306,M00666,2025-01-05,1800,Debit Card,Paid
P001307,MS01307,M00666,2025-02-05,1800,Debit Card,Paid
P001308,MS01308,M00667,2024-02-24,1710,Credit Card,Paid
P001309,MS01309,M00667,2024-03-24,1530,UPI,Paid
P001310,MS01310,M00668,2024-11-30,8500,UPI,Paid
P001311,MS01311,M00668,2025-05-30,7650,Cash,Paid
P001312,MS01312,M00668,2025-11-29,1800,UPI,Paid
P001313,MS01313,M00668,2026-01-01,1800,Net Banking,Paid
P001314,MS01314,M00669,2025-08-20,1710,Credit Card,Paid Late
P001315,MS01315,M00670,2025-04-09,4800,UPI,Paid
P001316,MS01316,M00670,2025-07-09,15000,UPI,Paid
P001317,MS01317,M00671,2024-03-29,1710,UPI,Paid Late
P001318,MS01318,M00672,2025-09-06,4320,Debit Card,Paid
P001319,MS01319,M00672,2025-12-06,7650,Cash,Paid
P001320,MS01320,M00673,2025-09-06,1800,Credit Card,Paid Late
P001321,MS01321,M00674,2024-04-19,4080,Cash,Paid
P001322,MS01322,M00674,2024-07-20,7650,UPI,Paid
P001323,MS01323,M00675,2025-05-27,4800,UPI,Paid
P001324,MS01324,M00676,2024-09-16,4800,Credit Card,Paid
P001325,MS01325,M00676,2024-12-16,15000,Cash,Paid
P001326,MS01326,M00676,2025-12-16,4080,UPI,Paid
P001327,MS01327,M00677,2025-01-16,1800,UPI,Paid
P001328,MS01328,M00677,2025-02-14,1620,UPI,Paid
P001329,MS01329,M00677,2025-03-14,1620,UPI,Paid
P001330,MS01330,M00677,2025-04-15,1800,Cash,Paid Late
P001331,MS01331,M00677,2025-05-14,1530,UPI,Paid
P001332,MS01332,M00678,2024-10-12,8080,UPI,Paid
P001333,MS01333,M00678,2025-04-12,8500,UPI,Paid
P001334,MS01334,M00678,2025-10-14,1710,UPI,Paid
P001335,MS01335,M00678,2025-11-14,1800,UPI,Paid
P001336,MS01336,M00678,2025-12-14,1710,Credit Card,Paid
P001337,MS01337,M00679,2025-05-17,4800,Credit Card,Paid
P001338,MS01338,M00679,2025-08-16,4560,Debit Card,Failed
P001339,MS01339,M00679,2025-11-14,4320,Cash,Paid
P001340,MS01340,M00680,2025-09-29,4800,Debit Card,Paid
P001341,MS01341,M00681,2025-05-22,1530,Cash,Paid
P001342,MS01342,M00682,2025-08-17,4800,Debit Card,Paid
P001343,MS01343,M00682,2025-11-18,1800,Credit Card,Paid
P001344,MS01344,M00682,2025-12-18,4320,UPI,Paid
P001345,MS01345,M00683,2025-08-26,1620,UPI,Paid
P001346,MS01346,M00684,2024-02-29,7650,UPI,Paid
P001347,MS01347,M00684,2024-08-30,8080,UPI,Paid
P001348,MS01348,M00685,2024-06-13,1800,UPI,Paid
P001349,MS01349,M00685,2024-07-11,4800,UPI,Paid Late
P001350,MS01350,M00686,2025-04-05,1800,UPI,Paid
P001351,MS01351,M00686,2025-05-07,1800,UPI,Paid
P001352,MS01352,M00687,2025-01-13,15000,Cash,Paid
P001353,MS01353,M00688,2024-02-02,8500,Debit Card,Paid
P001354,MS01354,M00688,2024-08-04,4320,Cash,Paid
P001355,MS01355,M00688,2024-11-02,12750,Credit Card,Paid Late
P001356,MS01356,M00688,2025-11-03,4800,Cash,Paid
P001357,MS01357,M00689,2024-03-02,15000,UPI,Paid
P001358,MS01358,M00689,2025-03-01,1710,Debit Card,Paid Late
P001359,MS01359,M00690,2024-11-30,4560,Cash,Paid
P001360,MS01360,M00690,2025-02-28,4800,UPI,Paid
P001361,MS01361,M00690,2025-05-28,4080,Credit Card,Failed
P001362,MS01362,M00691,2025-01-29,4800,Debit Card,Paid
P001363,MS01363,M00691,2025-05-01,4560,UPI,Paid
P001364,MS01364,M00692,2024-04-18,4800,UPI,Paid
P001365,MS01365,M00692,2024-07-17,1710,Debit Card,Paid
P001366,MS01366,M00693,2024-04-21,4560,UPI,Paid
P001367,MS01367,M00694,2024-03-26,1800,UPI,Paid
P001368,MS01368,M00694,2024-04-23,15000,Debit Card,Paid
P001369,MS01369,M00694,2025-04-23,1710,Net Banking,Paid
P001370,MS01370,M00694,2025-05-25,15000,UPI,Paid
P001371,MS01371,M00695,2024-12-28,4800,Credit Card,Paid
P001372,MS01372,M00696,2024-01-06,4800,Debit Card,Failed
P001373,MS01373,M00697,2025-01-02,4560,Debit Card,Paid
P001374,MS01374,M00698,2024-10-31,4800,UPI,Paid
P001375,MS01375,M00698,2025-01-31,1710,UPI,Paid
P001376,MS01376,M00698,2025-03-01,1620,UPI,Paid
P001377,MS01377,M00698,2025-03-31,1620,UPI,Paid
P001378,MS01378,M00699,2024-10-24,8500,Credit Card,Paid Late
P001379,MS01379,M00699,2025-04-25,15000,Debit Card,Paid
P001380,MS01380,M00700,2025-03-12,1620,Net Banking,Paid
P001381,MS01381,M00700,2025-04-12,4560,UPI,Paid
P001382,MS01382,M00701,2024-12-02,1710,UPI,Paid
P001383,MS01383,M00702,2025-04-11,1710,Credit Card,Failed
P001384,MS01384,M00702,2025-05-10,1800,Credit Card,Paid
P001385,MS01385,M00702,2025-06-12,1620,Net Banking,Paid
P001386,MS01386,M00702,2025-07-11,1710,Debit Card,Paid
P001387,MS01387,M00703,2025-05-03,1800,Debit Card,Paid
P001388,MS01388,M00703,2025-06-04,7650,Credit Card,Paid
P001389,MS01389,M00703,2025-12-03,1710,Credit Card,Paid
P001390,MS01390,M00704,2025-08-11,1800,Net Banking,Paid
P001391,MS01391,M00704,2025-09-10,4080,UPI,Paid
P001392,MS01392,M00704,2025-12-10,15000,UPI,Paid
P001393,MS01393,M00705,2025-05-26,8080,Debit Card,Paid
P001394,MS01394,M00705,2025-11-27,1620,Cash,Paid Late
P001395,MS01395,M00706,2024-11-29,1710,UPI,Paid
P001396,MS01396,M00706,2024-12-28,1620,UPI,Paid
P001397,MS01397,M00706,2025-01-28,1800,Credit Card,Paid
P001398,MS01398,M00707,2024-11-09,1800,UPI,Paid
P001399,MS01399,M00707,2024-12-10,1800,Credit Card,Paid
P001400,MS01400,M00707,2025-01-12,1710,Debit Card,Paid
P001401,MS01401,M00707,2025-02-10,1710,Net Banking,Paid
P001402,MS01402,M00707,2025-03-09,1530,UPI,Paid
P001403,MS01403,M00708,2024-06-02,4560,UPI,Paid Late
P001404,MS01404,M00709,2025-01-18,1800,UPI,Paid
P001405,MS01405,M00710,2024-03-30,1710,Credit Card,Paid
P001406,MS01406,M00710,2024-05-02,1710,UPI,Paid
P001407,MS01407,M00711,2025-08-18,4800,UPI,Paid
P001408,MS01408,M00711,2025-11-18,4800,UPI,Paid
P001409,MS01409,M00712,2025-06-23,4800,Credit Card,Paid
P001410,MS01410,M00712,2025-09-23,8500,Cash,Paid
P001411,MS01411,M00713,2024-03-20,15000,Debit Card,Paid
P001412,MS01412,M00714,2025-05-16,1800,UPI,Paid
P001413,MS01413,M00715,2024-03-16,1620,Debit Card,Paid
P001414,MS01414,M00715,2024-04-18,4320,Cash,Paid Late
P001415,MS01415,M00715,2024-07-18,1800,UPI,Paid
P001416,MS01416,M00715,2024-08-17,14250,UPI,Paid
P001417,MS01417,M00715,2025-08-18,1800,UPI,Paid
P001418,MS01418,M00715,2025-09-17,1800,UPI,Paid
P001419,MS01419,M00715,2025-10-15,1710,UPI,Paid
P001420,MS01420,M00715,2025-11-16,1620,UPI,Paid Late
P001421,MS01421,M00716,2025-04-08,1620,UPI,Paid
P001422,MS01422,M00717,2024-02-27,4320,UPI,Paid Late
P001423,MS01423,M00717,2024-05-27,4800,UPI,Paid Late
P001424,MS01424,M00717,2024-08-25,1800,UPI,Paid
P001425,MS01425,M00717,2024-09-26,4800,Credit Card,Paid
P001426,MS01426,M00717,2024-12-25,1800,UPI,Paid
P001427,MS01427,M00717,2025-01-26,1710,UPI,Paid
P001428,MS01428,M00718,2024-11-10,1800,UPI,Paid
P001429,MS01429,M00719,2025-02-24,4080,UPI,Paid
P001430,MS01430,M00720,2025-04-11,4800,Net Banking,Paid
P001431,MS01431,M00720,2025-07-09,4560,Credit Card,Paid
P001432,MS01432,M00721,2024-09-27,15000,UPI,Paid
P001433,MS01433,M00721,2025-09-25,7650,Credit Card,Paid
P001434,MS01434,M00722,2025-08-10,4080,UPI,Paid
P001435,MS01435,M00722,2025-11-13,1800,Debit Card,Paid
P001436,MS01436,M00722,2025-12-11,8500,Credit Card,Paid
P001437,MS01437,M00723,2025-05-11,1710,Cash,Paid
P001438,MS01438,M00723,2025-06-10,4800,UPI,Paid
P001439,MS01439,M00723,2025-09-10,1710,Credit Card,Paid
P001440,MS01440,M00724,2024-05-13,13500,Credit Card,Paid
P001441,MS01441,M00724,2025-05-12,1800,UPI,Paid
P001442,MS01442,M00724,2025-06-13,1620,Credit Card,Paid
P001443,MS01443,M00725,2025-03-05,1620,Cash,Paid
P001444,MS01444,M00726,2025-04-12,1620,Net Banking,Paid
P001445,MS01445,M00727,2024-08-02,13500,Credit Card,Paid
P001446,MS01446,M00727,2025-07-31,1530,UPI,Paid
P001447,MS01447,M00727,2025-09-01,1800,Credit Card,Paid
P001448,MS01448,M00728,2025-04-18,1620,Debit Card,Paid
P001449,MS01449,M00729,2025-07-28,1800,Debit Card,Paid
P001450,MS01450,M00730,2025-06-08,7650,Net Banking,Paid Late
P001451,MS01451,M00731,2025-05-03,1620,Credit Card,Paid
P001452,MS01452,M00732,2025-02-11,4560,Credit Card,Paid
P001453,MS01453,M00732,2025-05-09,4560,UPI,Paid
P001454,MS01454,M00732,2025-08-08,8500,UPI,Paid
P001455,MS01455,M00733,2024-06-21,8500,Credit Card,Paid
P001456,MS01456,M00733,2024-12-22,4800,UPI,Paid
P001457,MS01457,M00733,2025-03-23,8500,Debit Card,Paid
P001458,MS01458,M00733,2025-09-21,1800,UPI,Paid
P001459,MS01459,M00733,2025-10-22,14250,Debit Card,Paid
P001460,MS01460,M00734,2025-05-24,1710,Credit Card,Paid
P001461,MS01461,M00735,2024-08-23,1800,UPI,Paid
P001462,MS01462,M00736,2024-12-08,4320,Debit Card,Paid
P001463,MS01463,M00736,2025-03-05,4560,Debit Card,Paid
P001464,MS01464,M00736,2025-06-06,4800,Credit Card,Paid
P001465,MS01465,M00737,2024-07-19,1710,Credit Card,Paid
P001466,MS01466,M00738,2024-07-18,8500,Cash,Paid
P001467,MS01467,M00739,2024-04-13,1800,UPI,Paid
P001468,MS01468,M00740,2025-09-08,1710,Credit Card,Paid
P001469,MS01469,M00740,2025-10-05,13500,Debit Card,Paid
P001470,MS01470,M00741,2024-04-05,8500,Credit Card,Paid
P001471,MS01471,M00741,2024-10-04,8080,Cash,Paid
P001472,MS01472,M00741,2025-04-04,8080,UPI,Paid
P001473,MS01473,M00742,2024-02-26,1800,UPI,Paid
P001474,MS01474,M00743,2025-08-21,1800,UPI,Paid
P001475,MS01475,M00744,2024-12-21,4800,UPI,Paid
P001476,MS01476,M00744,2025-03-23,1800,UPI,Paid
P001477,MS01477,M00744,2025-04-21,8500,Debit Card,Paid
P001478,MS01478,M00745,2024-10-07,15000,UPI,Paid Late
P001479,MS01479,M00746,2025-04-16,1710,UPI,Paid
P001480,MS01480,M00747,2024-09-03,8500,Credit Card,Paid
P001481,MS01481,M00747,2025-03-01,1530,UPI,Paid
P001482,MS01482,M00747,2025-04-01,4800,Debit Card,Paid
P001483,MS01483,M00747,2025-07-04,1800,UPI,Paid
P001484,MS01484,M00748,2024-03-25,1800,Credit Card,Paid
P001485,MS01485,M00749,2025-04-12,1620,UPI,Paid
P001486,MS01486,M00750,2024-04-24,4800,UPI,Paid
P001487,MS01487,M00750,2024-07-24,7650,UPI,Paid
P001488,MS01488,M00750,2025-01-22,1800,Debit Card,Paid
P001489,MS01489,M00751,2024-12-18,1530,UPI,Paid
P001490,MS01490,M00751,2025-01-21,15000,UPI,Paid
P001491,MS01491,M00752,2025-08-29,1800,UPI,Paid
P001492,MS01492,M00753,2025-08-21,1800,UPI,Paid Late
P001493,MS01493,M00754,2024-08-18,1800,UPI,Paid
P001494,MS01494,M00754,2024-09-21,1620,Debit Card,Paid
P001495,MS01495,M00754,2024-10-21,4800,Debit Card,Paid
P001496,MS01496,M00754,2025-01-18,4320,UPI,Paid Late
P001497,MS01497,M00754,2025-04-20,1800,Credit Card,Paid
P001498,MS01498,M00755,2025-05-12,4800,Debit Card,Paid
P001499,MS01499,M00755,2025-08-12,8500,UPI,Paid
P001500,MS01500,M00756,2025-01-28,4800,UPI,Paid
P001501,MS01501,M00756,2025-04-25,4560,UPI,Paid
P001502,MS01502,M00757,2024-11-03,4800,UPI,Paid
P001503,MS01503,M00757,2025-02-03,4800,UPI,Paid
P001504,MS01504,M00758,2024-03-30,1800,UPI,Paid
P001505,MS01505,M00758,2024-04-30,8080,UPI,Paid
P001506,MS01506,M00758,2024-10-30,1620,UPI,Paid
P001507,MS01507,M00759,2024-08-28,1620,UPI,Paid
P001508,MS01508,M00760,2025-02-21,1800,UPI,Paid
P001509,MS01509,M00761,2025-09-22,1620,UPI,Paid
P001510,MS01510,M00762,2024-01-06,1800,Cash,Paid
P001511,MS01511,M00763,2025-04-02,1800,Credit Card,Paid
P001512,MS01512,M00763,2025-05-02,8500,Debit Card,Paid
P001513,MS01513,M00763,2025-11-03,8500,Debit Card,Paid
P001514,MS01514,M00764,2025-06-23,1620,Credit Card,Paid
P001515,MS01515,M00764,2025-07-26,1800,UPI,Paid
P001516,MS01516,M00765,2025-08-29,8500,UPI,Paid
P001517,MS01517,M00766,2024-09-30,1800,UPI,Paid
P001518,MS01518,M00766,2024-10-29,15000,Credit Card,Paid
P001519,MS01519,M00767,2024-03-19,1620,UPI,Paid
P001520,MS01520,M00767,2024-04-18,1620,Credit Card,Paid
P001521,MS01521,M00767,2024-05-17,7650,UPI,Paid
P001522,MS01522,M00768,2024-06-24,8500,UPI,Paid
P001523,MS01523,M00768,2024-12-23,4800,Debit Card,Failed
P001524,MS01524,M00768,2025-03-23,1710,UPI,Paid
P001525,MS01525,M00768,2025-04-23,1530,UPI,Paid
P001526,MS01526,M00769,2025-06-29,1800,UPI,Paid
P001527,MS01527,M00770,2025-07-15,1710,Debit Card,Paid Late
P001528,MS01528,M00771,2025-02-12,1800,Cash,Paid
P001529,MS01529,M00771,2025-03-11,1710,UPI,Paid
P001530,MS01530,M00771,2025-04-13,14250,Cash,Paid
P001531,MS01531,M00772,2024-03-19,4800,Credit Card,Paid
P001532,MS01532,M00772,2024-06-20,4800,UPI,Paid
P001533,MS01533,M00772,2024-09-21,1800,Credit Card,Paid
P001534,MS01534,M00773,2024-03-19,14250,UPI,Paid
P001535,MS01535,M00774,2024-11-01,4800,Debit Card,Paid
P001536,MS01536,M00775,2025-01-11,1800,Debit Card,Paid
P001537,MS01537,M00776,2024-01-22,4320,UPI,Paid
P001538,MS01538,M00776,2024-04-24,8500,Net Banking,Paid
P001539,MS01539,M00776,2024-10-24,15000,Cash,Paid
P001540,MS01540,M00776,2025-10-23,13500,Cash,Paid
P001541,MS01541,M00777,2025-03-16,1620,Cash,Paid Late
P001542,MS01542,M00778,2024-12-13,4800,UPI,Paid
P001543,MS01543,M00778,2025-03-15,15000,Credit Card,Paid
P001544,MS01544,M00779,2024-01-11,1800,Cash,Paid
P001545,MS01545,M00780,2024-03-05,8500,Debit Card,Paid
P001546,MS01546,M00780,2024-09-03,4800,Cash,Paid
P001547,MS01547,M00780,2024-12-02,4800,Cash,Paid
P001548,MS01548,M00781,2024-10-19,1710,UPI,Paid
P001549,MS01549,M00782,2025-04-07,8080,Debit Card,Paid
P001550,MS01550,M00782,2025-10-09,1800,Debit Card,Paid
P001551,MS01551,M00782,2025-11-08,4800,UPI,Paid
P001552,MS01552,M00783,2025-06-10,4560,UPI,Paid Late
P001553,MS01553,M00783,2025-09-10,1710,UPI,Paid
P001554,MS01554,M00784,2024-10-05,4800,Debit Card,Paid
P001555,MS01555,M00785,2024-07-10,1800,Debit Card,Paid
P001556,MS01556,M00785,2024-08-09,1710,Credit Card,Paid
P001557,MS01557,M00786,2025-09-11,8080,Credit Card,Paid
P001558,MS01558,M00787,2024-10-19,4320,UPI,Paid
P001559,MS01559,M00787,2025-01-20,1710,UPI,Failed
P001560,MS01560,M00788,2024-07-23,1620,UPI,Paid
P001561,MS01561,M00788,2024-08-23,1620,UPI,Paid
P001562,MS01562,M00789,2024-10-11,4800,Credit Card,Paid
P001563,MS01563,M00790,2024-01-11,1800,UPI,Paid
P001564,MS01564,M00791,2024-07-12,1710,UPI,Paid
P001565,MS01565,M00792,2024-11-25,1800,UPI,Paid
P001566,MS01566,M00792,2024-12-24,4560,UPI,Paid
P001567,MS01567,M00793,2025-08-10,4080,Credit Card,Paid
P001568,MS01568,M00793,2025-11-11,1800,Cash,Paid
P001569,MS01569,M00794,2025-04-18,1800,Debit Card,Paid
P001570,MS01570,M00794,2025-05-18,1710,UPI,Paid
P001571,MS01571,M00795,2025-05-16,1710,UPI,Paid
P001572,MS01572,M00795,2025-06-15,1800,Debit Card,Paid
P001573,MS01573,M00796,2024-12-16,4560,UPI,Paid
P001574,MS01574,M00797,2024-03-12,1620,UPI,Paid Late
P001575,MS01575,M00798,2024-09-08,1800,UPI,Paid
P001576,MS01576,M00798,2024-10-06,1800,Debit Card,Paid Late
P001577,MS01577,M00798,2024-11-06,13500,UPI,Paid
P001578,MS01578,M00798,2025-11-09,7220,Credit Card,Paid Late
P001579,MS01579,M00799,2025-09-29,4560,UPI,Paid
P001580,MS01580,M00800,2024-02-01,8500,UPI,Paid
P001581,MS01581,M00800,2024-07-30,1800,Net Banking,Paid
P001582,MS01582,M00801,2025-07-14,4800,UPI,Paid
P001583,MS01583,M00801,2025-10-17,4800,Debit Card,Paid
P001584,MS01584,M00802,2025-03-14,1710,Cash,Paid
P001585,MS01585,M00802,2025-04-13,13500,Debit Card,Paid
P001586,MS01586,M00803,2024-07-01,4320,Credit Card,Paid
P001587,MS01587,M00803,2024-09-30,4320,UPI,Paid
P001588,MS01588,M00803,2025-01-02,15000,UPI,Paid
P001589,MS01589,M00804,2025-05-13,15000,Net Banking,Paid Late
P001590,MS01590,M00805,2025-06-17,4320,UPI,Paid
P001591,MS01591,M00805,2025-09-18,1620,UPI,Paid
P001592,MS01592,M00805,2025-10-19,4560,Net Banking,Paid
P001593,MS01593,M00806,2024-01-30,1530,UPI,Paid
P001594,MS01594,M00807,2024-03-11,15000,Net Banking,Paid Late
P001595,MS01595,M00807,2025-03-11,7650,Cash,Paid Late
P001596,MS01596,M00807,2025-09-09,1800,Debit Card,Paid
P001597,MS01597,M00807,2025-10-11,4080,Debit Card,Paid
P001598,MS01598,M00808,2025-03-02,1800,Debit Card,Paid
P001599,MS01599,M00808,2025-03-29,1620,Debit Card,Paid
P001600,MS01600,M00808,2025-04-30,1710,UPI,Paid
P001601,MS01601,M00808,2025-05-31,1710,Cash,Paid
P001602,MS01602,M00808,2025-07-01,4560,UPI,Paid
P001603,MS01603,M00809,2025-09-29,1800,Debit Card,Paid
P001604,MS01604,M00810,2024-01-18,1800,UPI,Paid
P001605,MS01605,M00810,2024-02-16,1800,UPI,Paid
P001606,MS01606,M00811,2025-02-28,1710,UPI,Paid
P001607,MS01607,M00811,2025-03-28,1620,Credit Card,Paid
P001608,MS01608,M00812,2024-03-30,15000,Credit Card,Paid
P001609,MS01609,M00812,2025-03-31,4800,UPI,Paid
P001610,MS01610,M00812,2025-07-01,1800,Debit Card,Paid
P001611,MS01611,M00813,2025-02-18,8080,UPI,Paid
P001612,MS01612,M00813,2025-08-19,8080,Debit Card,Paid
P001613,MS01613,M00814,2025-02-04,4080,Cash,Paid
P001614,MS01614,M00814,2025-05-01,4320,UPI,Paid Late
P001615,MS01615,M00815,2024-02-29,15000,UPI,Paid
P001616,MS01616,M00815,2025-03-01,1710,UPI,Paid
P001617,MS01617,M00815,2025-03-29,1620,Debit Card,Paid
P001618,MS01618,M00816,2025-03-10,4800,Debit Card,Paid
P001619,MS01619,M00816,2025-06-13,1800,Debit Card,Paid
P001620,MS01620,M00817,2025-07-27,4800,UPI,Paid
P001621,MS01621,M00818,2025-07-06,1800,UPI,Paid
P001622,MS01622,M00818,2025-08-04,1710,UPI,Paid
P001623,MS01623,M00819,2024-01-20,4320,UPI,Paid
P001624,MS01624,M00820,2024-06-05,7220,Credit Card,Paid
P001625,MS01625,M00821,2024-06-05,8500,Debit Card,Paid
P001626,MS01626,M00821,2024-12-05,4320,Credit Card,Paid
P001627,MS01627,M00822,2024-10-17,4320,UPI,Paid
P001628,MS01628,M00823,2024-04-04,4800,UPI,Paid
P001629,MS01629,M00823,2024-07-02,1800,Cash,Paid
P001630,MS01630,M00824,2025-06-30,1620,Credit Card,Paid
P001631,MS01631,M00824,2025-07-31,4800,Cash,Paid
P001632,MS01632,M00825,2025-05-12,1710,Cash,Paid
P001633,MS01633,M00826,2025-06-02,4560,UPI,Paid
P001634,MS01634,M00827,2024-05-09,8500,Cash,Paid
P001635,MS01635,M00828,2024-01-13,1800,UPI,Paid
P001636,MS01636,M00828,2024-02-11,1800,UPI,Paid
P001637,MS01637,M00829,2025-08-06,4080,UPI,Paid
P001638,MS01638,M00829,2025-11-03,4800,Debit Card,Paid
P001639,MS01639,M00830,2024-07-05,1710,Credit Card,Paid Late
P001640,MS01640,M00831,2025-02-23,1800,Net Banking,Paid
P001641,MS01641,M00831,2025-03-23,1710,Net Banking,Paid
P001642,MS01642,M00832,2025-08-05,7220,UPI,Failed
P001643,MS01643,M00833,2024-01-27,13500,Credit Card,Paid
P001644,MS01644,M00833,2025-01-26,8080,UPI,Paid Late
P001645,MS01645,M00833,2025-07-25,4320,UPI,Paid Late
P001646,MS01646,M00834,2024-01-04,8500,Credit Card,Paid
P001647,MS01647,M00835,2024-01-05,4320,Debit Card,Paid
P001648,MS01648,M00836,2024-04-09,1800,Cash,Paid
P001649,MS01649,M00837,2024-02-04,13500,Debit Card,Paid Late
P001650,MS01650,M00837,2025-02-04,1710,Debit Card,Paid
P001651,MS01651,M00837,2025-03-05,14250,UPI,Paid Late
P001652,MS01652,M00838,2025-06-08,4080,Debit Card,Paid
P001653,MS01653,M00838,2025-09-08,1710,Credit Card,Paid
P001654,MS01654,M00838,2025-10-10,1620,Debit Card,Paid
P001655,MS01655,M00838,2025-11-08,4800,UPI,Paid
P001656,MS01656,M00839,2025-01-23,4560,Debit Card,Paid
P001657,MS01657,M00839,2025-04-24,1620,Credit Card,Paid
P001658,MS01658,M00840,2025-09-19,1800,UPI,Paid
P001659,MS01659,M00841,2025-05-29,1530,UPI,Paid
P001660,MS01660,M00842,2025-09-09,1800,UPI,Paid Late
P001661,MS01661,M00843,2024-06-02,1710,UPI,Paid
P001662,MS01662,M00843,2024-07-03,4320,UPI,Paid
P001663,MS01663,M00844,2024-07-02,1710,Credit Card,Paid
P001664,MS01664,M00845,2025-06-26,1620,Debit Card,Paid
P001665,MS01665,M00846,2024-06-07,1530,UPI,Paid
P001666,MS01666,M00846,2024-07-07,1800,UPI,Paid
P001667,MS01667,M00846,2024-08-05,1800,UPI,Paid
P001668,MS01668,M00847,2024-02-09,4800,Credit Card,Paid
P001669,MS01669,M00848,2025-03-02,4560,Credit Card,Paid
P001670,MS01670,M00849,2025-05-28,1800,Cash,Paid
P001671,MS01671,M00849,2025-06-29,1710,UPI,Paid
P001672,MS01672,M00849,2025-07-29,4320,Debit Card,Paid
P001673,MS01673,M00850,2025-09-10,4560,Debit Card,Paid
P001674,MS01674,M00851,2025-08-15,4800,Cash,Paid
P001675,MS01675,M00851,2025-11-16,1710,Credit Card,Paid
P001676,MS01676,M00851,2025-12-16,1800,Cash,Paid
P001677,MS01677,M00852,2024-03-17,1800,UPI,Paid
P001678,MS01678,M00852,2024-04-17,1620,Cash,Paid
P001679,MS01679,M00852,2024-05-20,1530,UPI,Paid
P001680,MS01680,M00852,2024-06-18,4560,UPI,Paid
P001681,MS01681,M00852,2024-09-18,1800,UPI,Paid
P001682,MS01682,M00852,2024-10-19,1710,UPI,Paid
P001683,MS01683,M00852,2024-11-18,1710,UPI,Paid Late
P001684,MS01684,M00852,2024-12-18,4800,UPI,Paid
P001685,MS01685,M00853,2025-05-09,8080,Cash,Paid
P001686,MS01686,M00854,2025-06-23,1800,Credit Card,Paid
P001687,MS01687,M00854,2025-07-26,1620,UPI,Paid
P001688,MS01688,M00854,2025-08-26,1620,Cash,Paid
P001689,MS01689,M00854,2025-09-23,4800,UPI,Paid
P001690,MS01690,M00855,2025-03-24,1710,UPI,Paid
P001691,MS01691,M00856,2025-06-09,12750,Cash,Paid
P001692,MS01692,M00857,2025-06-20,1800,Credit Card,Paid
P001693,MS01693,M00858,2024-10-13,4320,Cash,Paid
P001694,MS01694,M00859,2024-01-29,1800,Net Banking,Paid
P001695,MS01695,M00859,2024-02-29,4560,Debit Card,Paid
P001696,MS01696,M00859,2024-05-26,8500,Debit Card,Paid
P001697,MS01697,M00859,2024-11-26,1710,Cash,Paid
P001698,MS01698,M00859,2024-12-29,7650,UPI,Failed
P001699,MS01699,M00859,2025-06-29,15000,UPI,Paid
P001700,MS01700,M00860,2024-05-09,1710,UPI,Paid
P001701,MS01701,M00860,2024-06-09,14250,Debit Card,Paid Late
P001702,MS01702,M00861,2024-03-16,1620,Debit Card,Paid
P001703,MS01703,M00861,2024-04-13,4320,Net Banking,Paid
P001704,MS01704,M00861,2024-07-13,14250,Credit Card,Paid
P001705,MS01705,M00861,2025-07-13,1800,Credit Card,Paid
P001706,MS01706,M00861,2025-08-15,4800,UPI,Paid
P001707,MS01707,M00862,2024-03-23,15000,UPI,Paid
P001708,MS01708,M00862,2025-03-23,1800,UPI,Paid
P001709,MS01709,M00862,2025-04-22,7650,UPI,Paid
P001710,MS01710,M00862,2025-10-21,1800,Debit Card,Paid
P001711,MS01711,M00863,2025-03-21,1620,Debit Card,Paid
P001712,MS01712,M00864,2024-11-17,1620,Debit Card,Paid
P001713,MS01713,M00865,2024-12-10,4320,Credit Card,Paid
P001714,MS01714,M00865,2025-03-10,4800,UPI,Paid
P001715,MS01715,M00866,2025-04-23,1800,Net Banking,Paid
P001716,MS01716,M00866,2025-05-21,1800,UPI,Paid
P001717,MS01717,M00866,2025-06-20,8080,Debit Card,Paid
P001718,MS01718,M00866,2025-12-21,7650,UPI,Paid
P001719,MS01719,M00867,2024-12-17,4800,Credit Card,Paid
P001720,MS01720,M00867,2025-03-15,4800,Credit Card,Paid
P001721,MS01721,M00867,2025-06-17,1710,UPI,Paid
P001722,MS01722,M00867,2025-07-16,8080,Debit Card,Paid
P001723,MS01723,M00868,2025-02-06,8500,Net Banking,Failed
P001724,MS01724,M00868,2025-08-08,4800,Cash,Paid
P001725,MS01725,M00868,2025-11-08,1620,Cash,Paid
P001726,MS01726,M00869,2024-02-24,1800,Credit Card,Paid
P001727,MS01727,M00870,2025-06-29,1800,Debit Card,Paid Late
P001728,MS01728,M00871,2024-10-15,1530,Cash,Paid
P001729,MS01729,M00871,2024-11-14,8500,UPI,Paid
P001730,MS01730,M00871,2025-05-14,1530,UPI,Paid
P001731,MS01731,M00872,2024-04-09,1530,UPI,Paid
P001732,MS01732,M00872,2024-05-11,1800,Debit Card,Paid
P001733,MS01733,M00873,2025-06-05,1800,UPI,Paid
P001734,MS01734,M00874,2025-04-16,4800,Debit Card,Paid
P001735,MS01735,M00874,2025-07-13,1710,UPI,Paid
P001736,MS01736,M00874,2025-08-16,4320,Cash,Paid
P001737,MS01737,M00874,2025-11-15,1800,UPI,Paid
P001738,MS01738,M00875,2024-02-04,7650,UPI,Paid Late
P001739,MS01739,M00876,2024-05-04,7220,UPI,Paid Late
P001740,MS01740,M00876,2024-11-06,1710,Credit Card,Paid Late
P001741,MS01741,M00876,2024-12-03,1800,UPI,Failed
P001742,MS01742,M00876,2025-01-04,4800,UPI,Paid
P001743,MS01743,M00876,2025-04-04,14250,UPI,Failed
P001744,MS01744,M00877,2024-01-14,1800,Debit Card,Paid
P001745,MS01745,M00878,2024-06-23,1530,Net Banking,Paid
P001746,MS01746,M00878,2024-07-23,8500,UPI,Paid
P001747,MS01747,M00878,2025-01-24,1800,UPI,Paid
P001748,MS01748,M00879,2024-03-07,4800,Credit Card,Paid
P001749,MS01749,M00880,2025-03-31,1620,UPI,Paid
P001750,MS01750,M00880,2025-04-30,1800,Credit Card,Paid
P001751,MS01751,M00880,2025-05-28,15000,UPI,Paid
P001752,MS01752,M00881,2024-12-02,8500,Net Banking,Paid Late
P001753,MS01753,M00881,2025-05-31,4800,UPI,Paid
P001754,MS01754,M00882,2025-09-17,4800,UPI,Paid
P001755,MS01755,M00882,2025-12-18,1710,Credit Card,Paid
P001756,MS01756,M00883,2025-04-23,8500,UPI,Paid
P001757,MS01757,M00884,2025-01-26,1620,Debit Card,Paid
P001758,MS01758,M00884,2025-02-28,8080,UPI,Paid Late
P001759,MS01759,M00884,2025-08-26,1620,UPI,Paid
P001760,MS01760,M00885,2024-11-21,4800,UPI,Paid
P001761,MS01761,M00885,2025-02-20,1710,UPI,Paid
P001762,MS01762,M00885,2025-03-23,8080,UPI,Paid
P001763,MS01763,M00885,2025-09-20,4800,UPI,Paid
P001764,MS01764,M00885,2025-12-23,1800,UPI,Paid Late
P001765,MS01765,M00886,2024-02-06,4320,Debit Card,Paid
P001766,MS01766,M00886,2024-05-07,13500,UPI,Paid
P001767,MS01767,M00886,2025-05-05,1620,Credit Card,Paid
P001768,MS01768,M00886,2025-06-04,1530,Debit Card,Paid
P001769,MS01769,M00887,2024-02-14,7650,Debit Card,Paid
P001770,MS01770,M00887,2024-08-15,4320,Net Banking,Paid
P001771,MS01771,M00887,2024-11-16,1800,Credit Card,Paid
P001772,MS01772,M00888,2025-01-29,4320,Credit Card,Paid
P001773,MS01773,M00888,2025-04-30,4800,Debit Card,Paid
P001774,MS01774,M00889,2024-01-05,4320,UPI,Paid
P001775,MS01775,M00889,2024-04-05,1800,UPI,Paid Late
P001776,MS01776,M00890,2024-01-29,1620,Net Banking,Paid
P001777,MS01777,M00890,2024-03-01,4800,Credit Card,Paid
P001778,MS01778,M00890,2024-05-29,4800,Cash,Paid
P001779,MS01779,M00890,2024-08-31,4800,UPI,Paid
P001780,MS01780,M00890,2024-11-29,4800,Debit Card,Paid
P001781,MS01781,M00890,2025-02-28,1800,Credit Card,Paid
P001782,MS01782,M00890,2025-03-31,4800,Credit Card,Paid
P001783,MS01783,M00891,2024-05-22,8500,UPI,Paid
P001784,MS01784,M00891,2024-11-20,1800,UPI,Paid
P001785,MS01785,M00892,2025-07-20,1800,UPI,Paid
P001786,MS01786,M00893,2024-10-19,14250,UPI,Paid Late
P001787,MS01787,M00893,2025-10-20,7650,UPI,Paid
P001788,MS01788,M00894,2025-03-28,8080,UPI,Paid
P001789,MS01789,M00894,2025-09-30,1800,Debit Card,Paid Late
P001790,MS01790,M00894,2025-10-30,1800,Debit Card,Paid
P001791,MS01791,M00895,2024-09-19,1800,UPI,Paid
P001792,MS01792,M00896,2024-04-22,1620,UPI,Paid
P001793,MS01793,M00897,2024-08-25,4800,UPI,Paid
P001794,MS01794,M00897,2024-11-24,4800,Credit Card,Paid
P001795,MS01795,M00897,2025-02-26,1710,UPI,Paid
P001796,MS01796,M00898,2024-03-02,4560,Credit Card,Paid
P001797,MS01797,M00898,2024-05-28,13500,Credit Card,Paid
P001798,MS01798,M00898,2025-05-31,4800,Cash,Paid
P001799,MS01799,M00899,2025-05-09,1800,UPI,Paid
P001800,MS01800,M00900,2024-04-29,4800,Cash,Paid
P001801,MS01801,M00901,2024-08-28,8500,Net Banking,Paid
P001802,MS01802,M00901,2025-03-02,4560,UPI,Paid
P001803,MS01803,M00902,2025-09-17,4560,UPI,Paid
P001804,MS01804,M00903,2025-01-12,1800,UPI,Paid
P001805,MS01805,M00904,2024-10-20,8500,Cash,Paid
P001806,MS01806,M00904,2025-04-22,1800,Debit Card,Paid
P001807,MS01807,M00904,2025-05-20,4800,Debit Card,Paid
P001808,MS01808,M00905,2024-12-13,12750,UPI,Paid
P001809,MS01809,M00906,2025-05-18,1710,Credit Card,Paid
P001810,MS01810,M00907,2024-06-12,1620,Credit Card,Paid
P001811,MS01811,M00908,2025-02-10,4800,Cash,Paid
P001812,MS01812,M00908,2025-05-10,8500,UPI,Paid
P001813,MS01813,M00908,2025-11-12,4560,UPI,Paid
P001814,MS01814,M00909,2025-07-12,1620,UPI,Paid
P001815,MS01815,M00910,2025-01-01,1620,Cash,Paid
P001816,MS01816,M00910,2025-01-31,4560,UPI,Paid
P001817,MS01817,M00911,2024-10-13,8500,Debit Card,Paid
P001818,MS01818,M00911,2025-04-14,8500,UPI,Paid
P001819,MS01819,M00911,2025-10-14,1800,UPI,Paid
P001820,MS01820,M00912,2024-04-04,4320,Credit Card,Paid
P001821,MS01821,M00912,2024-07-05,1800,Credit Card,Paid
P001822,MS01822,M00912,2024-08-02,4800,Debit Card,Paid
P001823,MS01823,M00912,2024-11-03,15000,Debit Card,Paid
P001824,MS01824,M00912,2025-11-03,8080,UPI,Paid
P001825,MS01825,M00913,2024-06-09,14250,Cash,Paid
P001826,MS01826,M00913,2025-06-09,1530,UPI,Paid
P001827,MS01827,M00913,2025-07-08,8500,UPI,Paid
P001828,MS01828,M00914,2025-08-29,7220,UPI,Paid
P001829,MS01829,M00915,2024-12-14,1710,UPI,Paid
P001830,MS01830,M00916,2024-07-11,1800,Credit Card,Paid
P001831,MS01831,M00917,2024-09-25,1800,UPI,Paid Late
P001832,MS01832,M00917,2024-10-24,1710,Net Banking,Paid
P001833,MS01833,M00917,2024-11-24,4800,UPI,Paid
P001834,MS01834,M00917,2025-02-24,8080,Credit Card,Paid
P001835,MS01835,M00917,2025-08-26,1710,Cash,Paid
P001836,MS01836,M00918,2025-01-04,4320,UPI,Paid
P001837,MS01837,M00918,2025-04-04,15000,UPI,Paid
P001838,MS01838,M00919,2024-12-10,4800,Credit Card,Paid
P001839,MS01839,M00919,2025-03-08,1620,UPI,Paid
P001840,MS01840,M00920,2025-03-25,4800,Credit Card,Failed
P001841,MS01841,M00920,2025-06-24,8080,Credit Card,Paid
P001842,MS01842,M00920,2025-12-25,1800,UPI,Paid
P001843,MS01843,M00921,2024-06-14,4320,UPI,Paid
P001844,MS01844,M00922,2025-02-18,1800,UPI,Paid
P001845,MS01845,M00923,2024-10-12,1710,Cash,Failed
P001846,MS01846,M00924,2025-08-24,1800,UPI,Paid
P001847,MS01847,M00924,2025-09-25,4800,UPI,Paid
P001848,MS01848,M00924,2025-12-25,1620,UPI,Paid
P001849,MS01849,M00925,2024-04-12,13500,UPI,Paid
P001850,MS01850,M00925,2025-04-11,1710,UPI,Paid
P001851,MS01851,M00926,2024-04-05,8500,Debit Card,Paid
P001852,MS01852,M00927,2024-10-23,1710,Cash,Paid
P001853,MS01853,M00928,2024-11-23,4320,Credit Card,Paid
P001854,MS01854,M00929,2025-03-19,7650,Credit Card,Paid
P001855,MS01855,M00929,2025-09-16,1620,Credit Card,Paid
P001856,MS01856,M00930,2024-09-14,4800,Debit Card,Paid
P001857,MS01857,M00930,2024-12-16,1530,UPI,Paid
P001858,MS01858,M00930,2025-01-16,1800,Cash,Paid
P001859,MS01859,M00931,2025-08-05,1710,Net Banking,Paid
P001860,MS01860,M00931,2025-09-07,1800,Cash,Paid
P001861,MS01861,M00931,2025-10-08,7650,UPI,Paid Late
P001862,MS01862,M00932,2024-10-29,8500,Cash,Paid
P001863,MS01863,M00933,2024-03-25,1620,UPI,Paid
P001864,MS01864,M00934,2024-03-18,1800,Credit Card,Paid
P001865,MS01865,M00934,2024-04-17,1710,Debit Card,Paid
P001866,MS01866,M00935,2025-09-13,1710,Debit Card,Paid
P001867,MS01867,M00936,2024-03-28,1800,Net Banking,Paid
P001868,MS01868,M00936,2024-04-27,4800,UPI,Paid
P001869,MS01869,M00936,2024-07-27,1620,Net Banking,Paid
P001870,MS01870,M00937,2025-08-28,1710,Debit Card,Paid
P001871,MS01871,M00938,2024-06-29,1800,UPI,Paid
P001872,MS01872,M00938,2024-07-27,1620,UPI,Failed
P001873,MS01873,M00939,2024-03-03,4800,UPI,Paid
P001874,MS01874,M00940,2024-07-14,1800,UPI,Paid
P001875,MS01875,M00940,2024-08-15,8080,UPI,Paid
P001876,MS01876,M00940,2025-02-15,4800,UPI,Paid
P001877,MS01877,M00940,2025-05-16,7650,UPI,Paid Late
P001878,MS01878,M00940,2025-11-16,1530,Credit Card,Paid
P001879,MS01879,M00940,2025-12-16,1800,UPI,Paid
P001880,MS01880,M00941,2025-01-27,4560,Credit Card,Paid
P001881,MS01881,M00941,2025-04-28,1710,Credit Card,Paid
P001882,MS01882,M00941,2025-05-27,1800,UPI,Paid
P001883,MS01883,M00942,2024-10-03,15000,Debit Card,Paid
P001884,MS01884,M00942,2025-10-03,8500,UPI,Paid
P001885,MS01885,M00943,2025-05-16,4560,UPI,Paid
P001886,MS01886,M00943,2025-08-19,1620,Cash,Paid
P001887,MS01887,M00944,2025-01-27,1710,Credit Card,Paid
P001888,MS01888,M00945,2024-09-12,8080,Cash,Paid Late
P001889,MS01889,M00945,2025-03-15,1800,Debit Card,Paid
P001890,MS01890,M00946,2025-02-11,7650,UPI,Paid
P001891,MS01891,M00946,2025-08-10,12750,UPI,Paid
P001892,MS01892,M00947,2025-09-14,15000,UPI,Paid
P001893,MS01893,M00948,2024-09-19,1800,UPI,Paid
P001894,MS01894,M00948,2024-10-21,4800,Net Banking,Paid
P001895,MS01895,M00948,2025-01-21,1710,UPI,Paid
P001896,MS01896,M00949,2024-04-10,1620,UPI,Paid
P001897,MS01897,M00950,2024-09-17,4560,Credit Card,Paid
P001898,MS01898,M00950,2024-12-19,15000,UPI,Paid
P001899,MS01899,M00951,2025-06-19,1800,Cash,Paid
P001900,MS01900,M00952,2024-05-21,7650,Net Banking,Paid
P001901,MS01901,M00953,2025-08-29,8080,UPI,Paid
P001902,MS01902,M00954,2025-01-11,1800,UPI,Paid
P001903,MS01903,M00954,2025-02-13,4560,Credit Card,Paid
P001904,MS01904,M00955,2025-01-18,1620,Cash,Paid
P001905,MS01905,M00956,2024-07-24,15000,Cash,Paid
P001906,MS01906,M00956,2025-07-22,8080,Cash,Failed
P001907,MS01907,M00957,2025-08-11,1800,UPI,Failed
P001908,MS01908,M00958,2024-01-24,4560,Debit Card,Failed
P001909,MS01909,M00959,2024-07-12,1800,UPI,Paid
P001910,MS01910,M00960,2024-09-25,8080,Credit Card,Paid
P001911,MS01911,M00961,2024-10-31,12750,UPI,Paid
P001912,MS01912,M00961,2025-11-01,1800,UPI,Paid
P001913,MS01913,M00962,2024-10-30,1800,Debit Card,Paid
P001914,MS01914,M00962,2024-12-01,15000,UPI,Paid
P001915,MS01915,M00963,2024-04-07,14250,Cash,Paid
P001916,MS01916,M00963,2025-04-06,8080,Credit Card,Paid
P001917,MS01917,M00963,2025-10-04,4800,UPI,Paid
P001918,MS01918,M00964,2024-05-26,14250,Cash,Paid
P001919,MS01919,M00965,2024-03-03,1620,Credit Card,Paid
P001920,MS01920,M00966,2025-01-03,1620,UPI,Paid
P001921,MS01921,M00967,2024-08-11,1620,UPI,Paid
P001922,MS01922,M00967,2024-09-12,1800,Credit Card,Paid
P001923,MS01923,M00968,2024-12-26,1800,Credit Card,Paid
P001924,MS01924,M00969,2025-01-12,4320,Debit Card,Paid
P001925,MS01925,M00969,2025-04-12,1620,UPI,Paid
P001926,MS01926,M00969,2025-05-12,1530,UPI,Paid
P001927,MS01927,M00969,2025-06-13,1710,UPI,Paid
P001928,MS01928,M00969,2025-07-11,4800,Cash,Paid
P001929,MS01929,M00969,2025-10-11,1800,UPI,Paid
P001930,MS01930,M00970,2025-03-26,13500,Debit Card,Paid
P001931,MS01931,M00971,2024-12-17,13500,Credit Card,Paid
P001932,MS01932,M00971,2025-12-16,1800,Net Banking,Paid
P001933,MS01933,M00972,2025-02-18,4800,UPI,Paid
P001934,MS01934,M00973,2025-01-12,1800,UPI,Paid
P001935,MS01935,M00974,2025-02-20,4800,Credit Card,Paid
P001936,MS01936,M00974,2025-05-20,4560,Cash,Paid
P001937,MS01937,M00975,2025-01-28,8080,Credit Card,Paid
P001938,MS01938,M00976,2024-07-21,8080,UPI,Paid
P001939,MS01939,M00976,2025-01-22,4800,Cash,Paid
P001940,MS01940,M00976,2025-04-22,1710,UPI,Paid Late
P001941,MS01941,M00976,2025-05-23,4800,UPI,Paid
P001942,MS01942,M00977,2024-06-09,1620,UPI,Paid
P001943,MS01943,M00978,2025-05-17,1620,Net Banking,Paid
P001944,MS01944,M00979,2024-08-07,7220,UPI,Paid
P001945,MS01945,M00979,2025-02-08,13500,Debit Card,Paid
P001946,MS01946,M00980,2024-12-18,7650,UPI,Paid
P001947,MS01947,M00980,2025-06-17,4800,UPI,Failed
P001948,MS01948,M00981,2024-05-08,1620,UPI,Paid
P001949,MS01949,M00982,2024-10-03,1800,UPI,Paid
P001950,MS01950,M00982,2024-11-04,4800,Credit Card,Paid
P001951,MS01951,M00982,2025-02-04,1800,UPI,Paid
P001952,MS01952,M00982,2025-03-04,1710,Net Banking,Paid
P001953,MS01953,M00983,2024-12-06,15000,UPI,Paid
P001954,MS01954,M00983,2025-12-04,1710,UPI,Paid
P001955,MS01955,M00984,2025-02-06,1710,Credit Card,Paid
P001956,MS01956,M00984,2025-03-04,4560,UPI,Paid
P001957,MS01957,M00985,2024-12-03,1800,UPI,Paid
P001958,MS01958,M00986,2024-08-18,1800,Credit Card,Paid
P001959,MS01959,M00986,2024-09-21,1800,UPI,Paid
P001960,MS01960,M00987,2025-09-07,8500,UPI,Paid Late
P001961,MS01961,M00988,2024-11-26,15000,UPI,Paid
P001962,MS01962,M00988,2025-11-23,1530,Credit Card,Paid
P001963,MS01963,M00988,2025-12-23,1530,UPI,Paid
P001964,MS01964,M00989,2025-05-31,1620,Debit Card,Paid
P001965,MS01965,M00990,2025-04-17,4800,UPI,Paid
P001966,MS01966,M00990,2025-07-18,15000,UPI,Paid
P001967,MS01967,M00991,2024-12-24,1800,UPI,Paid
P001968,MS01968,M00992,2025-07-21,1800,UPI,Paid
P001969,MS01969,M00992,2025-08-19,1800,UPI,Paid
P001970,MS01970,M00992,2025-09-21,8500,Credit Card,Paid
P001971,MS01971,M00993,2024-03-23,4320,Debit Card,Paid
P001972,MS01972,M00994,2025-08-13,15000,Credit Card,Paid
P001973,MS01973,M00995,2025-06-27,1800,UPI,Paid
P001974,MS01974,M00996,2024-11-20,4320,UPI,Paid
P001975,MS01975,M00997,2025-04-13,8500,UPI,Paid
P001976,MS01976,M00998,2024-11-27,1800,Credit Card,Paid
P001977,MS01977,M00999,2024-06-23,13500,Cash,Paid
P001978,MS01978,M00999,2025-06-22,8500,UPI,Paid
P001979,MS01979,M00999,2025-12-20,1800,UPI,Paid
P001980,MS01980,M01000,2025-05-26,7220,UPI,Paid
P001981,MS01981,M01000,2025-11-26,1800,UPI,Paid
P001982,MS01982,M01001,2024-06-07,4560,Credit Card,Paid Late
P001983,MS01983,M01001,2024-09-08,1620,Credit Card,Paid Late
P001984,MS01984,M01002,2024-07-22,1800,UPI,Paid
P001985,MS01985,M01002,2024-08-19,1800,Credit Card,Paid
P001986,MS01986,M01003,2024-11-29,1800,UPI,Paid
P001987,MS01987,M01004,2025-06-19,1800,Debit Card,Paid
P001988,MS01988,M01005,2024-09-01,1620,UPI,Paid
P001989,MS01989,M01005,2024-10-04,1800,UPI,Paid
P001990,MS01990,M01006,2024-11-11,1620,Debit Card,Paid
P001991,MS01991,M01006,2024-12-14,4800,Credit Card,Paid
P001992,MS01992,M01006,2025-03-14,4800,Credit Card,Paid
P001993,MS01993,M01006,2025-06-14,4560,UPI,Paid
P001994,MS01994,M01007,2024-01-28,1800,Cash,Paid
P001995,MS01995,M01007,2024-02-29,1800,Debit Card,Paid
P001996,MS01996,M01007,2024-03-30,1710,UPI,Paid
P001997,MS01997,M01007,2024-04-28,1800,Debit Card,Failed
P001998,MS01998,M01007,2024-05-28,8500,UPI,Paid
P001999,MS01999,M01007,2024-11-28,8500,Debit Card,Paid
P002000,MS02000,M01007,2025-05-29,8080,UPI,Paid
P002001,MS02001,M01008,2024-03-15,8080,UPI,Paid
P002002,MS02002,M01008,2024-09-17,4800,Credit Card,Paid
P002003,MS02003,M01008,2024-12-16,15000,Debit Card,Paid
P002004,MS02004,M01009,2024-02-08,4800,UPI,Paid
P002005,MS02005,M01010,2024-02-16,4800,Net Banking,Paid
P002006,MS02006,M01010,2024-05-16,1800,Credit Card,Paid
P002007,MS02007,M01011,2025-07-10,14250,Credit Card,Paid
P002008,MS02008,M01012,2025-06-22,8500,Cash,Paid
P002009,MS02009,M01013,2025-06-10,8500,UPI,Paid
P002010,MS02010,M01013,2025-12-09,7220,Credit Card,Paid
P002011,MS02011,M01014,2024-02-07,1620,Debit Card,Paid
P002012,MS02012,M01014,2024-03-08,8080,UPI,Paid
P002013,MS02013,M01015,2024-02-19,15000,UPI,Paid
P002014,MS02014,M01016,2024-06-30,4800,Credit Card,Paid
P002015,MS02015,M01016,2024-09-30,4800,Cash,Paid
P002016,MS02016,M01016,2024-12-30,4800,Credit Card,Paid
P002017,MS02017,M01016,2025-03-31,8500,UPI,Paid
P002018,MS02018,M01016,2025-09-29,1620,UPI,Paid
P002019,MS02019,M01016,2025-10-28,8080,UPI,Paid
P002020,MS02020,M01017,2024-12-27,4560,Credit Card,Paid Late
P002021,MS02021,M01017,2025-03-26,4560,UPI,Paid
P002022,MS02022,M01017,2025-06-29,1710,UPI,Paid
P002023,MS02023,M01017,2025-07-29,4560,UPI,Paid
P002024,MS02024,M01017,2025-10-29,4800,UPI,Paid
P002025,MS02025,M01018,2024-08-04,8500,Credit Card,Paid
P002026,MS02026,M01018,2025-02-04,4320,UPI,Paid
P002027,MS02027,M01018,2025-05-02,1800,UPI,Paid Late
P002028,MS02028,M01019,2024-11-10,1620,Credit Card,Paid
P002029,MS02029,M01020,2024-04-20,7220,Debit Card,Paid Late
P002030,MS02030,M01020,2024-10-23,4560,Cash,Paid
P002031,MS02031,M01021,2025-04-13,4800,Net Banking,Paid
P002032,MS02032,M01022,2024-07-19,1530,UPI,Paid
P002033,MS02033,M01022,2024-08-19,4080,Cash,Paid
P002034,MS02034,M01023,2024-02-14,4800,UPI,Paid
P002035,MS02035,M01023,2024-05-12,1710,Credit Card,Paid
P002036,MS02036,M01023,2024-06-15,1800,Debit Card,Paid
P002037,MS02037,M01024,2025-04-19,8500,Debit Card,Paid
P002038,MS02038,M01025,2025-07-31,1800,Cash,Paid
P002039,MS02039,M01025,2025-09-01,8500,UPI,Paid
P002040,MS02040,M01026,2024-01-13,13500,Debit Card,Paid
P002041,MS02041,M01026,2025-01-10,8080,Credit Card,Paid
P002042,MS02042,M01026,2025-07-10,8500,Debit Card,Paid
P002043,MS02043,M01027,2024-10-05,15000,Credit Card,Paid
P002044,MS02044,M01027,2025-10-05,1620,Cash,Paid Late
P002045,MS02045,M01028,2025-06-14,1800,Cash,Paid
P002046,MS02046,M01029,2025-03-28,4800,UPI,Paid
P002047,MS02047,M01029,2025-06-27,4800,Credit Card,Paid Late
P002048,MS02048,M01030,2024-09-21,1620,Credit Card,Paid
P002049,MS02049,M01031,2024-08-28,4320,Debit Card,Paid
P002050,MS02050,M01031,2024-11-27,1710,UPI,Paid
P002051,MS02051,M01032,2025-03-30,8500,UPI,Paid
P002052,MS02052,M01033,2024-04-10,1800,UPI,Paid
P002053,MS02053,M01033,2024-05-09,14250,Cash,Paid
P002054,MS02054,M01033,2025-05-09,8500,UPI,Paid
P002055,MS02055,M01033,2025-11-10,1800,Cash,Paid
P002056,MS02056,M01033,2025-12-09,1620,Credit Card,Paid
P002057,MS02057,M01034,2024-06-04,15000,Debit Card,Paid
P002058,MS02058,M01034,2025-06-03,1800,UPI,Paid
P002059,MS02059,M01035,2025-01-20,1710,UPI,Paid
P002060,MS02060,M01036,2025-03-04,1530,UPI,Paid
P002061,MS02061,M01036,2025-04-05,14250,Credit Card,Paid
P002062,MS02062,M01037,2024-03-20,1800,UPI,Paid Late
P002063,MS02063,M01038,2024-11-21,1620,Debit Card,Paid
P002064,MS02064,M01038,2024-12-20,15000,Debit Card,Paid
P002065,MS02065,M01038,2025-12-21,8500,UPI,Paid
P002066,MS02066,M01039,2024-08-20,4560,Credit Card,Paid Late
P002067,MS02067,M01040,2024-11-18,1620,UPI,Paid
P002068,MS02068,M01041,2025-09-05,8500,Credit Card,Paid
P002069,MS02069,M01042,2024-02-21,13500,UPI,Paid
P002070,MS02070,M01042,2025-02-18,15000,Credit Card,Paid
P002071,MS02071,M01043,2025-09-30,4320,UPI,Failed
P002072,MS02072,M01044,2024-10-16,4800,UPI,Paid Late
P002073,MS02073,M01045,2025-05-09,8500,UPI,Paid
P002074,MS02074,M01046,2024-09-29,1800,Debit Card,Failed
P002075,MS02075,M01047,2024-07-18,4320,Net Banking,Paid
P002076,MS02076,M01048,2025-05-06,4800,Net Banking,Paid
P002077,MS02077,M01049,2025-03-14,4560,UPI,Paid
P002078,MS02078,M01049,2025-06-17,1800,Debit Card,Paid
P002079,MS02079,M01050,2024-04-02,8500,UPI,Paid
P002080,MS02080,M01050,2024-10-01,1620,UPI,Paid
P002081,MS02081,M01050,2024-11-02,4560,UPI,Paid
P002082,MS02082,M01050,2025-02-01,4320,UPI,Paid
P002083,MS02083,M01050,2025-05-02,1800,Cash,Paid
P002084,MS02084,M01051,2025-03-26,14250,UPI,Paid
P002085,MS02085,M01052,2025-04-28,4800,Debit Card,Paid
P002086,MS02086,M01052,2025-07-27,4560,Debit Card,Paid
P002087,MS02087,M01052,2025-10-27,4800,Debit Card,Paid
P002088,MS02088,M01053,2024-09-06,4320,UPI,Paid
P002089,MS02089,M01054,2025-08-14,1620,Cash,Paid
P002090,MS02090,M01054,2025-09-15,1620,Cash,Failed
P002091,MS02091,M01055,2025-02-13,15000,Net Banking,Paid
P002092,MS02092,M01056,2024-08-01,7650,Cash,Paid
P002093,MS02093,M01056,2025-01-31,1710,Debit Card,Paid
P002094,MS02094,M01056,2025-02-28,1710,Credit Card,Paid
P002095,MS02095,M01056,2025-03-29,4560,Debit Card,Paid
P002096,MS02096,M01056,2025-07-01,1620,Cash,Paid
P002097,MS02097,M01057,2024-01-09,15000,Net Banking,Paid
P002098,MS02098,M01057,2025-01-10,15000,Cash,Failed
P002099,MS02099,M01058,2025-03-08,15000,Debit Card,Paid
P002100,MS02100,M01059,2024-05-15,15000,UPI,Paid
P002101,MS02101,M01059,2025-05-13,7650,UPI,Paid
P002102,MS02102,M01059,2025-11-14,1620,UPI,Paid
P002103,MS02103,M01060,2025-04-29,1800,UPI,Paid
P002104,MS02104,M01061,2024-12-04,1620,Cash,Paid
P002105,MS02105,M01062,2024-10-26,1620,UPI,Paid Late
P002106,MS02106,M01063,2024-04-17,4080,Cash,Failed
P002107,MS02107,M01063,2024-07-14,15000,Debit Card,Failed
P002108,MS02108,M01063,2025-07-14,4800,UPI,Paid
P002109,MS02109,M01064,2025-04-01,1800,Credit Card,Paid
P002110,MS02110,M01065,2024-04-18,1800,Debit Card,Paid
P002111,MS02111,M01065,2024-05-15,13500,UPI,Paid
P002112,MS02112,M01065,2025-05-17,4560,UPI,Paid
P002113,MS02113,M01065,2025-08-16,1710,Credit Card,Paid
P002114,MS02114,M01065,2025-09-18,8500,UPI,Paid
P002115,MS02115,M01066,2024-09-26,1620,Debit Card,Paid
P002116,MS02116,M01067,2025-06-18,1800,Credit Card,Paid
P002117,MS02117,M01068,2025-08-13,1800,Debit Card,Paid
P002118,MS02118,M01069,2025-09-23,1800,Net Banking,Paid
P002119,MS02119,M01069,2025-10-26,1620,Cash,Paid
P002120,MS02120,M01069,2025-11-25,1710,Cash,Paid
P002121,MS02121,M01070,2025-09-06,1710,Cash,Paid
P002122,MS02122,M01071,2024-12-23,1800,UPI,Paid
P002123,MS02123,M01072,2024-05-08,1800,Credit Card,Paid
P002124,MS02124,M01073,2025-06-19,1800,Cash,Paid
P002125,MS02125,M01073,2025-07-22,7650,Cash,Paid
P002126,MS02126,M01074,2025-05-29,1530,UPI,Paid
P002127,MS02127,M01075,2025-09-23,4800,UPI,Paid Late
P002128,MS02128,M01075,2025-12-25,1620,UPI,Paid
P002129,MS02129,M01076,2025-02-21,1710,UPI,Paid
P002130,MS02130,M01077,2024-04-01,8500,UPI,Paid
P002131,MS02131,M01077,2024-10-01,15000,Credit Card,Paid
P002132,MS02132,M01077,2025-10-02,1710,Cash,Paid
P002133,MS02133,M01077,2025-11-02,4080,Debit Card,Paid
P002134,MS02134,M01078,2024-11-18,13500,Debit Card,Paid
P002135,MS02135,M01079,2024-10-15,4320,Credit Card,Paid
P002136,MS02136,M01079,2025-01-12,1620,Debit Card,Paid
P002137,MS02137,M01080,2025-06-23,15000,UPI,Paid
P002138,MS02138,M01081,2024-09-09,8080,Debit Card,Paid
P002139,MS02139,M01081,2025-03-09,8080,UPI,Paid
P002140,MS02140,M01081,2025-09-07,4800,Credit Card,Paid
P002141,MS02141,M01081,2025-12-10,1800,Credit Card,Paid
P002142,MS02142,M01082,2024-07-28,1620,UPI,Paid
P002143,MS02143,M01083,2024-02-23,1530,Debit Card,Paid
P002144,MS02144,M01083,2024-03-24,4320,UPI,Paid
P002145,MS02145,M01084,2025-06-17,1620,UPI,Paid Late
P002146,MS02146,M01085,2025-04-28,1710,Debit Card,Paid
P002147,MS02147,M01085,2025-05-27,1800,Credit Card,Paid
P002148,MS02148,M01085,2025-06-29,4800,UPI,Paid
P002149,MS02149,M01085,2025-09-26,1800,UPI,Paid
P002150,MS02150,M01086,2024-01-29,4800,UPI,Paid
P002151,MS02151,M01086,2024-04-27,1710,UPI,Paid
P002152,MS02152,M01086,2024-05-27,4560,UPI,Paid
P002153,MS02153,M01086,2024-08-27,1800,Cash,Paid
P002154,MS02154,M01086,2024-09-30,1530,UPI,Paid
P002155,MS02155,M01086,2024-10-27,1620,Debit Card,Paid
P002156,MS02156,M01087,2024-10-06,1710,Cash,Paid
P002157,MS02157,M01087,2024-11-05,8080,UPI,Paid
P002158,MS02158,M01087,2025-05-03,1800,Debit Card,Paid
P002159,MS02159,M01088,2024-11-04,1710,Credit Card,Paid
P002160,MS02160,M01088,2024-12-02,8500,Debit Card,Paid
P002161,MS02161,M01089,2024-10-27,1800,Credit Card,Paid
P002162,MS02162,M01089,2024-11-29,4800,Credit Card,Paid
P002163,MS02163,M01089,2025-02-26,1800,UPI,Paid
P002164,MS02164,M01090,2025-08-12,1620,Debit Card,Paid
P002165,MS02165,M01091,2024-04-08,4800,UPI,Paid
P002166,MS02166,M01091,2024-07-09,8500,Credit Card,Paid
P002167,MS02167,M01091,2025-01-07,1800,Credit Card,Paid
P002168,MS02168,M01091,2025-02-07,1710,Credit Card,Paid
P002169,MS02169,M01091,2025-03-08,1530,Credit Card,Paid
P002170,MS02170,M01091,2025-04-07,1800,Debit Card,Paid
P002171,MS02171,M01091,2025-05-06,4800,Debit Card,Paid
P002172,MS02172,M01092,2024-07-14,8500,UPI,Paid
P002173,MS02173,M01093,2024-04-25,4320,UPI,Paid
P002174,MS02174,M01093,2024-07-25,4800,Cash,Paid
P002175,MS02175,M01093,2024-10-25,8500,Cash,Paid
P002176,MS02176,M01093,2025-04-25,1620,UPI,Paid
P002177,MS02177,M01093,2025-05-27,1710,Cash,Paid
P002178,MS02178,M01093,2025-06-27,1710,UPI,Failed
P002179,MS02179,M01094,2024-06-07,8500,UPI,Paid
P002180,MS02180,M01094,2024-12-04,8500,UPI,Paid
P002181,MS02181,M01095,2025-08-02,1620,UPI,Paid
P002182,MS02182,M01095,2025-09-02,15000,Debit Card,Paid
P002183,MS02183,M01096,2025-08-25,1710,UPI,Paid
P002184,MS02184,M01096,2025-09-23,1800,Credit Card,Paid
P002185,MS02185,M01096,2025-10-26,13500,Credit Card,Paid
P002186,MS02186,M01097,2024-01-31,1800,UPI,Paid
P002187,MS02187,M01097,2024-03-01,1710,Credit Card,Paid
P002188,MS02188,M01098,2025-02-07,1800,UPI,Paid
P002189,MS02189,M01098,2025-03-09,1800,UPI,Paid
P002190,MS02190,M01098,2025-04-08,1800,Credit Card,Paid
P002191,MS02191,M01099,2024-05-28,15000,Debit Card,Paid
P002192,MS02192,M01099,2025-05-29,1620,Debit Card,Paid
P002193,MS02193,M01100,2024-05-04,4560,UPI,Paid
P002194,MS02194,M01101,2024-07-05,1800,UPI,Paid
P002195,MS02195,M01101,2024-08-06,4800,Debit Card,Paid
P002196,MS02196,M01102,2024-05-05,4080,UPI,Paid Late
P002197,MS02197,M01103,2024-11-10,4320,Credit Card,Paid
P002198,MS02198,M01104,2025-09-27,1710,Debit Card,Paid Late
P002199,MS02199,M01105,2025-01-10,8080,UPI,Paid
P002200,MS02200,M01105,2025-07-11,8500,Credit Card,Paid
P002201,MS02201,M01106,2025-04-07,4560,Credit Card,Failed
P002202,MS02202,M01106,2025-07-06,4800,UPI,Paid Late
P002203,MS02203,M01106,2025-10-06,1710,UPI,Paid
P002204,MS02204,M01106,2025-11-06,1620,UPI,Paid
P002205,MS02205,M01106,2025-12-06,14250,Credit Card,Paid
P002206,MS02206,M01107,2024-11-10,8500,UPI,Paid
P002207,MS02207,M01108,2024-01-11,1620,Credit Card,Paid
P002208,MS02208,M01109,2024-02-23,8500,Credit Card,Paid
P002209,MS02209,M01109,2024-08-25,1620,Credit Card,Paid
P002210,MS02210,M01109,2024-09-25,1710,UPI,Paid
P002211,MS02211,M01109,2024-10-23,8080,Credit Card,Paid
P002212,MS02212,M01109,2025-04-26,8500,UPI,Paid
P002213,MS02213,M01109,2025-10-25,1800,Credit Card,Paid
P002214,MS02214,M01110,2024-06-22,12750,UPI,Paid
P002215,MS02215,M01110,2025-06-21,1800,UPI,Paid
P002216,MS02216,M01110,2025-07-23,4800,UPI,Paid
P002217,MS02217,M01111,2024-06-07,1800,Debit Card,Paid
P002218,MS02218,M01112,2025-06-20,1800,UPI,Paid
P002219,MS02219,M01113,2025-06-23,15000,UPI,Paid
P002220,MS02220,M01114,2025-06-30,1710,Debit Card,Paid Late
P002221,MS02221,M01114,2025-07-31,4800,UPI,Paid
P002222,MS02222,M01115,2025-02-13,4560,UPI,Paid
P002223,MS02223,M01115,2025-05-10,1800,UPI,Paid
P002224,MS02224,M01116,2024-12-21,1800,Cash,Paid
P002225,MS02225,M01116,2025-01-22,1800,Credit Card,Paid
P002226,MS02226,M01117,2025-02-18,8500,Credit Card,Paid Late
P002227,MS02227,M01118,2024-09-16,1530,Cash,Paid
P002228,MS02228,M01119,2025-03-05,1710,UPI,Paid
P002229,MS02229,M01119,2025-04-04,1800,UPI,Paid
P002230,MS02230,M01120,2025-05-23,8080,UPI,Paid
P002231,MS02231,M01121,2025-05-02,1710,UPI,Paid
P002232,MS02232,M01121,2025-06-03,1620,UPI,Paid
P002233,MS02233,M01122,2025-01-27,14250,Cash,Paid
P002234,MS02234,M01123,2024-02-10,8500,Credit Card,Paid
P002235,MS02235,M01124,2025-04-07,1620,Credit Card,Paid
P002236,MS02236,M01125,2024-08-24,1800,Debit Card,Paid
P002237,MS02237,M01125,2024-09-21,1620,Credit Card,Paid
P002238,MS02238,M01125,2024-10-24,1800,UPI,Paid
P002239,MS02239,M01125,2024-11-22,1620,Cash,Paid
P002240,MS02240,M01126,2025-04-22,15000,UPI,Paid
P002241,MS02241,M01127,2024-12-12,1710,Credit Card,Paid
P002242,MS02242,M01127,2025-01-10,1710,UPI,Paid
P002243,MS02243,M01127,2025-02-10,4560,UPI,Paid
P002244,MS02244,M01128,2024-08-05,1710,UPI,Paid
P002245,MS02245,M01128,2024-09-05,1800,Debit Card,Paid
P002246,MS02246,M01128,2024-10-04,1620,Cash,Paid
P002247,MS02247,M01129,2025-08-17,1800,UPI,Paid
P002248,MS02248,M01129,2025-09-20,15000,Cash,Paid
P002249,MS02249,M01130,2025-06-25,1620,UPI,Paid
P002250,MS02250,M01130,2025-07-22,1800,Credit Card,Paid
P002251,MS02251,M01131,2024-08-02,1530,Cash,Paid
P002252,MS02252,M01132,2024-11-06,4080,UPI,Paid
P002253,MS02253,M01133,2024-12-08,1620,Cash,Paid
P002254,MS02254,M01134,2025-05-08,4560,Debit Card,Paid
P002255,MS02255,M01135,2025-03-17,15000,UPI,Paid
P002256,MS02256,M01136,2025-06-27,4320,UPI,Paid
P002257,MS02257,M01136,2025-09-28,1800,Credit Card,Paid
P002258,MS02258,M01136,2025-10-28,1800,UPI,Paid
P002259,MS02259,M01136,2025-11-29,8500,UPI,Paid
P002260,MS02260,M01137,2024-08-24,8500,Credit Card,Paid
P002261,MS02261,M01137,2025-02-23,8500,Credit Card,Paid
P002262,MS02262,M01137,2025-08-26,1800,UPI,Paid
P002263,MS02263,M01138,2024-11-18,1800,UPI,Paid
P002264,MS02264,M01139,2024-10-01,1800,Credit Card,Paid
P002265,MS02265,M01140,2025-08-05,1710,Credit Card,Paid
P002266,MS02266,M01141,2024-07-16,8500,UPI,Paid
P002267,MS02267,M01141,2025-01-16,4560,UPI,Paid
P002268,MS02268,M01142,2025-01-12,4800,UPI,Paid
P002269,MS02269,M01142,2025-04-11,14250,Credit Card,Failed
P002270,MS02270,M01143,2024-03-17,4080,UPI,Paid
P002271,MS02271,M01143,2024-06-18,13500,UPI,Paid
P002272,MS02272,M01144,2025-06-27,14250,UPI,Paid
P002273,MS02273,M01145,2024-09-04,4320,UPI,Paid
P002274,MS02274,M01146,2024-08-06,8500,Credit Card,Paid
P002275,MS02275,M01147,2025-01-09,8080,UPI,Paid Late
P002276,MS02276,M01147,2025-07-07,7650,UPI,Paid
P002277,MS02277,M01148,2024-11-14,4560,Credit Card,Paid
P002278,MS02278,M01149,2025-06-25,1800,Credit Card,Paid
P002279,MS02279,M01150,2024-12-05,15000,UPI,Paid
P002280,MS02280,M01151,2024-11-25,1800,UPI,Paid
P002281,MS02281,M01152,2024-03-10,1800,Credit Card,Paid
P002282,MS02282,M01153,2024-01-15,4800,UPI,Paid
P002283,MS02283,M01153,2024-04-14,4560,UPI,Paid
P002284,MS02284,M01153,2024-07-14,1710,UPI,Paid
P002285,MS02285,M01154,2024-09-14,15000,Debit Card,Paid
P002286,MS02286,M01155,2025-09-29,15000,UPI,Paid
P002287,MS02287,M01156,2025-08-10,4320,Debit Card,Paid
P002288,MS02288,M01156,2025-11-10,1710,Cash,Paid
P002289,MS02289,M01157,2025-02-07,1800,Debit Card,Paid Late
P002290,MS02290,M01157,2025-03-08,14250,UPI,Paid Late
P002291,MS02291,M01158,2025-02-09,8080,Debit Card,Paid Late
P002292,MS02292,M01159,2024-09-09,1800,UPI,Paid Late
P002293,MS02293,M01159,2024-10-08,1620,UPI,Paid
P002294,MS02294,M01160,2024-04-24,1620,Debit Card,Paid
P002295,MS02295,M01161,2024-01-06,4800,Debit Card,Paid
P002296,MS02296,M01162,2024-08-05,4320,Debit Card,Paid
P002297,MS02297,M01163,2024-07-23,4800,UPI,Paid
P002298,MS02298,M01164,2024-05-05,1530,Debit Card,Paid
P002299,MS02299,M01164,2024-06-02,1710,Net Banking,Paid
P002300,MS02300,M01165,2024-06-14,4320,Credit Card,Paid
P002301,MS02301,M01166,2024-01-19,15000,UPI,Paid
P002302,MS02302,M01166,2025-01-16,8500,Credit Card,Paid
P002303,MS02303,M01166,2025-07-19,1620,UPI,Paid
P002304,MS02304,M01167,2025-01-23,1800,UPI,Paid
P002305,MS02305,M01167,2025-02-22,4800,UPI,Paid
P002306,MS02306,M01168,2025-08-15,13500,UPI,Paid
P002307,MS02307,M01169,2025-03-16,13500,Credit Card,Paid Late
P002308,MS02308,M01170,2024-10-13,8080,UPI,Paid
P002309,MS02309,M01170,2025-04-15,1710,Credit Card,Paid
P002310,MS02310,M01171,2024-09-28,4800,Cash,Paid
P002311,MS02311,M01171,2024-12-28,7650,UPI,Paid
P002312,MS02312,M01171,2025-06-28,1800,UPI,Paid
P002313,MS02313,M01172,2024-07-18,1620,Cash,Paid
P002314,MS02314,M01172,2024-08-17,15000,Cash,Paid
P002315,MS02315,M01172,2025-08-15,4320,UPI,Paid
P002316,MS02316,M01173,2024-04-02,1800,Debit Card,Paid
P002317,MS02317,M01173,2024-05-03,4560,UPI,Paid
P002318,MS02318,M01173,2024-07-30,8500,UPI,Paid
P002319,MS02319,M01173,2025-01-30,1620,Credit Card,Paid
P002320,MS02320,M01173,2025-03-03,14250,Net Banking,Paid
P002321,MS02321,M01174,2025-01-16,1620,UPI,Paid
P002322,MS02322,M01175,2024-12-27,4800,Credit Card,Paid
P002323,MS02323,M01175,2025-03-30,1800,UPI,Paid
P002324,MS02324,M01176,2024-01-07,1620,UPI,Paid Late
P002325,MS02325,M01176,2024-02-07,4080,UPI,Paid
P002326,MS02326,M01176,2024-05-06,1710,Debit Card,Paid
P002327,MS02327,M01177,2024-09-23,7650,Credit Card,Paid
P002328,MS02328,M01177,2025-03-23,15000,UPI,Paid
P002329,MS02329,M01178,2024-06-26,1710,Credit Card,Paid
P002330,MS02330,M01178,2024-07-29,1530,UPI,Paid
P002331,MS02331,M01178,2024-08-28,1800,UPI,Paid
P002332,MS02332,M01178,2024-09-28,1800,UPI,Paid
P002333,MS02333,M01178,2024-10-27,8500,UPI,Paid
P002334,MS02334,M01179,2024-04-18,7650,Cash,Paid
P002335,MS02335,M01180,2025-03-26,4800,Debit Card,Paid
P002336,MS02336,M01180,2025-06-26,1620,UPI,Paid
P002337,MS02337,M01181,2024-12-02,1800,Credit Card,Paid
P002338,MS02338,M01182,2025-02-09,4800,UPI,Paid
P002339,MS02339,M01183,2025-04-02,4800,Cash,Paid
P002340,MS02340,M01183,2025-07-01,4800,UPI,Paid Late
P002341,MS02341,M01184,2025-09-20,8080,UPI,Paid
P002342,MS02342,M01185,2025-05-27,15000,UPI,Paid
P002343,MS02343,M01186,2025-02-02,8500,Cash,Paid
P002344,MS02344,M01186,2025-07-30,4800,Credit Card,Paid
P002345,MS02345,M01186,2025-11-01,8500,Debit Card,Paid
P002346,MS02346,M01187,2025-07-17,1800,UPI,Paid
P002347,MS02347,M01188,2024-10-31,13500,Debit Card,Paid
P002348,MS02348,M01188,2025-11-01,1530,Debit Card,Paid
P002349,MS02349,M01189,2025-09-23,8500,UPI,Paid Late
P002350,MS02350,M01190,2025-04-30,1800,Cash,Paid
P002351,MS02351,M01190,2025-06-01,15000,UPI,Paid
P002352,MS02352,M01191,2025-02-19,12750,UPI,Paid
P002353,MS02353,M01192,2025-07-30,1620,Credit Card,Paid
P002354,MS02354,M01193,2024-11-25,4800,UPI,Paid
P002355,MS02355,M01194,2025-04-05,8500,UPI,Paid
P002356,MS02356,M01194,2025-10-06,8080,UPI,Paid
P002357,MS02357,M01195,2024-07-01,8080,Debit Card,Paid
P002358,MS02358,M01195,2025-01-01,1800,Cash,Paid
P002359,MS02359,M01196,2025-09-07,1620,UPI,Paid
P002360,MS02360,M01197,2025-02-02,12750,UPI,Paid
P002361,MS02361,M01198,2025-05-14,8500,Net Banking,Paid
P002362,MS02362,M01198,2025-11-15,1710,UPI,Paid
P002363,MS02363,M01198,2025-12-13,1800,UPI,Paid
P002364,MS02364,M01199,2024-10-21,1800,Credit Card,Paid
P002365,MS02365,M01200,2025-07-09,4320,Debit Card,Paid
P002366,MS02366,M01201,2024-02-20,8500,UPI,Paid
P002367,MS02367,M01201,2024-08-17,8500,Debit Card,Paid
P002368,MS02368,M01202,2024-03-15,15000,UPI,Paid
P002369,MS02369,M01202,2025-03-15,1800,Credit Card,Paid
P002370,MS02370,M01202,2025-04-13,4080,UPI,Paid
P002371,MS02371,M01202,2025-07-14,4800,UPI,Paid
P002372,MS02372,M01202,2025-10-16,4320,Cash,Paid
P002373,MS02373,M01203,2024-11-22,15000,UPI,Paid
P002374,MS02374,M01203,2025-11-21,1620,Debit Card,Paid
P002375,MS02375,M01203,2025-12-21,1620,UPI,Paid
P002376,MS02376,M01204,2025-06-02,4080,Cash,Paid
P002377,MS02377,M01204,2025-09-03,4080,UPI,Paid
P002378,MS02378,M01205,2024-10-10,1620,UPI,Paid
P002379,MS02379,M01206,2025-02-20,8080,UPI,Paid
P002380,MS02380,M01206,2025-08-20,8500,Credit Card,Paid
P002381,MS02381,M01207,2024-12-18,7220,Credit Card,Paid
P002382,MS02382,M01207,2025-06-21,1800,Credit Card,Paid
P002383,MS02383,M01207,2025-07-19,1710,UPI,Paid
P002384,MS02384,M01207,2025-08-21,15000,Cash,Paid
P002385,MS02385,M01208,2025-09-08,4800,UPI,Paid
P002386,MS02386,M01209,2025-02-22,4560,Credit Card,Paid
P002387,MS02387,M01210,2024-09-25,7220,UPI,Paid
P002388,MS02388,M01210,2025-03-23,4320,UPI,Paid
P002389,MS02389,M01210,2025-06-23,4560,Net Banking,Paid
P002390,MS02390,M01210,2025-09-23,1620,Cash,Paid
P002391,MS02391,M01210,2025-10-22,1620,Debit Card,Paid
P002392,MS02392,M01211,2025-09-13,4800,UPI,Paid
P002393,MS02393,M01211,2025-12-10,8500,UPI,Paid
P002394,MS02394,M01212,2024-03-10,8500,UPI,Paid
P002395,MS02395,M01212,2024-09-09,13500,Debit Card,Paid
P002396,MS02396,M01212,2025-09-10,1710,UPI,Paid
P002397,MS02397,M01213,2025-09-21,4800,Debit Card,Paid
P002398,MS02398,M01214,2024-04-08,4800,Cash,Paid
P002399,MS02399,M01214,2024-07-08,1800,Debit Card,Paid Late
P002400,MS02400,M01214,2024-08-11,4800,Credit Card,Paid
P002401,MS02401,M01214,2024-11-08,1800,Debit Card,Paid
P002402,MS02402,M01214,2024-12-08,1710,UPI,Paid
P002403,MS02403,M01215,2024-07-04,4800,Credit Card,Paid
P002404,MS02404,M01215,2024-10-05,1800,UPI,Paid
P002405,MS02405,M01216,2025-06-08,8080,UPI,Paid
P002406,MS02406,M01216,2025-12-11,1530,Credit Card,Paid
P002407,MS02407,M01217,2025-04-14,1800,Net Banking,Paid
P002408,MS02408,M01218,2025-09-12,15000,Credit Card,Paid Late
P002409,MS02409,M01219,2025-04-25,8500,Debit Card,Paid
P002410,MS02410,M01219,2025-10-25,1800,UPI,Paid
P002411,MS02411,M01219,2025-11-23,4560,UPI,Paid
P002412,MS02412,M01220,2025-02-11,1800,Cash,Paid
P002413,MS02413,M01221,2024-08-11,1800,UPI,Paid
P002414,MS02414,M01221,2024-09-09,1710,Debit Card,Paid
P002415,MS02415,M01221,2024-10-11,4800,UPI,Paid
P002416,MS02416,M01222,2024-01-05,4800,Credit Card,Paid
P002417,MS02417,M01223,2024-03-22,15000,Cash,Paid
P002418,MS02418,M01223,2025-03-21,4560,Credit Card,Paid
P002419,MS02419,M01223,2025-06-20,1800,Debit Card,Paid
P002420,MS02420,M01223,2025-07-21,1620,UPI,Paid
P002421,MS02421,M01223,2025-08-22,1800,UPI,Paid
P002422,MS02422,M01223,2025-09-20,7650,Credit Card,Paid
P002423,MS02423,M01224,2024-07-11,1800,UPI,Paid
P002424,MS02424,M01225,2024-01-30,1800,UPI,Paid
P002425,MS02425,M01225,2024-02-27,1800,UPI,Paid
P002426,MS02426,M01226,2024-11-20,1800,Debit Card,Paid
P002427,MS02427,M01226,2024-12-20,1530,UPI,Paid
P002428,MS02428,M01227,2025-05-13,13500,Credit Card,Paid
P002429,MS02429,M01228,2025-09-09,4560,UPI,Failed
P002430,MS02430,M01229,2024-11-09,4560,Debit Card,Paid
P002431,MS02431,M01229,2025-02-10,4800,UPI,Paid
P002432,MS02432,M01229,2025-05-11,4560,Credit Card,Paid
P002433,MS02433,M01229,2025-08-11,7650,Net Banking,Paid
P002434,MS02434,M01230,2025-07-13,1800,UPI,Paid
P002435,MS02435,M01230,2025-08-15,1620,UPI,Paid
P002436,MS02436,M01231,2025-09-20,1620,Credit Card,Paid
P002437,MS02437,M01231,2025-10-20,8500,Net Banking,Paid
P002438,MS02438,M01232,2025-07-02,1800,Net Banking,Paid
P002439,MS02439,M01232,2025-08-03,4320,UPI,Paid
P002440,MS02440,M01233,2024-10-25,8500,Debit Card,Paid
P002441,MS02441,M01234,2024-07-26,8500,UPI,Paid
P002442,MS02442,M01234,2025-01-28,1800,Credit Card,Paid
P002443,MS02443,M01234,2025-02-27,7650,Debit Card,Paid
P002444,MS02444,M01234,2025-08-29,13500,UPI,Paid
P002445,MS02445,M01235,2025-09-17,13500,UPI,Paid
P002446,MS02446,M01236,2024-06-05,15000,UPI,Paid
P002447,MS02447,M01236,2025-06-05,1710,UPI,Paid
P002448,MS02448,M01237,2024-09-21,1710,Cash,Paid
P002449,MS02449,M01237,2024-10-20,8500,Net Banking,Paid
P002450,MS02450,M01237,2025-04-20,4800,UPI,Paid
P002451,MS02451,M01238,2024-02-18,15000,UPI,Paid
P002452,MS02452,M01238,2025-02-20,8500,UPI,Paid
P002453,MS02453,M01238,2025-08-19,4560,UPI,Paid
P002454,MS02454,M01239,2025-05-24,4560,Credit Card,Paid
P002455,MS02455,M01239,2025-08-24,1800,Net Banking,Paid
P002456,MS02456,M01239,2025-09-21,7650,Debit Card,Paid
P002457,MS02457,M01240,2025-02-20,4800,Debit Card,Paid
P002458,MS02458,M01240,2025-05-19,15000,Debit Card,Paid
P002459,MS02459,M01241,2024-02-27,1800,UPI,Paid
P002460,MS02460,M01242,2024-05-21,8080,Credit Card,Paid
P002461,MS02461,M01243,2024-12-20,8080,UPI,Paid
P002462,MS02462,M01243,2025-06-23,1710,UPI,Paid
P002463,MS02463,M01244,2024-12-13,1800,Debit Card,Paid
P002464,MS02464,M01244,2025-01-12,1800,UPI,Paid Late
P002465,MS02465,M01245,2025-05-27,7220,Credit Card,Paid
P002466,MS02466,M01245,2025-11-26,1710,UPI,Paid
P002467,MS02467,M01246,2024-06-18,4560,Debit Card,Paid
P002468,MS02468,M01246,2024-09-18,1800,Cash,Paid
P002469,MS02469,M01246,2024-10-18,1620,UPI,Paid
P002470,MS02470,M01246,2024-11-18,1620,Credit Card,Paid
P002471,MS02471,M01247,2025-08-12,4800,UPI,Paid
P002472,MS02472,M01247,2025-11-12,4320,Credit Card,Paid
P002473,MS02473,M01248,2024-10-13,14250,UPI,Paid
P002474,MS02474,M01248,2025-10-11,1620,Debit Card,Paid Late
P002475,MS02475,M01249,2025-06-11,1800,UPI,Paid
P002476,MS02476,M01249,2025-07-08,1800,Net Banking,Paid Late
P002477,MS02477,M01249,2025-08-11,4560,Net Banking,Paid
P002478,MS02478,M01250,2024-06-01,4800,Debit Card,Paid
P002479,MS02479,M01250,2024-09-03,4320,Cash,Paid
P002480,MS02480,M01250,2024-12-02,13500,UPI,Paid
P002481,MS02481,M01251,2024-01-25,4800,UPI,Paid
P002482,MS02482,M01252,2024-02-06,13500,Debit Card,Paid Late
P002483,MS02483,M01253,2024-08-25,13500,Debit Card,Paid
P002484,MS02484,M01253,2025-08-27,4560,UPI,Paid
P002485,MS02485,M01254,2025-08-31,4560,Debit Card,Paid
P002486,MS02486,M01255,2024-02-01,1800,UPI,Paid
P002487,MS02487,M01256,2024-08-25,1800,Net Banking,Paid
P002488,MS02488,M01257,2024-03-11,15000,UPI,Paid
P002489,MS02489,M01257,2025-03-11,1710,Net Banking,Paid
P002490,MS02490,M01257,2025-04-11,1710,Debit Card,Paid
P002491,MS02491,M01258,2025-08-17,1710,UPI,Paid
P002492,MS02492,M01259,2025-03-09,1620,UPI,Paid
P002493,MS02493,M01259,2025-04-09,1800,UPI,Paid
P002494,MS02494,M01259,2025-05-07,8080,Cash,Paid
P002495,MS02495,M01260,2025-05-04,8500,UPI,Paid
P002496,MS02496,M01261,2025-04-02,8500,UPI,Paid
P002497,MS02497,M01262,2025-02-23,8080,UPI,Paid
P002498,MS02498,M01262,2025-08-25,1530,Debit Card,Paid
P002499,MS02499,M01263,2025-05-08,7650,Cash,Paid
P002500,MS02500,M01263,2025-11-10,14250,UPI,Paid
P002501,MS02501,M01264,2024-01-07,1800,UPI,Paid
P002502,MS02502,M01264,2024-02-08,1800,Debit Card,Paid
P002503,MS02503,M01264,2024-03-08,4320,Debit Card,Failed
P002504,MS02504,M01264,2024-06-08,1710,Debit Card,Paid
P002505,MS02505,M01265,2025-07-06,4080,UPI,Paid
P002506,MS02506,M01265,2025-10-07,4320,UPI,Paid
P002507,MS02507,M01266,2025-04-19,4080,UPI,Paid
P002508,MS02508,M01266,2025-07-20,1800,UPI,Paid
P002509,MS02509,M01267,2025-04-18,8500,UPI,Paid
P002510,MS02510,M01267,2025-10-18,4800,Debit Card,Paid
P002511,MS02511,M01268,2024-09-09,1620,Debit Card,Paid
P002512,MS02512,M01269,2025-05-25,1710,Credit Card,Paid
P002513,MS02513,M01270,2024-08-31,1800,UPI,Paid
P002514,MS02514,M01271,2024-02-01,4320,Debit Card,Paid
P002515,MS02515,M01271,2024-05-02,4560,Cash,Paid
P002516,MS02516,M01271,2024-08-03,1800,Credit Card,Paid
P002517,MS02517,M01272,2025-08-02,1620,Credit Card,Paid
P002518,MS02518,M01272,2025-09-02,8500,Cash,Paid
P002519,MS02519,M01273,2024-05-29,4560,UPI,Paid Late
P002520,MS02520,M01274,2024-03-07,1800,UPI,Paid
P002521,MS02521,M01274,2024-04-08,4320,UPI,Paid
P002522,MS02522,M01274,2024-07-06,8500,Debit Card,Failed
P002523,MS02523,M01275,2025-01-31,1530,UPI,Paid
P002524,MS02524,M01276,2024-05-30,14250,UPI,Paid
P002525,MS02525,M01276,2025-05-31,8080,UPI,Paid
P002526,MS02526,M01276,2025-12-02,1620,Credit Card,Paid
P002527,MS02527,M01277,2025-07-02,1620,Credit Card,Paid Late
P002528,MS02528,M01277,2025-08-02,1800,Cash,Paid
P002529,MS02529,M01277,2025-09-04,4800,UPI,Paid
P002530,MS02530,M01277,2025-12-01,1620,UPI,Paid
P002531,MS02531,M01278,2024-10-12,4320,Debit Card,Paid
P002532,MS02532,M01278,2025-01-11,15000,UPI,Paid
P002533,MS02533,M01279,2024-01-04,1800,Debit Card,Paid
P002534,MS02534,M01279,2024-02-06,8500,Credit Card,Paid
P002535,MS02535,M01279,2024-08-04,4560,Debit Card,Failed
P002536,MS02536,M01280,2025-08-30,1620,Credit Card,Paid
P002537,MS02537,M01281,2024-11-26,4800,Cash,Paid
P002538,MS02538,M01281,2025-02-26,1710,UPI,Paid
P002539,MS02539,M01282,2024-06-18,1800,Credit Card,Paid
P002540,MS02540,M01283,2025-03-09,1710,UPI,Paid
P002541,MS02541,M01284,2024-12-07,1710,Cash,Paid
P002542,MS02542,M01285,2024-01-19,1800,UPI,Paid
P002543,MS02543,M01286,2025-05-01,1800,Credit Card,Paid
P002544,MS02544,M01286,2025-05-29,8500,Debit Card,Paid
P002545,MS02545,M01286,2025-12-01,1800,UPI,Paid
P002546,MS02546,M01287,2024-09-14,8500,UPI,Paid
P002547,MS02547,M01287,2025-03-15,4320,Debit Card,Paid
P002548,MS02548,M01287,2025-06-15,1710,UPI,Paid
P002549,MS02549,M01288,2025-03-25,4800,Debit Card,Paid
P002550,MS02550,M01288,2025-06-24,1800,Credit Card,Paid
P002551,MS02551,M01288,2025-07-25,1800,UPI,Paid
P002552,MS02552,M01288,2025-08-22,14250,UPI,Paid
P002553,MS02553,M01289,2025-07-25,4800,Debit Card,Paid
P002554,MS02554,M01289,2025-10-25,4800,Cash,Paid
P002555,MS02555,M01290,2025-01-25,1710,UPI,Paid
P002556,MS02556,M01290,2025-02-25,1710,UPI,Paid
P002557,MS02557,M01290,2025-03-25,1800,Credit Card,Paid Late
P002558,MS02558,M01291,2025-03-04,4320,UPI,Paid Late
P002559,MS02559,M01291,2025-06-05,15000,Debit Card,Paid
P002560,MS02560,M01292,2024-06-14,1800,Debit Card,Paid Late
P002561,MS02561,M01293,2024-06-02,13500,UPI,Paid
P002562,MS02562,M01293,2025-06-01,4800,UPI,Paid
P002563,MS02563,M01294,2024-09-21,1800,Credit Card,Paid
P002564,MS02564,M01294,2024-10-24,15000,Debit Card,Paid
P002565,MS02565,M01294,2025-10-23,1710,Debit Card,Paid
P002566,MS02566,M01294,2025-11-21,8500,UPI,Paid
P002567,MS02567,M01295,2025-06-28,1800,Cash,Failed
P002568,MS02568,M01296,2024-12-01,1710,UPI,Paid
P002569,MS02569,M01296,2025-01-02,1800,UPI,Paid
P002570,MS02570,M01297,2024-08-12,1710,Debit Card,Paid
P002571,MS02571,M01298,2025-05-15,1800,Debit Card,Paid Late
P002572,MS02572,M01298,2025-06-15,1800,UPI,Failed
P002573,MS02573,M01299,2025-06-29,4560,Credit Card,Paid
P002574,MS02574,M01299,2025-10-01,1620,UPI,Failed
P002575,MS02575,M01299,2025-10-28,4560,Net Banking,Paid
P002576,MS02576,M01300,2025-08-01,1710,Debit Card,Paid
P002577,MS02577,M01301,2024-07-12,1800,Cash,Paid
P002578,MS02578,M01301,2024-08-09,4800,UPI,Paid
P002579,MS02579,M01302,2025-01-11,12750,UPI,Paid
P002580,MS02580,M01303,2024-10-16,4320,UPI,Paid
P002581,MS02581,M01304,2024-09-13,1620,Credit Card,Paid
P002582,MS02582,M01305,2024-03-14,4080,Credit Card,Paid
P002583,MS02583,M01306,2024-06-24,4800,UPI,Paid
P002584,MS02584,M01306,2024-09-24,4560,UPI,Paid
P002585,MS02585,M01306,2024-12-27,4560,UPI,Paid
P002586,MS02586,M01307,2024-12-17,8500,UPI,Paid
P002587,MS02587,M01307,2025-06-18,4560,Net Banking,Paid
P002588,MS02588,M01307,2025-09-16,4320,UPI,Paid
P002589,MS02589,M01307,2025-12-18,12750,Debit Card,Paid Late
P002590,MS02590,M01308,2025-07-21,14250,UPI,Paid
P002591,MS02591,M01309,2025-07-08,14250,Credit Card,Paid
P002592,MS02592,M01310,2024-04-29,1800,Cash,Paid
P002593,MS02593,M01311,2025-03-11,4320,UPI,Paid
P002594,MS02594,M01312,2024-02-24,1800,Debit Card,Paid
P002595,MS02595,M01313,2025-03-07,1530,Debit Card,Paid
P002596,MS02596,M01314,2024-10-15,1710,Cash,Paid
P002597,MS02597,M01315,2025-04-04,8080,Net Banking,Paid Late
P002598,MS02598,M01316,2024-09-30,4800,Cash,Paid
P002599,MS02599,M01316,2024-12-28,7220,Net Banking,Paid
P002600,MS02600,M01316,2025-07-01,1710,UPI,Paid
P002601,MS02601,M01317,2025-06-02,4800,Credit Card,Paid
P002602,MS02602,M01318,2025-10-02,4320,Credit Card,Paid
P002603,MS02603,M01319,2025-02-12,1530,UPI,Paid
P002604,MS02604,M01319,2025-03-11,15000,UPI,Paid
P002605,MS02605,M01320,2024-07-10,1800,Credit Card,Paid
P002606,MS02606,M01321,2025-05-10,1800,Credit Card,Paid
P002607,MS02607,M01322,2024-09-19,1710,Cash,Paid
P002608,MS02608,M01323,2024-12-08,4800,Debit Card,Paid
P002609,MS02609,M01324,2024-03-28,4800,Cash,Paid
P002610,MS02610,M01324,2024-06-29,1800,UPI,Paid
P002611,MS02611,M01324,2024-07-31,15000,UPI,Paid
P002612,MS02612,M01324,2025-07-30,15000,Debit Card,Paid
P002613,MS02613,M01325,2024-03-18,15000,Credit Card,Paid
P002614,MS02614,M01325,2025-03-17,1800,Debit Card,Paid
P002615,MS02615,M01325,2025-04-19,1800,Cash,Paid
P002616,MS02616,M01326,2025-01-02,1800,Cash,Paid
P002617,MS02617,M01326,2025-02-03,1620,Cash,Paid
P002618,MS02618,M01327,2024-05-01,1710,Debit Card,Paid Late
P002619,MS02619,M01327,2024-06-01,15000,Net Banking,Paid
P002620,MS02620,M01327,2025-05-30,1800,UPI,Paid
P002621,MS02621,M01328,2025-09-29,1710,UPI,Paid
P002622,MS02622,M01329,2025-06-30,1530,Credit Card,Paid
P002623,MS02623,M01329,2025-08-01,14250,UPI,Paid
P002624,MS02624,M01330,2025-03-23,1710,UPI,Paid
P002625,MS02625,M01331,2025-04-13,4800,UPI,Paid
P002626,MS02626,M01331,2025-07-13,7650,UPI,Paid
P002627,MS02627,M01332,2025-01-14,8080,Cash,Paid
P002628,MS02628,M01332,2025-07-14,4800,Cash,Paid
P002629,MS02629,M01332,2025-10-17,4080,UPI,Paid
P002630,MS02630,M01333,2024-02-09,1800,Debit Card,Paid
P002631,MS02631,M01333,2024-03-08,4800,Cash,Paid
P002632,MS02632,M01333,2024-06-08,4800,Debit Card,Paid
P002633,MS02633,M01333,2024-09-08,8500,Debit Card,Paid
P002634,MS02634,M01333,2025-03-11,1800,UPI,Paid
P002635,MS02635,M01334,2024-09-07,4800,Credit Card,Paid
P002636,MS02636,M01334,2024-12-08,1620,UPI,Paid
P002637,MS02637,M01335,2024-11-13,4800,Debit Card,Paid Late
P002638,MS02638,M01336,2025-08-06,8500,Net Banking,Paid
P002639,MS02639,M01337,2024-05-21,1710,UPI,Paid
P002640,MS02640,M01337,2024-06-20,1710,Debit Card,Paid
P002641,MS02641,M01338,2024-11-16,1710,Debit Card,Paid
P002642,MS02642,M01338,2024-12-16,1620,UPI,Paid
P002643,MS02643,M01339,2024-08-10,14250,UPI,Paid
P002644,MS02644,M01339,2025-08-07,1800,UPI,Paid
P002645,MS02645,M01340,2024-03-29,4320,UPI,Paid Late
P002646,MS02646,M01340,2024-06-28,1800,Credit Card,Paid
P002647,MS02647,M01340,2024-07-27,4080,UPI,Paid
P002648,MS02648,M01341,2024-03-09,4800,UPI,Paid
P002649,MS02649,M01341,2024-06-09,1530,Debit Card,Paid
P002650,MS02650,M01342,2024-08-21,4320,Cash,Paid
P002651,MS02651,M01342,2024-11-21,14250,UPI,Paid
P002652,MS02652,M01342,2025-11-22,4800,Net Banking,Paid
P002653,MS02653,M01343,2024-02-24,1800,Debit Card,Paid
P002654,MS02654,M01344,2024-02-15,1800,Credit Card,Paid
P002655,MS02655,M01345,2024-08-14,1710,UPI,Failed
P002656,MS02656,M01346,2024-05-10,1530,Debit Card,Paid
P002657,MS02657,M01346,2024-06-11,1800,Cash,Paid
P002658,MS02658,M01347,2024-12-21,1800,Debit Card,Paid
P002659,MS02659,M01348,2024-01-13,4800,Debit Card,Paid
P002660,MS02660,M01348,2024-04-12,1800,Net Banking,Paid
P002661,MS02661,M01349,2024-07-11,1800,Net Banking,Paid
P002662,MS02662,M01349,2024-08-12,4560,Cash,Paid
P002663,MS02663,M01349,2024-11-14,4560,Debit Card,Paid Late
P002664,MS02664,M01349,2025-02-13,1800,UPI,Paid
P002665,MS02665,M01350,2024-10-19,1800,Debit Card,Paid
P002666,MS02666,M01351,2025-09-08,4320,Cash,Paid
P002667,MS02667,M01351,2025-12-07,1710,Debit Card,Paid
P002668,MS02668,M01352,2025-02-09,14250,Cash,Paid
P002669,MS02669,M01353,2025-07-18,1530,UPI,Paid
P002670,MS02670,M01354,2024-08-07,1800,UPI,Paid
P002671,MS02671,M01355,2024-10-13,1620,Debit Card,Paid
P002672,MS02672,M01356,2024-09-27,1530,Net Banking,Paid
P002673,MS02673,M01357,2025-07-21,1800,UPI,Paid
P002674,MS02674,M01358,2025-09-06,1530,Cash,Paid
P002675,MS02675,M01358,2025-10-06,4560,UPI,Paid
P002676,MS02676,M01359,2025-09-07,4800,Debit Card,Paid
P002677,MS02677,M01359,2025-12-06,1800,Credit Card,Paid
P002678,MS02678,M01360,2025-04-27,1800,UPI,Paid
P002679,MS02679,M01360,2025-05-24,1620,UPI,Paid
P002680,MS02680,M01360,2025-06-26,4800,Credit Card,Paid
P002681,MS02681,M01360,2025-09-26,1800,Cash,Paid
P002682,MS02682,M01361,2024-11-17,4800,Cash,Paid Late
P002683,MS02683,M01361,2025-02-17,8500,Credit Card,Paid
P002684,MS02684,M01362,2024-12-12,4800,UPI,Paid
P002685,MS02685,M01362,2025-03-11,1710,Credit Card,Paid
P002686,MS02686,M01363,2025-09-19,1530,Debit Card,Paid Late
P002687,MS02687,M01363,2025-10-19,1710,UPI,Paid
P002688,MS02688,M01364,2024-07-03,4320,UPI,Paid
P002689,MS02689,M01364,2024-10-02,7650,UPI,Paid
P002690,MS02690,M01364,2025-04-01,4560,UPI,Paid
P002691,MS02691,M01365,2024-08-09,4800,UPI,Paid
P002692,MS02692,M01366,2025-07-27,4560,Debit Card,Paid
P002693,MS02693,M01367,2024-09-05,1800,Cash,Paid
P002694,MS02694,M01367,2024-10-06,8080,Debit Card,Paid
P002695,MS02695,M01368,2024-05-29,1530,Net Banking,Paid
P002696,MS02696,M01368,2024-07-02,1530,Debit Card,Paid
P002697,MS02697,M01369,2024-12-23,14250,Debit Card,Paid
P002698,MS02698,M01369,2025-12-23,1620,UPI,Failed
P002699,MS02699,M01370,2024-07-29,4800,Credit Card,Paid Late
P002700,MS02700,M01370,2024-10-29,7220,Net Banking,Paid
P002701,MS02701,M01370,2025-04-27,1800,UPI,Paid
P002702,MS02702,M01370,2025-05-26,8500,UPI,Paid
P002703,MS02703,M01370,2025-11-27,7650,UPI,Paid Late
P002704,MS02704,M01371,2025-07-25,15000,Cash,Paid
P002705,MS02705,M01372,2025-08-02,15000,Debit Card,Paid
P002706,MS02706,M01373,2024-07-17,4320,Debit Card,Failed
P002707,MS02707,M01373,2024-10-14,1620,UPI,Paid
P002708,MS02708,M01374,2024-12-06,8500,Credit Card,Paid
P002709,MS02709,M01374,2025-06-03,1800,UPI,Paid
P002710,MS02710,M01375,2025-09-20,4560,UPI,Paid
P002711,MS02711,M01375,2025-12-21,7220,UPI,Paid
P002712,MS02712,M01376,2025-04-20,7650,Debit Card,Paid
P002713,MS02713,M01376,2025-10-19,4080,UPI,Paid
P002714,MS02714,M01377,2024-05-19,1710,UPI,Paid
P002715,MS02715,M01378,2025-01-14,4800,UPI,Paid
P002716,MS02716,M01378,2025-04-12,8080,UPI,Paid
P002717,MS02717,M01379,2025-01-31,1620,UPI,Paid
P002718,MS02718,M01379,2025-02-28,7650,Credit Card,Paid
P002719,MS02719,M01379,2025-08-30,1620,UPI,Paid
P002720,MS02720,M01380,2025-02-21,4800,UPI,Paid
P002721,MS02721,M01381,2024-01-19,8500,Credit Card,Paid
P002722,MS02722,M01381,2024-07-16,1620,UPI,Paid
P002723,MS02723,M01382,2024-07-11,1800,Net Banking,Paid
P002724,MS02724,M01382,2024-08-13,1530,Credit Card,Paid
P002725,MS02725,M01383,2025-06-30,1800,Credit Card,Paid
P002726,MS02726,M01383,2025-07-31,4800,Cash,Paid
P002727,MS02727,M01383,2025-11-01,14250,Debit Card,Paid
P002728,MS02728,M01384,2024-06-04,1800,Cash,Paid
P002729,MS02729,M01385,2024-07-12,8080,UPI,Paid
P002730,MS02730,M01385,2025-01-11,1710,UPI,Paid
P002731,MS02731,M01385,2025-02-13,1710,UPI,Paid
P002732,MS02732,M01385,2025-03-12,1800,Net Banking,Paid
P002733,MS02733,M01385,2025-04-13,7220,UPI,Paid
P002734,MS02734,M01385,2025-10-13,1620,Debit Card,Paid
P002735,MS02735,M01385,2025-11-11,8500,UPI,Paid
P002736,MS02736,M01386,2024-07-27,1620,Debit Card,Paid
P002737,MS02737,M01387,2024-04-26,1800,Credit Card,Paid
P002738,MS02738,M01388,2024-04-11,14250,Debit Card,Paid Late
P002739,MS02739,M01388,2025-04-09,4800,Debit Card,Paid
P002740,MS02740,M01389,2024-08-10,8500,Credit Card,Paid
P002741,MS02741,M01389,2025-02-10,4800,Cash,Paid
P002742,MS02742,M01390,2025-07-14,1710,Net Banking,Paid
P002743,MS02743,M01391,2024-01-01,4560,Debit Card,Paid
P002744,MS02744,M01391,2024-04-02,4560,UPI,Paid
P002745,MS02745,M01392,2024-07-02,1710,Debit Card,Paid
P002746,MS02746,M01392,2024-07-29,1800,Credit Card,Paid
P002747,MS02747,M01393,2024-02-08,1800,UPI,Paid
P002748,MS02748,M01393,2024-03-09,4080,Credit Card,Paid
P002749,MS02749,M01394,2024-12-27,12750,Credit Card,Paid
P002750,MS02750,M01394,2025-12-24,1800,Credit Card,Paid
P002751,MS02751,M01395,2024-06-08,7650,Debit Card,Paid
P002752,MS02752,M01395,2024-12-11,14250,Cash,Paid
P002753,MS02753,M01395,2025-12-08,1530,UPI,Paid Late
P002754,MS02754,M01396,2025-05-21,1800,Credit Card,Paid
P002755,MS02755,M01397,2025-01-10,8080,Debit Card,Paid
P002756,MS02756,M01398,2025-05-16,1530,UPI,Paid
P002757,MS02757,M01399,2025-02-12,7650,Credit Card,Paid
P002758,MS02758,M01400,2024-10-08,1620,UPI,Paid
P002759,MS02759,M01401,2025-07-06,1710,UPI,Paid
P002760,MS02760,M01402,2024-10-31,4800,UPI,Paid
P002761,MS02761,M01402,2025-02-01,1620,UPI,Paid
P002762,MS02762,M01402,2025-03-03,4560,UPI,Paid
P002763,MS02763,M01402,2025-05-31,1800,Credit Card,Paid
P002764,MS02764,M01403,2025-08-29,15000,Debit Card,Paid
P002765,MS02765,M01404,2025-09-26,4800,Cash,Paid Late
P002766,MS02766,M01404,2025-12-29,1710,Credit Card,Paid
P002767,MS02767,M01405,2025-01-13,15000,Debit Card,Paid
P002768,MS02768,M01406,2025-03-07,15000,Net Banking,Paid
P002769,MS02769,M01407,2024-06-14,1710,UPI,Paid
P002770,MS02770,M01408,2025-06-05,4800,UPI,Paid
P002771,MS02771,M01408,2025-09-04,1800,UPI,Paid
P002772,MS02772,M01408,2025-10-04,4320,Debit Card,Paid
P002773,MS02773,M01409,2025-03-05,4560,UPI,Paid
P002774,MS02774,M01409,2025-06-07,4800,Credit Card,Paid Late
P002775,MS02775,M01410,2025-08-01,1710,UPI,Paid
P002776,MS02776,M01411,2024-06-22,1800,Debit Card,Paid
P002777,MS02777,M01412,2025-05-18,1800,UPI,Paid
P002778,MS02778,M01412,2025-06-20,1710,Cash,Paid
P002779,MS02779,M01413,2024-10-28,4560,Debit Card,Paid
P002780,MS02780,M01414,2024-05-01,8500,Debit Card,Paid
P002781,MS02781,M01414,2024-10-31,1800,Debit Card,Paid
P002782,MS02782,M01415,2024-04-19,7650,UPI,Paid
P002783,MS02783,M01415,2024-10-20,1800,UPI,Paid
P002784,MS02784,M01415,2024-11-21,1710,Cash,Paid
P002785,MS02785,M01416,2024-12-25,1800,UPI,Paid
P002786,MS02786,M01416,2025-01-24,8500,UPI,Paid
P002787,MS02787,M01416,2025-07-24,1800,UPI,Paid Late
P002788,MS02788,M01416,2025-08-26,8500,Debit Card,Paid
P002789,MS02789,M01417,2024-07-23,1800,Debit Card,Paid
P002790,MS02790,M01418,2024-09-29,4800,Credit Card,Paid
P002791,MS02791,M01418,2024-12-29,1800,Credit Card,Paid
P002792,MS02792,M01418,2025-01-31,7650,Debit Card,Paid
P002793,MS02793,M01418,2025-07-31,8500,UPI,Paid
P002794,MS02794,M01419,2025-02-20,1800,Credit Card,Paid
P002795,MS02795,M01419,2025-03-23,15000,Credit Card,Paid
P002796,MS02796,M01420,2024-07-23,1800,UPI,Paid
P002797,MS02797,M01420,2024-08-25,1800,UPI,Paid
P002798,MS02798,M01420,2024-09-22,1710,UPI,Paid Late
P002799,MS02799,M01421,2025-09-01,1710,UPI,Paid
P002800,MS02800,M01422,2025-05-12,4560,Debit Card,Paid
P002801,MS02801,M01422,2025-08-13,15000,UPI,Paid
P002802,MS02802,M01423,2024-11-25,4320,UPI,Paid
P002803,MS02803,M01423,2025-02-23,14250,UPI,Paid
P002804,MS02804,M01424,2025-08-19,7650,Debit Card,Paid
P002805,MS02805,M01425,2024-10-05,8500,Credit Card,Paid
P002806,MS02806,M01426,2024-04-02,8080,UPI,Paid
P002807,MS02807,M01426,2024-09-30,1800,UPI,Paid
P002808,MS02808,M01426,2024-10-30,4320,Credit Card,Paid
P002809,MS02809,M01427,2024-01-25,1530,UPI,Paid Late
P002810,MS02810,M01428,2025-08-21,4800,UPI,Paid
P002811,MS02811,M01429,2025-09-06,1800,UPI,Paid
P002812,MS02812,M01430,2025-04-17,4800,Debit Card,Paid
P002813,MS02813,M01431,2024-03-06,8080,Credit Card,Paid
P002814,MS02814,M01431,2024-09-09,1710,Net Banking,Paid
P002815,MS02815,M01432,2024-07-06,4800,Debit Card,Paid Late
P002816,MS02816,M01432,2024-10-09,1710,Debit Card,Paid
P002817,MS02817,M01433,2024-01-28,1710,Credit Card,Paid
P002818,MS02818,M01434,2024-02-05,1800,Debit Card,Paid
P002819,MS02819,M01435,2024-06-06,15000,UPI,Paid
P002820,MS02820,M01435,2025-06-06,4800,UPI,Paid
P002821,MS02821,M01436,2025-01-01,4800,Net Banking,Paid
P002822,MS02822,M01437,2024-02-13,4560,Debit Card,Paid
P002823,MS02823,M01437,2024-05-12,4320,Credit Card,Paid
P002824,MS02824,M01437,2024-08-12,1530,UPI,Paid
P002825,MS02825,M01437,2024-09-14,1800,Debit Card,Paid
P002826,MS02826,M01438,2025-09-23,4800,Cash,Paid
P002827,MS02827,M01438,2025-12-23,4560,Debit Card,Paid
P002828,MS02828,M01439,2024-10-20,1710,UPI,Paid
P002829,MS02829,M01439,2024-11-20,1620,UPI,Paid
P002830,MS02830,M01440,2024-06-18,1620,UPI,Paid
P002831,MS02831,M01441,2024-11-27,12750,Credit Card,Paid
P002832,MS02832,M01441,2025-11-26,1800,Net Banking,Paid
P002833,MS02833,M01442,2025-05-22,1710,Cash,Paid
P002834,MS02834,M01442,2025-06-19,7220,Debit Card,Paid
P002835,MS02835,M01442,2025-12-20,4320,UPI,Paid
P002836,MS02836,M01443,2024-07-21,14250,Debit Card,Paid
P002837,MS02837,M01443,2025-07-20,1710,Credit Card,Paid Late
P002838,MS02838,M01443,2025-08-19,8080,UPI,Paid Late
P002839,MS02839,M01444,2024-02-03,1800,UPI,Paid
P002840,MS02840,M01444,2024-02-29,4800,Debit Card,Paid
P002841,MS02841,M01445,2024-02-05,14250,UPI,Paid
P002842,MS02842,M01445,2025-02-02,15000,UPI,Paid
P002843,MS02843,M01446,2025-06-27,1800,Cash,Paid
P002844,MS02844,M01446,2025-07-29,4800,UPI,Paid
P002845,MS02845,M01446,2025-10-29,1800,Debit Card,Paid
P002846,MS02846,M01447,2024-03-12,1800,UPI,Paid
P002847,MS02847,M01447,2024-04-15,4800,Credit Card,Paid Late
P002848,MS02848,M01448,2025-02-11,8080,UPI,Paid
P002849,MS02849,M01448,2025-08-09,4800,UPI,Paid
P002850,MS02850,M01449,2024-09-05,8500,Debit Card,Paid
P002851,MS02851,M01449,2025-03-05,4560,UPI,Paid
P002852,MS02852,M01449,2025-06-03,8500,UPI,Paid
P002853,MS02853,M01450,2025-05-11,8500,Cash,Paid
P002854,MS02854,M01450,2025-11-13,1620,Cash,Paid
P002855,MS02855,M01450,2025-12-12,1710,Debit Card,Paid
P002856,MS02856,M01451,2024-02-08,1620,Credit Card,Paid
P002857,MS02857,M01452,2025-07-26,4800,Debit Card,Paid Late
P002858,MS02858,M01452,2025-10-26,4800,UPI,Paid
P002859,MS02859,M01453,2025-03-23,1800,Net Banking,Paid
P002860,MS02860,M01454,2024-10-15,1530,Debit Card,Paid
P002861,MS02861,M01454,2024-11-14,1800,Debit Card,Paid
P002862,MS02862,M01454,2024-12-14,12750,UPI,Paid
P002863,MS02863,M01454,2025-12-14,1800,Net Banking,Paid Late
P002864,MS02864,M01455,2024-05-15,1800,Cash,Paid
P002865,MS02865,M01455,2024-06-15,1710,Debit Card,Paid
P002866,MS02866,M01455,2024-07-12,1800,Debit Card,Paid
P002867,MS02867,M01456,2025-09-15,4800,UPI,Paid
P002868,MS02868,M01457,2024-07-14,4800,Cash,Paid
P002869,MS02869,M01457,2024-10-14,15000,UPI,Paid
P002870,MS02870,M01457,2025-10-13,4800,UPI,Paid
P002871,MS02871,M01458,2024-11-10,7650,Cash,Failed
P002872,MS02872,M01458,2025-05-09,4800,UPI,Paid
P002873,MS02873,M01459,2024-09-11,1800,Cash,Paid
P002874,MS02874,M01460,2024-05-29,14250,Debit Card,Paid Late
P002875,MS02875,M01460,2025-05-28,1710,Credit Card,Paid Late
P002876,MS02876,M01460,2025-06-30,1800,UPI,Paid
P002877,MS02877,M01461,2024-09-23,12750,Cash,Paid
P002878,MS02878,M01462,2024-04-06,1800,Debit Card,Paid
P002879,MS02879,M01462,2024-05-08,1710,Cash,Paid
P002880,MS02880,M01462,2024-06-08,15000,Credit Card,Paid
P002881,MS02881,M01462,2025-06-07,8080,Debit Card,Paid
P002882,MS02882,M01462,2025-12-06,4560,UPI,Paid
P002883,MS02883,M01463,2024-01-03,1620,UPI,Paid Late
P002884,MS02884,M01463,2024-02-04,1800,UPI,Paid
P002885,MS02885,M01464,2024-07-06,15000,UPI,Paid
P002886,MS02886,M01465,2024-03-12,8500,Credit Card,Paid
P002887,MS02887,M01466,2024-09-21,12750,Debit Card,Paid
P002888,MS02888,M01466,2025-09-24,1800,UPI,Paid
P002889,MS02889,M01466,2025-10-23,4800,UPI,Paid
P002890,MS02890,M01467,2025-07-06,8500,Cash,Paid
P002891,MS02891,M01468,2024-04-14,1800,Net Banking,Paid
P002892,MS02892,M01469,2024-01-01,1800,Debit Card,Paid
P002893,MS02893,M01470,2024-03-12,13500,Credit Card,Paid
P002894,MS02894,M01470,2025-03-13,1800,Debit Card,Paid
P002895,MS02895,M01470,2025-04-12,15000,Debit Card,Paid
P002896,MS02896,M01471,2024-11-23,1710,Cash,Paid
P002897,MS02897,M01471,2024-12-22,1800,UPI,Paid
P002898,MS02898,M01472,2024-06-25,4560,Credit Card,Paid Late
P002899,MS02899,M01472,2024-09-27,4560,UPI,Paid Late
P002900,MS02900,M01472,2024-12-25,4320,Cash,Paid
P002901,MS02901,M01473,2024-01-20,14250,Debit Card,Failed
P002902,MS02902,M01473,2025-01-19,1800,Debit Card,Paid Late
P002903,MS02903,M01473,2025-02-19,1710,Cash,Paid
P002904,MS02904,M01474,2024-08-01,4080,UPI,Paid
P002905,MS02905,M01474,2024-11-01,1710,UPI,Paid
P002906,MS02906,M01475,2024-09-20,4320,UPI,Paid
P002907,MS02907,M01475,2024-12-19,4080,Debit Card,Paid
P002908,MS02908,M01475,2025-03-20,4800,UPI,Paid
P002909,MS02909,M01475,2025-06-18,1710,Debit Card,Paid
P002910,MS02910,M01476,2024-10-04,14250,UPI,Paid
P002911,MS02911,M01476,2025-10-03,8500,Credit Card,Paid
P002912,MS02912,M01477,2024-12-18,1620,UPI,Paid
P002913,MS02913,M01478,2025-05-15,1710,UPI,Paid
P002914,MS02914,M01479,2024-10-25,1800,Debit Card,Paid
P002915,MS02915,M01480,2025-06-23,1800,Cash,Paid
P002916,MS02916,M01481,2024-12-06,4800,Debit Card,Paid
P002917,MS02917,M01482,2024-06-18,12750,Net Banking,Paid
P002918,MS02918,M01482,2025-06-17,1800,Cash,Paid
P002919,MS02919,M01483,2024-05-26,13500,Cash,Paid
P002920,MS02920,M01483,2025-05-29,1710,UPI,Paid
P002921,MS02921,M01483,2025-06-29,4560,Credit Card,Paid
P002922,MS02922,M01484,2024-07-26,1620,Cash,Paid
P002923,MS02923,M01484,2024-08-25,1800,Credit Card,Paid
P002924,MS02924,M01484,2024-09-26,1800,Credit Card,Paid
P002925,MS02925,M01484,2024-10-27,1710,UPI,Paid
P002926,MS02926,M01485,2025-01-17,1800,UPI,Paid
P002927,MS02927,M01485,2025-02-17,1710,Debit Card,Paid
P002928,MS02928,M01486,2024-06-05,1800,UPI,Paid
P002929,MS02929,M01486,2024-07-05,1620,UPI,Paid
P002930,MS02930,M01487,2025-08-09,4320,UPI,Failed
P002931,MS02931,M01487,2025-11-08,1710,Cash,Paid
P002932,MS02932,M01488,2024-11-03,1710,UPI,Paid
P002933,MS02933,M01489,2025-07-07,1710,Debit Card,Failed
P002934,MS02934,M01489,2025-08-04,1800,Credit Card,Paid
P002935,MS02935,M01490,2025-03-14,8080,Credit Card,Paid
P002936,MS02936,M01491,2024-07-31,1710,UPI,Paid
P002937,MS02937,M01491,2024-09-01,1710,Debit Card,Paid
P002938,MS02938,M01491,2024-10-01,15000,Debit Card,Paid
P002939,MS02939,M01491,2025-09-30,1620,UPI,Paid
P002940,MS02940,M01492,2024-05-28,1620,Net Banking,Paid
P002941,MS02941,M01493,2025-04-19,1710,Credit Card,Paid
P002942,MS02942,M01493,2025-05-21,8500,Credit Card,Paid
P002943,MS02943,M01494,2024-07-30,1620,Cash,Paid
P002944,MS02944,M01495,2024-06-06,13500,UPI,Paid
P002945,MS02945,M01495,2025-06-06,4800,UPI,Paid
P002946,MS02946,M01495,2025-09-07,4800,UPI,Paid
P002947,MS02947,M01496,2025-08-19,1710,UPI,Paid
P002948,MS02948,M01496,2025-09-16,8500,Cash,Paid
P002949,MS02949,M01497,2024-11-03,4800,UPI,Paid
P002950,MS02950,M01497,2025-02-05,4320,UPI,Paid
P002951,MS02951,M01498,2024-02-02,1800,Debit Card,Paid
P002952,MS02952,M01499,2024-11-14,4080,Debit Card,Paid
P002953,MS02953,M01499,2025-02-14,4080,UPI,Paid
P002954,MS02954,M01499,2025-05-12,15000,Cash,Paid
P002955,MS02955,M01500,2024-10-23,1620,UPI,Paid
P002956,MS02956,M01501,2025-07-08,1620,Credit Card,Paid Late
P002957,MS02957,M01501,2025-08-08,1710,Debit Card,Paid
P002958,MS02958,M01502,2025-03-31,1800,UPI,Paid
P002959,MS02959,M01502,2025-05-02,1800,Cash,Paid
P002960,MS02960,M01502,2025-05-29,8500,Debit Card,Paid
P002961,MS02961,M01503,2024-05-05,1710,Credit Card,Paid
P002962,MS02962,M01503,2024-06-03,1710,Cash,Paid
P002963,MS02963,M01503,2024-07-04,1800,Cash,Paid
P002964,MS02964,M01504,2024-04-08,1800,Cash,Paid
P002965,MS02965,M01504,2024-05-05,4080,UPI,Paid
P002966,MS02966,M01504,2024-08-08,1710,UPI,Paid
P002967,MS02967,M01505,2025-01-20,1620,UPI,Paid Late
P002968,MS02968,M01506,2024-02-03,1620,UPI,Paid
P002969,MS02969,M01507,2024-07-25,1800,UPI,Paid
P002970,MS02970,M01507,2024-08-24,1620,UPI,Paid
P002971,MS02971,M01508,2024-03-30,8080,Cash,Paid
P002972,MS02972,M01508,2024-10-01,1620,Credit Card,Failed
P002973,MS02973,M01508,2024-10-31,1710,UPI,Paid
P002974,MS02974,M01509,2024-01-16,1710,UPI,Paid
P002975,MS02975,M01509,2024-02-16,8080,Credit Card,Paid
P002976,MS02976,M01510,2025-08-12,1710,Cash,Paid
P002977,MS02977,M01510,2025-09-11,4080,UPI,Paid
P002978,MS02978,M01510,2025-12-10,4800,Credit Card,Paid
P002979,MS02979,M01511,2024-02-27,4800,UPI,Paid
P002980,MS02980,M01512,2024-01-08,13500,UPI,Paid
P002981,MS02981,M01513,2025-08-19,1530,Debit Card,Paid
P002982,MS02982,M01513,2025-09-18,1800,UPI,Paid
P002983,MS02983,M01513,2025-10-19,8500,Cash,Paid
P002984,MS02984,M01514,2024-05-02,1800,Cash,Paid
P002985,MS02985,M01515,2025-06-05,4800,Credit Card,Paid
P002986,MS02986,M01516,2024-01-23,8500,Cash,Paid
P002987,MS02987,M01516,2024-07-20,15000,Net Banking,Paid
P002988,MS02988,M01516,2025-07-21,1800,Debit Card,Paid
P002989,MS02989,M01517,2024-04-10,14250,UPI,Paid
P002990,MS02990,M01517,2025-04-08,8080,Debit Card,Paid Late
P002991,MS02991,M01517,2025-10-08,15000,UPI,Paid
P002992,MS02992,M01518,2024-03-14,8080,Credit Card,Paid
P002993,MS02993,M01518,2024-09-13,1710,Debit Card,Paid
P002994,MS02994,M01519,2025-03-26,13500,UPI,Paid
P002995,MS02995,M01520,2025-02-01,4560,UPI,Paid
P002996,MS02996,M01520,2025-04-30,1800,Cash,Paid
P002997,MS02997,M01521,2024-10-31,15000,UPI,Paid
P002998,MS02998,M01522,2024-06-04,4800,UPI,Paid
P002999,MS02999,M01522,2024-09-03,15000,UPI,Paid Late
P003000,MS03000,M01522,2025-09-06,4560,UPI,Failed
P003001,MS03001,M01522,2025-12-04,4320,UPI,Paid
P003002,MS03002,M01523,2024-02-27,1800,UPI,Paid
P003003,MS03003,M01524,2024-12-30,1620,UPI,Paid
P003004,MS03004,M01524,2025-02-01,4320,Debit Card,Paid Late
P003005,MS03005,M01524,2025-04-30,4560,Debit Card,Paid
P003006,MS03006,M01525,2024-05-30,1710,Cash,Paid
P003007,MS03007,M01525,2024-06-30,1800,UPI,Paid
P003008,MS03008,M01525,2024-07-27,1620,Debit Card,Paid
P003009,MS03009,M01526,2025-01-14,1800,UPI,Paid
P003010,MS03010,M01527,2025-03-17,4560,Credit Card,Paid Late
P003011,MS03011,M01527,2025-06-14,8500,UPI,Paid
P003012,MS03012,M01527,2025-12-14,1800,Credit Card,Paid
P003013,MS03013,M01528,2025-06-25,8500,UPI,Paid
P003014,MS03014,M01528,2025-12-28,8500,UPI,Paid
P003015,MS03015,M01529,2024-11-12,1800,Credit Card,Paid
P003016,MS03016,M01529,2024-12-14,4800,Cash,Paid
P003017,MS03017,M01529,2025-03-14,15000,UPI,Paid
P003018,MS03018,M01530,2024-01-04,1710,Credit Card,Paid
P003019,MS03019,M01530,2024-02-05,4320,UPI,Paid Late
P003020,MS03020,M01531,2024-06-29,15000,Debit Card,Paid
P003021,MS03021,M01531,2025-07-01,1710,Credit Card,Paid
P003022,MS03022,M01531,2025-07-28,7220,UPI,Paid
P003023,MS03023,M01532,2025-06-28,1710,UPI,Paid
P003024,MS03024,M01532,2025-07-31,1800,Debit Card,Paid
P003025,MS03025,M01533,2024-12-08,4800,UPI,Paid
P003026,MS03026,M01533,2025-03-06,8500,Credit Card,Paid
P003027,MS03027,M01534,2025-01-31,4080,Credit Card,Paid
P003028,MS03028,M01535,2024-10-19,13500,UPI,Paid
P003029,MS03029,M01535,2025-10-19,1710,UPI,Paid
P003030,MS03030,M01536,2024-04-14,1710,UPI,Paid
P003031,MS03031,M01536,2024-05-15,1800,UPI,Paid
P003032,MS03032,M01536,2024-06-15,1620,UPI,Paid
P003033,MS03033,M01537,2025-07-29,12750,UPI,Paid
P003034,MS03034,M01538,2025-05-11,4800,Debit Card,Paid
P003035,MS03035,M01539,2025-09-27,4800,UPI,Paid
P003036,MS03036,M01539,2025-12-29,4800,Cash,Paid
P003037,MS03037,M01540,2025-07-02,8500,Debit Card,Paid
P003038,MS03038,M01540,2025-12-31,4800,Debit Card,Paid
P003039,MS03039,M01541,2024-07-07,1530,Debit Card,Paid Late
P003040,MS03040,M01542,2024-06-12,1620,UPI,Paid
P003041,MS03041,M01542,2024-07-14,1800,Debit Card,Paid
P003042,MS03042,M01543,2024-06-07,1710,UPI,Paid
P003043,MS03043,M01543,2024-07-10,7650,UPI,Paid
P003044,MS03044,M01543,2025-01-08,1710,Credit Card,Paid
P003045,MS03045,M01543,2025-02-07,1710,UPI,Paid
P003046,MS03046,M01544,2025-08-10,8500,UPI,Paid
P003047,MS03047,M01545,2024-12-21,4560,Debit Card,Paid
P003048,MS03048,M01545,2025-03-23,1800,UPI,Paid
P003049,MS03049,M01545,2025-04-21,15000,Cash,Paid
P003050,MS03050,M01546,2024-10-19,1800,UPI,Paid
P003051,MS03051,M01547,2025-09-09,4800,UPI,Paid
P003052,MS03052,M01547,2025-12-09,1800,UPI,Paid
P003053,MS03053,M01548,2025-01-20,1800,Debit Card,Paid
P003054,MS03054,M01549,2025-08-04,8500,Debit Card,Paid
P003055,MS03055,M01550,2025-09-22,1800,UPI,Paid
P003056,MS03056,M01550,2025-10-22,4800,Cash,Paid
P003057,MS03057,M01551,2024-02-22,1620,Debit Card,Paid Late
P003058,MS03058,M01551,2024-03-23,1710,Cash,Paid
P003059,MS03059,M01551,2024-04-21,4320,Credit Card,Paid
P003060,MS03060,M01552,2024-08-20,8500,Debit Card,Paid
P003061,MS03061,M01552,2025-02-19,4560,UPI,Paid
P003062,MS03062,M01552,2025-05-20,4320,Credit Card,Paid
P003063,MS03063,M01552,2025-08-20,1800,Credit Card,Paid
P003064,MS03064,M01552,2025-09-18,4800,Credit Card,Paid
P003065,MS03065,M01552,2025-12-21,13500,UPI,Paid
P003066,MS03066,M01553,2025-04-15,1800,Credit Card,Paid
P003067,MS03067,M01553,2025-05-13,1800,Cash,Paid
P003068,MS03068,M01554,2025-06-02,1800,Cash,Paid
P003069,MS03069,M01555,2024-04-06,1800,Credit Card,Paid
P003070,MS03070,M01555,2024-05-07,1710,UPI,Paid
P003071,MS03071,M01555,2024-06-05,1620,Credit Card,Paid
P003072,MS03072,M01556,2024-07-24,4320,UPI,Paid
P003073,MS03073,M01556,2024-10-22,1710,Debit Card,Paid
P003074,MS03074,M01556,2024-11-22,1530,Net Banking,Paid
P003075,MS03075,M01556,2024-12-24,1800,Credit Card,Paid
P003076,MS03076,M01557,2024-12-17,1620,UPI,Paid
P003077,MS03077,M01557,2025-01-15,8500,UPI,Failed
P003078,MS03078,M01557,2025-07-16,1800,Credit Card,Paid
P003079,MS03079,M01557,2025-08-16,1710,UPI,Paid
P003080,MS03080,M01558,2025-05-26,1710,Debit Card,Paid Late
P003081,MS03081,M01559,2024-03-14,15000,UPI,Paid
P003082,MS03082,M01559,2025-03-13,12750,Debit Card,Paid
P003083,MS03083,M01560,2025-01-19,4560,Credit Card,Paid
P003084,MS03084,M01561,2024-07-09,1800,Cash,Paid
P003085,MS03085,M01562,2024-05-18,8500,Credit Card,Paid
P003086,MS03086,M01562,2024-11-20,15000,UPI,Paid Late
P003087,MS03087,M01562,2025-11-18,1800,Credit Card,Paid
P003088,MS03088,M01563,2024-11-27,14250,Credit Card,Paid
P003089,MS03089,M01563,2025-11-26,1800,UPI,Paid
P003090,MS03090,M01564,2024-09-22,1530,Credit Card,Paid
P003091,MS03091,M01565,2025-02-12,1800,Cash,Paid
P003092,MS03092,M01566,2024-07-22,1620,Net Banking,Paid
P003093,MS03093,M01566,2024-08-22,1800,UPI,Paid
P003094,MS03094,M01566,2024-09-22,4560,Debit Card,Paid
P003095,MS03095,M01566,2024-12-21,4800,Credit Card,Paid
P003096,MS03096,M01567,2025-06-12,14250,UPI,Paid
P003097,MS03097,M01568,2024-02-22,1800,UPI,Paid
P003098,MS03098,M01568,2024-03-19,8500,Credit Card,Paid
P003099,MS03099,M01569,2025-07-04,1800,Net Banking,Paid
P003100,MS03100,M01570,2024-01-20,4800,UPI,Paid
P003101,MS03101,M01571,2025-04-14,4800,Credit Card,Paid
P003102,MS03102,M01572,2024-08-12,1620,Debit Card,Paid
P003103,MS03103,M01572,2024-09-10,4800,UPI,Paid
P003104,MS03104,M01572,2024-12-09,4800,UPI,Paid
P003105,MS03105,M01573,2024-09-01,4800,UPI,Paid Late
P003106,MS03106,M01573,2024-12-03,4800,UPI,Paid
P003107,MS03107,M01573,2025-03-03,1800,UPI,Paid
P003108,MS03108,M01574,2024-01-14,14250,UPI,Paid
P003109,MS03109,M01574,2025-01-14,1710,UPI,Paid
P003110,MS03110,M01575,2025-03-26,1710,Credit Card,Paid
P003111,MS03111,M01575,2025-04-23,1800,UPI,Paid
P003112,MS03112,M01575,2025-05-26,1800,UPI,Paid
P003113,MS03113,M01575,2025-06-24,1800,Credit Card,Paid
P003114,MS03114,M01575,2025-07-24,8080,UPI,Paid Late
P003115,MS03115,M01576,2024-04-15,1800,UPI,Paid
P003116,MS03116,M01576,2024-05-17,1800,UPI,Paid
P003117,MS03117,M01577,2025-02-25,4800,Debit Card,Paid
P003118,MS03118,M01577,2025-05-27,1620,UPI,Paid
P003119,MS03119,M01578,2025-04-10,4320,UPI,Paid
P003120,MS03120,M01578,2025-07-09,1710,Net Banking,Paid Late
P003121,MS03121,M01578,2025-08-07,4800,Debit Card,Paid
P003122,MS03122,M01578,2025-11-07,1800,UPI,Paid
P003123,MS03123,M01579,2025-06-24,1800,Cash,Paid
P003124,MS03124,M01579,2025-07-24,7650,Credit Card,Paid
P003125,MS03125,M01580,2025-03-27,1800,UPI,Paid
P003126,MS03126,M01580,2025-04-27,1800,UPI,Paid
P003127,MS03127,M01581,2024-07-14,4800,UPI,Paid
P003128,MS03128,M01581,2024-10-12,1800,UPI,Paid
P003129,MS03129,M01582,2025-04-17,8080,Cash,Paid
P003130,MS03130,M01583,2025-06-12,1710,UPI,Paid
P003131,MS03131,M01584,2024-07-23,1620,Debit Card,Paid Late
P003132,MS03132,M01585,2024-03-23,4800,Credit Card,Paid
P003133,MS03133,M01585,2024-06-21,4320,UPI,Paid
P003134,MS03134,M01585,2024-09-21,1800,Net Banking,Paid
P003135,MS03135,M01585,2024-10-20,8080,Credit Card,Paid
P003136,MS03136,M01585,2025-04-20,4560,UPI,Paid
P003137,MS03137,M01586,2025-07-22,1800,UPI,Paid
P003138,MS03138,M01587,2024-04-06,1800,Credit Card,Paid
P003139,MS03139,M01587,2024-05-05,4800,Credit Card,Paid
P003140,MS03140,M01587,2024-08-07,1620,UPI,Paid
P003141,MS03141,M01588,2025-01-13,8080,Credit Card,Paid
P003142,MS03142,M01589,2024-06-02,1800,UPI,Paid
P003143,MS03143,M01590,2024-03-24,13500,UPI,Paid Late
P003144,MS03144,M01591,2025-05-11,4560,UPI,Paid
P003145,MS03145,M01592,2024-04-02,1620,Debit Card,Paid
P003146,MS03146,M01593,2025-03-03,4800,Debit Card,Failed
P003147,MS03147,M01594,2025-03-19,15000,Debit Card,Paid
P003148,MS03148,M01595,2024-02-11,4320,UPI,Paid
P003149,MS03149,M01596,2024-04-21,4800,Net Banking,Paid
P003150,MS03150,M01596,2024-07-20,15000,Credit Card,Paid
P003151,MS03151,M01596,2025-07-23,1800,Debit Card,Paid
P003152,MS03152,M01596,2025-08-21,8500,UPI,Paid
P003153,MS03153,M01597,2025-05-21,1620,Debit Card,Paid
P003154,MS03154,M01597,2025-06-21,1800,UPI,Paid
P003155,MS03155,M01598,2024-11-21,4560,UPI,Paid
P003156,MS03156,M01598,2025-02-21,1530,UPI,Paid
P003157,MS03157,M01598,2025-03-22,4320,UPI,Paid
P003158,MS03158,M01599,2024-03-21,1800,Debit Card,Paid
P003159,MS03159,M01599,2024-04-21,13500,Credit Card,Paid
P003160,MS03160,M01599,2025-04-21,15000,UPI,Paid
P003161,MS03161,M01600,2025-09-24,1620,Debit Card,Paid
P003162,MS03162,M01600,2025-10-25,1800,UPI,Paid
P003163,MS03163,M01600,2025-11-24,4800,Credit Card,Failed
P003164,MS03164,M01601,2024-06-18,15000,Credit Card,Paid Late
P003165,MS03165,M01602,2024-01-05,7650,Cash,Paid
P003166,MS03166,M01602,2024-07-03,8080,Credit Card,Paid
P003167,MS03167,M01602,2025-01-06,8500,UPI,Paid Late
P003168,MS03168,M01603,2025-08-13,4560,Net Banking,Paid
P003169,MS03169,M01603,2025-11-14,15000,UPI,Paid
P003170,MS03170,M01604,2024-01-12,4800,Credit Card,Failed
P003171,MS03171,M01604,2024-04-12,13500,UPI,Paid
P003172,MS03172,M01604,2025-04-14,1800,Cash,Paid
P003173,MS03173,M01605,2024-12-19,1800,Net Banking,Paid
P003174,MS03174,M01605,2025-01-21,15000,UPI,Paid
P003175,MS03175,M01606,2025-09-26,1710,UPI,Paid
P003176,MS03176,M01607,2025-01-05,14250,Cash,Paid Late
P003177,MS03177,M01608,2025-01-09,1800,Credit Card,Paid
P003178,MS03178,M01608,2025-02-07,15000,UPI,Paid Late
P003179,MS03179,M01609,2024-09-05,1620,Debit Card,Paid
P003180,MS03180,M01610,2024-03-21,4800,Credit Card,Paid
P003181,MS03181,M01611,2024-12-31,15000,UPI,Paid
P003182,MS03182,M01612,2025-07-28,15000,UPI,Paid
P003183,MS03183,M01613,2024-03-01,1710,UPI,Paid
P003184,MS03184,M01614,2025-07-17,8500,UPI,Paid
P003185,MS03185,M01615,2024-09-24,4800,UPI,Paid
P003186,MS03186,M01616,2024-12-09,4800,Debit Card,Paid
P003187,MS03187,M01616,2025-03-11,15000,UPI,Paid
P003188,MS03188,M01617,2024-04-18,13500,Net Banking,Failed
P003189,MS03189,M01617,2025-04-17,1710,Net Banking,Paid
P003190,MS03190,M01618,2025-02-02,1800,UPI,Paid
P003191,MS03191,M01618,2025-03-02,4080,Credit Card,Paid
P003192,MS03192,M01619,2024-04-29,1800,UPI,Paid
P003193,MS03193,M01620,2024-06-25,1800,Credit Card,Paid
P003194,MS03194,M01621,2025-04-08,13500,Cash,Paid
P003195,MS03195,M01622,2024-02-05,8080,UPI,Paid
P003196,MS03196,M01622,2024-08-03,1800,UPI,Paid Late
P003197,MS03197,M01622,2024-09-04,14250,UPI,Paid
P003198,MS03198,M01623,2024-10-15,4800,UPI,Paid
P003199,MS03199,M01623,2025-01-15,1620,Cash,Paid Late
P003200,MS03200,M01623,2025-02-12,1710,UPI,Paid
P003201,MS03201,M01624,2025-01-14,4800,Credit Card,Paid
P003202,MS03202,M01625,2024-03-25,1710,Credit Card,Paid
P003203,MS03203,M01626,2024-07-10,1800,UPI,Paid
P003204,MS03204,M01626,2024-08-09,1710,UPI,Paid
P003205,MS03205,M01626,2024-09-09,1710,Credit Card,Paid
P003206,MS03206,M01627,2024-08-10,7650,Debit Card,Paid
P003207,MS03207,M01627,2025-02-08,1710,Net Banking,Paid
P003208,MS03208,M01628,2025-03-01,1530,Net Banking,Paid
P003209,MS03209,M01629,2025-09-16,1620,UPI,Paid
P003210,MS03210,M01629,2025-10-15,15000,UPI,Paid
P003211,MS03211,M01630,2025-06-20,4800,Net Banking,Paid
P003212,MS03212,M01631,2024-05-04,1800,Credit Card,Paid
P003213,MS03213,M01631,2024-06-02,7650,UPI,Paid
P003214,MS03214,M01631,2024-12-02,7650,Credit Card,Paid
P003215,MS03215,M01631,2025-06-04,15000,Debit Card,Paid
P003216,MS03216,M01632,2024-01-12,4080,Debit Card,Paid
P003217,MS03217,M01632,2024-04-13,1620,Credit Card,Paid
P003218,MS03218,M01633,2024-02-04,4560,Cash,Paid
P003219,MS03219,M01634,2025-01-15,1800,Cash,Paid
P003220,MS03220,M01634,2025-02-17,1620,Net Banking,Failed
P003221,MS03221,M01634,2025-03-18,4800,Credit Card,Paid
P003222,MS03222,M01635,2024-04-11,1800,UPI,Paid
P003223,MS03223,M01636,2024-05-29,1620,Credit Card,Paid
P003224,MS03224,M01636,2024-06-30,8500,UPI,Paid
P003225,MS03225,M01636,2024-12-28,4560,UPI,Failed
P003226,MS03226,M01637,2025-06-24,1710,UPI,Paid
P003227,MS03227,M01637,2025-07-27,7220,Cash,Paid
P003228,MS03228,M01638,2025-07-11,1620,UPI,Paid
P003229,MS03229,M01639,2025-06-21,4800,UPI,Paid
P003230,MS03230,M01640,2024-06-10,1530,Cash,Paid
P003231,MS03231,M01641,2025-02-02,13500,Debit Card,Paid
P003232,MS03232,M01642,2025-01-25,1620,UPI,Paid
P003233,MS03233,M01642,2025-02-24,1800,UPI,Paid
P003234,MS03234,M01642,2025-03-26,1710,Net Banking,Paid
P003235,MS03235,M01642,2025-04-24,1800,UPI,Paid
P003236,MS03236,M01643,2024-04-28,4560,UPI,Paid
P003237,MS03237,M01644,2024-12-19,4800,Credit Card,Paid
P003238,MS03238,M01644,2025-03-22,1800,Debit Card,Paid
P003239,MS03239,M01645,2024-12-04,1530,UPI,Paid
P003240,MS03240,M01645,2025-01-03,4800,Credit Card,Paid
P003241,MS03241,M01646,2024-09-11,8500,Credit Card,Paid
P003242,MS03242,M01646,2025-03-11,4800,Debit Card,Paid
P003243,MS03243,M01646,2025-06-10,14250,Debit Card,Paid
P003244,MS03244,M01647,2025-04-25,4800,UPI,Paid
P003245,MS03245,M01648,2025-03-08,1800,Credit Card,Paid
P003246,MS03246,M01648,2025-04-10,15000,UPI,Paid
P003247,MS03247,M01649,2024-12-06,1620,UPI,Paid
P003248,MS03248,M01649,2025-01-08,7220,UPI,Paid
P003249,MS03249,M01649,2025-07-06,1530,Credit Card,Paid
P003250,MS03250,M01649,2025-08-07,7650,UPI,Paid
P003251,MS03251,M01650,2025-04-11,1800,Debit Card,Paid
P003252,MS03252,M01651,2025-05-03,4320,Debit Card,Paid
P003253,MS03253,M01651,2025-08-03,8500,UPI,Paid
P003254,MS03254,M01652,2024-12-29,1800,Net Banking,Paid
P003255,MS03255,M01652,2025-01-27,15000,UPI,Paid
P003256,MS03256,M01653,2024-06-22,4560,Debit Card,Paid
P003257,MS03257,M01653,2024-09-22,1800,Debit Card,Paid Late
P003258,MS03258,M01653,2024-10-19,1800,UPI,Paid
P003259,MS03259,M01654,2025-04-29,15000,Debit Card,Paid
P003260,MS03260,M01655,2025-04-02,14250,UPI,Paid
P003261,MS03261,M01656,2025-09-20,14250,Credit Card,Paid
P003262,MS03262,M01657,2024-04-08,1530,Cash,Paid
P003263,MS03263,M01658,2024-09-25,1710,Credit Card,Paid
P003264,MS03264,M01658,2024-10-24,4800,Credit Card,Paid
P003265,MS03265,M01659,2025-08-15,1710,Cash,Paid
P003266,MS03266,M01660,2024-11-26,1800,UPI,Paid
P003267,MS03267,M01661,2025-08-25,4320,Debit Card,Paid
P003268,MS03268,M01661,2025-11-24,4320,UPI,Failed
P003269,MS03269,M01662,2024-01-10,1800,Debit Card,Paid
P003270,MS03270,M01663,2024-01-24,1800,UPI,Paid Late
P003271,MS03271,M01664,2025-05-22,1710,Credit Card,Paid
P003272,MS03272,M01665,2024-08-19,14250,UPI,Paid
P003273,MS03273,M01666,2024-11-28,7220,Credit Card,Paid
P003274,MS03274,M01667,2024-10-01,15000,UPI,Paid
P003275,MS03275,M01667,2025-10-02,1710,Credit Card,Paid
P003276,MS03276,M01668,2024-09-20,13500,Net Banking,Paid Late
P003277,MS03277,M01669,2025-08-22,4800,UPI,Paid
P003278,MS03278,M01670,2024-03-03,1620,Credit Card,Paid
P003279,MS03279,M01671,2025-05-10,1710,Credit Card,Paid
P003280,MS03280,M01672,2025-07-23,7650,UPI,Paid
P003281,MS03281,M01673,2025-02-23,8500,Debit Card,Paid
P003282,MS03282,M01673,2025-08-26,4320,Cash,Paid
P003283,MS03283,M01674,2024-09-12,1620,Net Banking,Paid Late
P003284,MS03284,M01675,2024-04-13,15000,UPI,Paid
P003285,MS03285,M01675,2025-04-13,4320,UPI,Paid
P003286,MS03286,M01675,2025-07-14,4080,Credit Card,Paid
P003287,MS03287,M01675,2025-10-14,4080,UPI,Paid
P003288,MS03288,M01676,2025-03-12,1800,UPI,Paid
P003289,MS03289,M01677,2024-10-28,1800,UPI,Paid
P003290,MS03290,M01677,2024-11-27,4320,UPI,Paid
P003291,MS03291,M01677,2025-02-28,7220,Net Banking,Paid
P003292,MS03292,M01678,2024-04-05,4800,UPI,Paid
P003293,MS03293,M01678,2024-07-08,1710,Credit Card,Paid
P003294,MS03294,M01679,2024-08-18,1800,UPI,Paid
P003295,MS03295,M01680,2025-09-06,13500,UPI,Paid
P003296,MS03296,M01681,2024-06-19,4800,UPI,Paid
P003297,MS03297,M01682,2024-04-25,4320,UPI,Paid
P003298,MS03298,M01682,2024-07-26,15000,Debit Card,Paid
P003299,MS03299,M01682,2025-07-25,8500,UPI,Paid
P003300,MS03300,M01683,2025-03-12,1800,UPI,Paid
P003301,MS03301,M01683,2025-04-12,8500,UPI,Paid
P003302,MS03302,M01684,2024-05-08,7650,Debit Card,Paid
P003303,MS03303,M01685,2025-08-12,4800,Credit Card,Paid
P003304,MS03304,M01686,2025-09-19,1800,UPI,Paid
P003305,MS03305,M01687,2025-08-07,1710,UPI,Paid
P003306,MS03306,M01688,2024-06-07,4800,Debit Card,Paid
P003307,MS03307,M01688,2024-09-06,1800,UPI,Paid
P003308,MS03308,M01689,2024-05-16,8080,Credit Card,Paid
P003309,MS03309,M01689,2024-11-17,1800,UPI,Paid
P003310,MS03310,M01690,2024-08-07,1800,UPI,Paid
P003311,MS03311,M01691,2024-10-26,1800,UPI,Paid
P003312,MS03312,M01692,2025-07-18,1620,UPI,Paid
P003313,MS03313,M01692,2025-08-17,8500,UPI,Paid
P003314,MS03314,M01693,2025-04-14,1530,Debit Card,Paid
P003315,MS03315,M01694,2025-02-15,7650,UPI,Paid
P003316,MS03316,M01694,2025-08-15,4560,Debit Card,Paid
P003317,MS03317,M01695,2025-02-18,1530,UPI,Paid
P003318,MS03318,M01696,2024-08-31,8500,Net Banking,Paid
P003319,MS03319,M01696,2025-03-03,1620,Credit Card,Paid
P003320,MS03320,M01696,2025-03-31,4800,UPI,Paid
P003321,MS03321,M01696,2025-06-28,1620,UPI,Paid
P003322,MS03322,M01696,2025-07-30,7650,UPI,Paid
P003323,MS03323,M01697,2024-09-22,4560,Credit Card,Paid
P003324,MS03324,M01697,2024-12-21,1710,Debit Card,Paid
P003325,MS03325,M01698,2024-11-25,1800,Cash,Paid
P003326,MS03326,M01699,2024-02-27,8500,UPI,Paid
P003327,MS03327,M01700,2025-04-19,1800,UPI,Paid
P003328,MS03328,M01701,2025-02-21,1710,Debit Card,Paid
P003329,MS03329,M01702,2025-04-13,1800,Cash,Paid
P003330,MS03330,M01703,2024-12-07,4080,UPI,Paid
P003331,MS03331,M01704,2025-05-16,4800,Credit Card,Paid
P003332,MS03332,M01704,2025-08-15,1800,UPI,Paid
P003333,MS03333,M01705,2025-08-31,12750,Credit Card,Paid
P003334,MS03334,M01706,2024-12-31,1710,UPI,Paid
P003335,MS03335,M01706,2025-02-01,4080,UPI,Paid Late
P003336,MS03336,M01707,2024-10-11,8500,UPI,Paid
P003337,MS03337,M01707,2025-04-11,1710,UPI,Paid
P003338,MS03338,M01707,2025-05-12,8500,Debit Card,Paid
P003339,MS03339,M01707,2025-11-10,8500,UPI,Paid
P003340,MS03340,M01708,2024-03-08,7220,Net Banking,Paid
P003341,MS03341,M01708,2024-09-09,4800,Debit Card,Paid
P003342,MS03342,M01708,2024-12-09,1710,Debit Card,Paid
P003343,MS03343,M01708,2025-01-08,4800,Debit Card,Paid
P003344,MS03344,M01708,2025-04-08,8500,Net Banking,Paid Late
P003345,MS03345,M01708,2025-10-10,1800,UPI,Paid
P003346,MS03346,M01709,2025-05-14,8080,UPI,Paid
P003347,MS03347,M01709,2025-11-12,1620,Credit Card,Paid
P003348,MS03348,M01709,2025-12-14,1800,UPI,Paid
P003349,MS03349,M01710,2025-08-01,8500,UPI,Paid
P003350,MS03350,M01711,2025-03-22,8500,Credit Card,Paid
P003351,MS03351,M01711,2025-09-23,8500,Debit Card,Paid
P003352,MS03352,M01712,2025-07-09,4560,UPI,Paid
P003353,MS03353,M01712,2025-10-06,1800,Credit Card,Paid
P003354,MS03354,M01713,2025-07-03,1800,UPI,Paid
P003355,MS03355,M01713,2025-08-05,1800,UPI,Paid
P003356,MS03356,M01714,2025-05-24,4080,Debit Card,Paid
P003357,MS03357,M01714,2025-08-26,8500,Cash,Paid
P003358,MS03358,M01715,2024-11-18,4320,Credit Card,Paid
P003359,MS03359,M01716,2024-03-07,1620,UPI,Paid
P003360,MS03360,M01717,2024-01-04,8500,Debit Card,Paid
P003361,MS03361,M01717,2024-07-06,8500,UPI,Paid
P003362,MS03362,M01717,2025-01-06,1800,UPI,Paid
P003363,MS03363,M01718,2024-05-11,7650,Debit Card,Failed
P003364,MS03364,M01718,2024-11-13,4080,Cash,Paid
P003365,MS03365,M01718,2025-02-13,4320,UPI,Paid
P003366,MS03366,M01719,2024-10-02,8080,UPI,Paid
P003367,MS03367,M01719,2025-04-01,4560,Debit Card,Paid
P003368,MS03368,M01719,2025-07-03,1800,Credit Card,Paid
P003369,MS03369,M01720,2025-04-20,1800,UPI,Paid
P003370,MS03370,M01720,2025-05-19,1620,UPI,Paid
P003371,MS03371,M01721,2024-10-20,8500,UPI,Paid Late
P003372,MS03372,M01721,2025-04-19,1800,UPI,Paid
P003373,MS03373,M01721,2025-05-18,4800,UPI,Paid
P003374,MS03374,M01722,2024-01-18,4800,Credit Card,Paid
P003375,MS03375,M01723,2024-05-15,4800,UPI,Paid
P003376,MS03376,M01723,2024-08-16,4560,UPI,Paid
P003377,MS03377,M01724,2025-09-18,1800,Credit Card,Paid
P003378,MS03378,M01725,2025-09-23,4080,UPI,Paid
P003379,MS03379,M01726,2024-08-28,4560,Credit Card,Paid
P003380,MS03380,M01726,2024-11-29,1800,UPI,Paid
P003381,MS03381,M01726,2024-12-30,4560,UPI,Failed
P003382,MS03382,M01727,2025-05-29,1800,UPI,Paid
P003383,MS03383,M01727,2025-06-29,4800,Credit Card,Paid
P003384,MS03384,M01727,2025-09-28,4800,Cash,Paid
P003385,MS03385,M01728,2025-04-03,1800,UPI,Paid
P003386,MS03386,M01729,2025-08-20,1800,Credit Card,Paid
P003387,MS03387,M01730,2025-07-22,1800,UPI,Paid
P003388,MS03388,M01730,2025-08-20,4560,Cash,Paid
P003389,MS03389,M01731,2025-02-07,15000,UPI,Paid
P003390,MS03390,M01732,2024-09-11,15000,UPI,Paid
P003391,MS03391,M01733,2025-02-03,12750,Credit Card,Paid
P003392,MS03392,M01734,2024-07-25,4320,Cash,Paid
P003393,MS03393,M01734,2024-10-24,4800,Debit Card,Paid
P003394,MS03394,M01734,2025-01-25,7220,UPI,Paid
P003395,MS03395,M01734,2025-07-23,1710,UPI,Paid
P003396,MS03396,M01734,2025-08-25,4560,Debit Card,Paid
P003397,MS03397,M01734,2025-11-25,8500,Debit Card,Paid
P003398,MS03398,M01735,2024-08-13,8500,Credit Card,Paid
P003399,MS03399,M01735,2025-02-13,4800,UPI,Paid Late
P003400,MS03400,M01735,2025-05-11,8500,Debit Card,Paid
P003401,MS03401,M01735,2025-11-13,1710,UPI,Paid
P003402,MS03402,M01735,2025-12-10,8500,UPI,Paid
P003403,MS03403,M01736,2025-01-25,7650,UPI,Paid
P003404,MS03404,M01737,2024-12-31,1800,UPI,Paid
P003405,MS03405,M01737,2025-02-01,1710,UPI,Paid
P003406,MS03406,M01738,2025-01-05,1530,Net Banking,Paid
P003407,MS03407,M01739,2024-09-03,1800,Cash,Paid
P003408,MS03408,M01740,2024-09-19,1800,UPI,Paid Late
P003409,MS03409,M01741,2024-01-07,4800,UPI,Paid Late
P003410,MS03410,M01741,2024-04-08,1800,UPI,Paid
P003411,MS03411,M01741,2024-05-07,8080,Credit Card,Paid
P003412,MS03412,M01741,2024-11-07,14250,UPI,Paid
P003413,MS03413,M01741,2025-11-08,7650,Net Banking,Paid
P003414,MS03414,M01742,2025-01-18,1620,UPI,Paid Late
P003415,MS03415,M01742,2025-02-20,1620,Credit Card,Paid
P003416,MS03416,M01743,2025-01-04,4800,Credit Card,Paid
P003417,MS03417,M01743,2025-04-05,8080,Debit Card,Paid
P003418,MS03418,M01744,2025-08-20,1530,Debit Card,Paid
P003419,MS03419,M01744,2025-09-19,1620,Credit Card,Paid
P003420,MS03420,M01744,2025-10-21,4560,Credit Card,Paid
P003421,MS03421,M01745,2024-11-19,1800,Credit Card,Paid
P003422,MS03422,M01746,2024-10-25,7650,Debit Card,Paid
P003423,MS03423,M01746,2025-04-26,8500,Debit Card,Paid
P003424,MS03424,M01746,2025-10-26,1800,UPI,Paid Late
P003425,MS03425,M01746,2025-11-28,1800,UPI,Paid
P003426,MS03426,M01747,2024-02-13,1620,UPI,Paid
P003427,MS03427,M01748,2024-05-06,1710,Debit Card,Paid
P003428,MS03428,M01748,2024-06-05,1710,UPI,Paid
P003429,MS03429,M01749,2024-08-04,1620,UPI,Paid
P003430,MS03430,M01750,2024-08-28,1800,UPI,Paid
P003431,MS03431,M01751,2024-08-21,14250,Credit Card,Paid
P003432,MS03432,M01751,2025-08-19,4800,Credit Card,Paid
P003433,MS03433,M01752,2024-09-10,4560,Debit Card,Paid
P003434,MS03434,M01753,2025-05-06,4800,Cash,Paid
P003435,MS03435,M01754,2024-03-26,1800,Cash,Paid
P003436,MS03436,M01754,2024-04-24,1620,UPI,Paid
P003437,MS03437,M01754,2024-05-26,1620,Net Banking,Paid
P003438,MS03438,M01755,2024-07-31,7220,Debit Card,Paid
P003439,MS03439,M01755,2025-01-31,8500,UPI,Paid
P003440,MS03440,M01755,2025-08-02,1620,Credit Card,Paid
P003441,MS03441,M01756,2024-04-16,8080,Credit Card,Paid
P003442,MS03442,M01757,2024-07-18,1800,UPI,Paid
P003443,MS03443,M01758,2025-03-13,1620,UPI,Paid
P003444,MS03444,M01758,2025-04-14,1710,UPI,Paid
P003445,MS03445,M01758,2025-05-14,4800,UPI,Paid
P003446,MS03446,M01758,2025-08-14,8500,Credit Card,Paid
P003447,MS03447,M01759,2024-01-30,1710,Cash,Paid
P003448,MS03448,M01759,2024-03-03,1710,UPI,Paid
P003449,MS03449,M01760,2024-08-06,13500,Debit Card,Paid
P003450,MS03450,M01760,2025-08-04,1620,Net Banking,Paid
P003451,MS03451,M01761,2024-01-17,8080,Credit Card,Paid
P003452,MS03452,M01761,2024-07-17,7650,Cash,Paid
P003453,MS03453,M01761,2025-01-19,4560,UPI,Paid
P003454,MS03454,M01761,2025-04-16,15000,Cash,Paid
P003455,MS03455,M01762,2025-09-03,1620,Cash,Paid
P003456,MS03456,M01762,2025-10-01,4320,Net Banking,Failed
P003457,MS03457,M01763,2025-04-10,1800,Cash,Paid
P003458,MS03458,M01764,2024-06-07,4800,UPI,Paid
P003459,MS03459,M01764,2024-09-04,7650,UPI,Paid Late
P003460,MS03460,M01764,2025-03-07,1710,Debit Card,Paid
P003461,MS03461,M01764,2025-04-04,15000,UPI,Paid
P003462,MS03462,M01765,2024-05-06,1800,UPI,Paid Late
P003463,MS03463,M01765,2024-06-06,4560,Cash,Paid
P003464,MS03464,M01766,2024-03-04,1800,Debit Card,Failed
P003465,MS03465,M01767,2024-10-31,4800,Credit Card,Paid
P003466,MS03466,M01768,2025-04-27,1800,UPI,Paid
P003467,MS03467,M01768,2025-05-28,4800,Credit Card,Paid
P003468,MS03468,M01768,2025-08-25,1800,Debit Card,Paid
P003469,MS03469,M01768,2025-09-28,4560,Debit Card,Paid
P003470,MS03470,M01768,2025-12-28,1800,UPI,Paid Late
P003471,MS03471,M01769,2025-01-08,8500,UPI,Paid
P003472,MS03472,M01770,2025-07-18,1800,UPI,Paid Late
P003473,MS03473,M01771,2024-08-08,8080,Debit Card,Paid
P003474,MS03474,M01771,2025-02-07,15000,Credit Card,Paid
P003475,MS03475,M01772,2024-06-27,1530,UPI,Paid
P003476,MS03476,M01772,2024-07-26,1800,Cash,Paid
P003477,MS03477,M01772,2024-08-26,4800,UPI,Paid Late
P003478,MS03478,M01773,2024-11-02,8500,UPI,Paid
P003479,MS03479,M01774,2024-05-11,1710,UPI,Paid
P003480,MS03480,M01775,2025-09-15,1800,UPI,Paid
P003481,MS03481,M01776,2024-04-28,4560,Cash,Paid
P003482,MS03482,M01776,2024-07-28,1530,Credit Card,Paid
P003483,MS03483,M01776,2024-08-31,14250,Credit Card,Paid
P003484,MS03484,M01776,2025-08-29,1620,Credit Card,Paid
P003485,MS03485,M01777,2024-11-01,4560,UPI,Paid
P003486,MS03486,M01777,2025-02-01,1530,UPI,Failed
P003487,MS03487,M01777,2025-03-02,4800,Credit Card,Paid
P003488,MS03488,M01778,2024-12-01,8080,Net Banking,Paid
P003489,MS03489,M01778,2025-05-31,1800,Debit Card,Paid
P003490,MS03490,M01779,2024-02-08,1530,UPI,Paid
P003491,MS03491,M01779,2024-03-08,8080,Debit Card,Paid
P003492,MS03492,M01780,2024-10-26,4320,Net Banking,Failed
P003493,MS03493,M01781,2024-10-17,1530,Debit Card,Paid
P003494,MS03494,M01782,2024-06-17,1800,UPI,Paid
P003495,MS03495,M01783,2024-03-24,13500,UPI,Paid
P003496,MS03496,M01783,2025-03-24,4800,UPI,Paid
P003497,MS03497,M01783,2025-06-24,8500,Debit Card,Paid
P003498,MS03498,M01783,2025-12-25,1800,UPI,Paid
P003499,MS03499,M01784,2024-01-31,1710,Credit Card,Paid
P003500,MS03500,M01785,2024-01-09,1620,Credit Card,Paid
P003501,MS03501,M01786,2024-11-04,1800,Net Banking,Paid
P003502,MS03502,M01786,2024-12-03,8080,UPI,Paid Late
P003503,MS03503,M01786,2025-06-03,1800,Credit Card,Paid
P003504,MS03504,M01787,2024-02-28,1710,Debit Card,Paid
P003505,MS03505,M01788,2025-09-04,4800,Cash,Paid
P003506,MS03506,M01788,2025-12-07,1620,Debit Card,Paid
P003507,MS03507,M01789,2024-06-05,1800,UPI,Paid
P003508,MS03508,M01790,2025-02-22,4560,Credit Card,Paid
P003509,MS03509,M01791,2025-03-05,7650,Debit Card,Paid Late
P003510,MS03510,M01791,2025-09-07,1620,UPI,Paid
P003511,MS03511,M01792,2024-11-12,14250,Credit Card,Paid
P003512,MS03512,M01793,2025-07-20,1710,Debit Card,Paid
P003513,MS03513,M01794,2024-03-14,1800,Net Banking,Paid
P003514,MS03514,M01794,2024-04-12,1530,Net Banking,Paid Late
P003515,MS03515,M01795,2024-06-01,12750,Debit Card,Paid
P003516,MS03516,M01796,2024-06-13,15000,Credit Card,Paid
P003517,MS03517,M01796,2025-06-12,8500,Cash,Paid
P003518,MS03518,M01796,2025-12-11,4800,UPI,Paid
P003519,MS03519,M01797,2024-03-29,8080,UPI,Paid
P003520,MS03520,M01797,2024-09-29,4800,Credit Card,Paid
P003521,MS03521,M01797,2024-12-29,4800,UPI,Paid
P003522,MS03522,M01798,2024-07-09,4080,Debit Card,Paid
P003523,MS03523,M01799,2024-07-21,13500,UPI,Paid
P003524,MS03524,M01799,2025-07-18,4560,Credit Card,Paid
P003525,MS03525,M01799,2025-10-19,1800,UPI,Paid
P003526,MS03526,M01800,2025-05-02,1710,Debit Card,Paid
P003527,MS03527,M01800,2025-06-05,1710,UPI,Paid
P003528,MS03528,M01801,2024-07-13,1620,Debit Card,Paid
P003529,MS03529,M01801,2024-08-12,1800,Debit Card,Paid
P003530,MS03530,M01801,2024-09-13,1800,Debit Card,Paid
P003531,MS03531,M01802,2025-07-16,4800,Debit Card,Paid
P003532,MS03532,M01803,2025-05-08,4800,UPI,Paid
P003533,MS03533,M01803,2025-08-10,1620,UPI,Paid
P003534,MS03534,M01804,2025-07-29,1800,Debit Card,Paid
P003535,MS03535,M01804,2025-09-01,1710,UPI,Paid
P003536,MS03536,M01805,2024-03-08,1800,UPI,Paid
P003537,MS03537,M01805,2024-04-09,1710,Credit Card,Paid
P003538,MS03538,M01806,2025-09-21,8500,UPI,Paid
P003539,MS03539,M01807,2025-09-18,8500,Credit Card,Paid
P003540,MS03540,M01808,2024-08-14,4320,Debit Card,Paid
P003541,MS03541,M01808,2024-11-17,1620,Credit Card,Paid
P003542,MS03542,M01808,2024-12-14,15000,UPI,Paid
P003543,MS03543,M01808,2025-12-17,8080,Credit Card,Paid
P003544,MS03544,M01809,2025-09-02,4320,UPI,Paid
P003545,MS03545,M01809,2025-12-01,1710,Cash,Paid
P003546,MS03546,M01810,2025-01-10,8080,UPI,Paid Late
P003547,MS03547,M01810,2025-07-12,1800,Cash,Paid
P003548,MS03548,M01810,2025-08-13,4320,Cash,Paid
P003549,MS03549,M01811,2024-02-16,4560,UPI,Paid
P003550,MS03550,M01812,2024-09-18,1710,UPI,Paid
P003551,MS03551,M01812,2024-10-20,1620,Debit Card,Paid
P003552,MS03552,M01813,2024-03-30,1710,Credit Card,Paid
P003553,MS03553,M01814,2025-08-26,1530,Debit Card,Paid
P003554,MS03554,M01815,2024-07-16,4800,Debit Card,Paid
P003555,MS03555,M01815,2024-10-14,1800,Cash,Paid
P003556,MS03556,M01816,2024-05-24,15000,UPI,Paid
P003557,MS03557,M01816,2025-05-22,4800,UPI,Paid
P003558,MS03558,M01816,2025-08-21,15000,Debit Card,Paid
P003559,MS03559,M01817,2024-12-19,4800,UPI,Paid
P003560,MS03560,M01818,2024-10-01,15000,UPI,Paid
P003561,MS03561,M01818,2025-10-01,8500,Credit Card,Paid
P003562,MS03562,M01819,2024-03-02,15000,Cash,Paid
P003563,MS03563,M01819,2025-03-02,1800,Debit Card,Paid
P003564,MS03564,M01820,2025-06-06,4560,Net Banking,Paid
P003565,MS03565,M01820,2025-09-06,8500,UPI,Paid
P003566,MS03566,M01821,2025-06-24,1710,Cash,Paid
P003567,MS03567,M01822,2025-04-20,1710,UPI,Paid
P003568,MS03568,M01822,2025-05-20,4560,Credit Card,Paid
P003569,MS03569,M01823,2025-01-28,1800,Net Banking,Paid
P003570,MS03570,M01823,2025-03-02,1710,UPI,Paid
P003571,MS03571,M01823,2025-03-30,1800,Debit Card,Paid
P003572,MS03572,M01824,2024-09-15,4800,UPI,Paid
P003573,MS03573,M01825,2024-12-13,1710,UPI,Paid
P003574,MS03574,M01825,2025-01-15,8500,Debit Card,Paid
P003575,MS03575,M01826,2024-11-29,4560,Debit Card,Paid
P003576,MS03576,M01826,2025-03-03,1800,Net Banking,Paid
P003577,MS03577,M01827,2024-04-15,8500,UPI,Paid
P003578,MS03578,M01827,2024-10-18,1620,Debit Card,Paid
P003579,MS03579,M01828,2024-02-25,4800,UPI,Paid
P003580,MS03580,M01829,2024-06-11,1800,UPI,Paid
P003581,MS03581,M01830,2024-10-19,8080,Credit Card,Paid
P003582,MS03582,M01831,2024-04-15,1800,Cash,Paid
P003583,MS03583,M01831,2024-05-14,1710,Credit Card,Paid
P003584,MS03584,M01832,2024-03-09,1620,Cash,Paid
P003585,MS03585,M01832,2024-04-11,1800,Cash,Paid
P003586,MS03586,M01833,2025-06-30,1530,Cash,Paid
P003587,MS03587,M01834,2024-08-29,7650,Cash,Paid
P003588,MS03588,M01834,2025-03-01,14250,UPI,Paid
P003589,MS03589,M01835,2025-01-09,1620,Cash,Paid
P003590,MS03590,M01835,2025-02-07,7220,UPI,Paid
P003591,MS03591,M01835,2025-08-10,1800,Debit Card,Paid Late
P003592,MS03592,M01835,2025-09-08,4800,Net Banking,Paid
P003593,MS03593,M01835,2025-12-08,4800,Net Banking,Paid Late
P003594,MS03594,M01836,2024-12-02,1620,UPI,Paid
P003595,MS03595,M01836,2024-12-30,1800,Cash,Paid
P003596,MS03596,M01837,2025-04-14,8500,Cash,Paid Late
P003597,MS03597,M01837,2025-10-14,7650,UPI,Paid
P003598,MS03598,M01838,2025-04-18,4800,UPI,Paid
P003599,MS03599,M01838,2025-07-18,15000,Debit Card,Paid
P003600,MS03600,M01839,2024-07-09,4320,Debit Card,Paid
P003601,MS03601,M01839,2024-10-08,8500,UPI,Paid Late
P003602,MS03602,M01840,2025-06-26,13500,UPI,Paid
P003603,MS03603,M01841,2024-08-26,13500,UPI,Paid
P003604,MS03604,M01841,2025-08-26,1800,Credit Card,Paid
P003605,MS03605,M01841,2025-09-27,4800,UPI,Paid
P003606,MS03606,M01842,2025-06-17,1800,Net Banking,Paid
P003607,MS03607,M01842,2025-07-18,1800,Debit Card,Paid
P003608,MS03608,M01843,2024-09-16,1620,Cash,Paid
P003609,MS03609,M01843,2024-10-18,4560,Credit Card,Paid
P003610,MS03610,M01843,2025-01-18,1620,Net Banking,Paid
P003611,MS03611,M01844,2024-03-12,1710,Credit Card,Paid
P003612,MS03612,M01844,2024-04-12,1800,Credit Card,Paid
P003613,MS03613,M01845,2025-04-30,1710,UPI,Paid
P003614,MS03614,M01845,2025-05-31,1800,UPI,Paid
P003615,MS03615,M01845,2025-07-01,7650,Net Banking,Paid
P003616,MS03616,M01845,2025-12-31,1800,UPI,Paid
P003617,MS03617,M01846,2024-01-23,4320,Debit Card,Paid
P003618,MS03618,M01846,2024-04-21,4560,Debit Card,Paid
P003619,MS03619,M01847,2025-05-07,1800,Debit Card,Paid
P003620,MS03620,M01847,2025-06-08,15000,UPI,Paid
P003621,MS03621,M01848,2024-01-30,14250,UPI,Paid
P003622,MS03622,M01848,2025-01-31,1620,UPI,Paid Late
P003623,MS03623,M01849,2024-05-14,15000,UPI,Paid
P003624,MS03624,M01850,2025-01-20,1710,Cash,Paid
P003625,MS03625,M01850,2025-02-20,1710,UPI,Paid
P003626,MS03626,M01851,2025-08-23,15000,UPI,Paid
P003627,MS03627,M01852,2024-09-18,1800,UPI,Paid
P003628,MS03628,M01852,2024-10-18,7650,Debit Card,Paid
P003629,MS03629,M01852,2025-04-19,1710,Credit Card,Paid
P003630,MS03630,M01853,2024-03-18,4320,Cash,Paid
P003631,MS03631,M01853,2024-06-19,1800,Credit Card,Paid
P003632,MS03632,M01854,2024-05-30,4800,Credit Card,Paid
P003633,MS03633,M01855,2025-07-27,4800,UPI,Paid
P003634,MS03634,M01855,2025-10-25,8080,UPI,Paid
P003635,MS03635,M01856,2025-04-10,1800,Credit Card,Paid
P003636,MS03636,M01857,2024-03-06,1800,UPI,Paid
P003637,MS03637,M01857,2024-04-08,15000,Debit Card,Paid
P003638,MS03638,M01857,2025-04-05,1710,UPI,Paid
P003639,MS03639,M01858,2024-09-02,14250,UPI,Paid Late
P003640,MS03640,M01858,2025-09-05,1620,Credit Card,Paid
P003641,MS03641,M01859,2024-06-18,1710,Credit Card,Paid
P003642,MS03642,M01859,2024-07-19,4800,UPI,Paid
P003643,MS03643,M01859,2024-10-19,1800,UPI,Paid
P003644,MS03644,M01859,2024-11-17,8080,UPI,Paid
P003645,MS03645,M01859,2025-05-20,1620,Credit Card,Paid
P003646,MS03646,M01860,2024-04-25,4560,Debit Card,Paid
P003647,MS03647,M01861,2025-06-24,4800,Credit Card,Paid Late
P003648,MS03648,M01861,2025-09-24,1620,UPI,Paid
P003649,MS03649,M01862,2025-02-01,15000,UPI,Paid
P003650,MS03650,M01863,2024-04-25,4320,Cash,Paid
P003651,MS03651,M01864,2025-02-21,1530,UPI,Paid
P003652,MS03652,M01865,2024-09-22,14250,Credit Card,Paid
P003653,MS03653,M01866,2024-02-10,1800,Debit Card,Paid
P003654,MS03654,M01866,2024-03-09,4080,UPI,Paid
P003655,MS03655,M01867,2024-10-16,1620,Credit Card,Paid
P003656,MS03656,M01868,2024-04-29,1710,UPI,Paid
P003657,MS03657,M01869,2024-06-07,4320,UPI,Paid
P003658,MS03658,M01869,2024-09-07,1710,UPI,Paid
P003659,MS03659,M01870,2025-07-15,1620,Credit Card,Paid
P003660,MS03660,M01871,2025-04-01,1800,UPI,Paid
P003661,MS03661,M01871,2025-05-02,1800,UPI,Paid
P003662,MS03662,M01872,2024-03-29,4560,Debit Card,Paid
P003663,MS03663,M01872,2024-06-29,1620,Debit Card,Paid
P003664,MS03664,M01873,2025-06-29,8500,Credit Card,Paid
P003665,MS03665,M01874,2025-01-01,8500,Credit Card,Paid
P003666,MS03666,M01874,2025-07-01,1620,Cash,Paid
P003667,MS03667,M01875,2025-07-13,1800,UPI,Paid
P003668,MS03668,M01875,2025-08-13,4560,Credit Card,Paid
P003669,MS03669,M01875,2025-11-14,4080,UPI,Paid
P003670,MS03670,M01876,2025-04-23,4800,Cash,Paid Late
P003671,MS03671,M01876,2025-07-24,7220,UPI,Paid
P003672,MS03672,M01877,2024-08-07,1800,Net Banking,Paid
P003673,MS03673,M01878,2024-12-09,1710,Debit Card,Paid
P003674,MS03674,M01878,2025-01-09,4320,UPI,Paid
P003675,MS03675,M01878,2025-04-10,7650,Credit Card,Paid
P003676,MS03676,M01878,2025-10-08,14250,Credit Card,Paid
P003677,MS03677,M01879,2024-12-06,4800,UPI,Paid
P003678,MS03678,M01879,2025-03-05,1620,UPI,Failed
P003679,MS03679,M01880,2025-04-07,1800,Net Banking,Paid
P003680,MS03680,M01880,2025-05-04,15000,UPI,Paid
P003681,MS03681,M01881,2024-06-09,1800,Net Banking,Paid
P003682,MS03682,M01881,2024-07-08,4800,Cash,Paid
P003683,MS03683,M01882,2024-07-31,4800,UPI,Paid
P003684,MS03684,M01883,2024-06-08,1710,UPI,Paid
P003685,MS03685,M01884,2024-07-10,14250,Net Banking,Paid
P003686,MS03686,M01884,2025-07-09,1800,Debit Card,Paid
P003687,MS03687,M01884,2025-08-10,1800,UPI,Paid Late
P003688,MS03688,M01885,2024-04-15,15000,UPI,Paid
P003689,MS03689,M01886,2024-01-26,8500,UPI,Paid
P003690,MS03690,M01887,2025-08-22,14250,Net Banking,Failed
P003691,MS03691,M01888,2024-02-18,1710,Cash,Paid
P003692,MS03692,M01889,2025-07-22,4800,UPI,Paid
P003693,MS03693,M01890,2024-01-04,7650,Credit Card,Paid
P003694,MS03694,M01890,2024-07-04,1800,Debit Card,Paid
P003695,MS03695,M01891,2025-05-10,1530,Cash,Paid
P003696,MS03696,M01892,2024-07-30,1620,UPI,Paid
P003697,MS03697,M01892,2024-08-28,1800,UPI,Paid
P003698,MS03698,M01893,2024-11-28,15000,Cash,Paid
P003699,MS03699,M01893,2025-11-27,1800,UPI,Paid
P003700,MS03700,M01894,2024-07-02,7220,UPI,Paid
P003701,MS03701,M01894,2024-12-30,1800,UPI,Paid
P003702,MS03702,M01894,2025-02-01,14250,UPI,Paid
P003703,MS03703,M01895,2024-11-12,1800,Credit Card,Paid
P003704,MS03704,M01896,2024-10-17,1530,UPI,Paid
P003705,MS03705,M01896,2024-11-17,8500,UPI,Paid
P003706,MS03706,M01896,2025-05-17,1800,UPI,Paid
P003707,MS03707,M01897,2024-12-04,8500,UPI,Paid
P003708,MS03708,M01897,2025-06-04,4560,UPI,Paid
P003709,MS03709,M01897,2025-09-05,1800,Debit Card,Failed
P003710,MS03710,M01898,2024-09-08,1710,UPI,Paid
P003711,MS03711,M01899,2024-12-11,1800,Debit Card,Paid
P003712,MS03712,M01899,2025-01-08,4560,UPI,Paid
P003713,MS03713,M01899,2025-04-10,1710,UPI,Paid
P003714,MS03714,M01900,2025-06-11,1620,Credit Card,Paid
P003715,MS03715,M01900,2025-07-10,1800,UPI,Paid
P003716,MS03716,M01901,2024-10-05,4560,UPI,Paid
P003717,MS03717,M01901,2025-01-06,1800,Cash,Paid
P003718,MS03718,M01901,2025-02-05,4800,Debit Card,Paid
P003719,MS03719,M01901,2025-05-06,1800,UPI,Paid
P003720,MS03720,M01902,2024-08-18,1710,Debit Card,Paid
P003721,MS03721,M01902,2024-09-21,1800,Credit Card,Paid
P003722,MS03722,M01902,2024-10-18,8500,Credit Card,Paid
P003723,MS03723,M01902,2025-04-19,1800,Credit Card,Paid
P003724,MS03724,M01903,2024-03-27,15000,UPI,Paid
P003725,MS03725,M01903,2025-03-26,4560,UPI,Paid
P003726,MS03726,M01903,2025-06-28,1800,Credit Card,Paid
P003727,MS03727,M01903,2025-07-25,1710,Debit Card,Paid
P003728,MS03728,M01904,2024-08-20,1620,Credit Card,Paid
P003729,MS03729,M01904,2024-09-18,1710,Cash,Paid
P003730,MS03730,M01904,2024-10-20,12750,UPI,Failed
P003731,MS03731,M01904,2025-10-19,1800,Credit Card,Paid
P003732,MS03732,M01905,2024-03-21,1620,Debit Card,Paid
P003733,MS03733,M01905,2024-04-23,4800,UPI,Paid
P003734,MS03734,M01906,2024-04-28,4800,Cash,Paid
P003735,MS03735,M01906,2024-07-27,1710,Credit Card,Paid
P003736,MS03736,M01907,2025-09-01,1620,Cash,Paid
P003737,MS03737,M01907,2025-10-03,7650,Debit Card,Paid
P003738,MS03738,M01908,2024-02-28,15000,Cash,Paid
P003739,MS03739,M01908,2025-03-02,1800,Cash,Paid
P003740,MS03740,M01909,2024-11-06,7220,Debit Card,Paid
P003741,MS03741,M01909,2025-05-06,7650,UPI,Paid
P003742,MS03742,M01910,2025-06-17,1800,Credit Card,Paid
P003743,MS03743,M01911,2025-08-31,8080,Credit Card,Paid Late
P003744,MS03744,M01912,2024-04-06,14250,UPI,Paid
P003745,MS03745,M01913,2024-04-16,4560,UPI,Paid
P003746,MS03746,M01913,2024-07-17,13500,UPI,Paid
P003747,MS03747,M01913,2025-07-17,1710,UPI,Paid
P003748,MS03748,M01914,2024-08-26,12750,UPI,Paid
P003749,MS03749,M01914,2025-08-25,8500,UPI,Paid
P003750,MS03750,M01915,2024-12-21,1620,UPI,Paid Late
P003751,MS03751,M01915,2025-01-21,14250,UPI,Paid Late
P003752,MS03752,M01916,2025-09-04,4560,Net Banking,Paid
P003753,MS03753,M01917,2024-05-15,4560,UPI,Paid
P003754,MS03754,M01917,2024-08-13,7220,Credit Card,Paid
P003755,MS03755,M01918,2024-04-14,1620,UPI,Paid
P003756,MS03756,M01918,2024-05-16,15000,Credit Card,Paid
P003757,MS03757,M01918,2025-05-17,1620,Debit Card,Paid
P003758,MS03758,M01919,2024-06-10,4800,UPI,Paid
P003759,MS03759,M01920,2025-07-14,1800,Debit Card,Paid Late
P003760,MS03760,M01921,2024-01-22,4560,Credit Card,Paid
P003761,MS03761,M01921,2024-04-23,4800,Credit Card,Paid
P003762,MS03762,M01921,2024-07-22,1620,Cash,Paid
P003763,MS03763,M01921,2024-08-20,1800,Credit Card,Paid
P003764,MS03764,M01922,2024-03-18,1710,UPI,Paid
P003765,MS03765,M01922,2024-04-18,1710,Net Banking,Paid
P003766,MS03766,M01922,2024-05-16,4560,UPI,Paid
P003767,MS03767,M01923,2024-04-12,4800,Cash,Paid Late
P003768,MS03768,M01923,2024-07-11,1620,Credit Card,Paid
P003769,MS03769,M01923,2024-08-13,1710,Net Banking,Paid
P003770,MS03770,M01924,2025-08-08,15000,Cash,Paid
P003771,MS03771,M01925,2024-01-04,4320,Debit Card,Paid
P003772,MS03772,M01925,2024-04-03,1800,UPI,Paid
P003773,MS03773,M01926,2024-07-27,1800,UPI,Paid Late
P003774,MS03774,M01926,2024-08-27,8500,Debit Card,Paid
P003775,MS03775,M01926,2025-02-24,7650,UPI,Paid
P003776,MS03776,M01927,2025-08-09,4800,UPI,Paid
P003777,MS03777,M01927,2025-11-10,1800,Net Banking,Paid
P003778,MS03778,M01927,2025-12-10,4800,Credit Card,Paid
P003779,MS03779,M01928,2025-01-23,1530,UPI,Paid
P003780,MS03780,M01929,2024-02-18,1800,Credit Card,Paid Late
P003781,MS03781,M01930,2024-10-26,15000,Credit Card,Paid
P003782,MS03782,M01930,2025-10-24,14250,Net Banking,Paid Late
P003783,MS03783,M01931,2025-09-11,1620,UPI,Paid
P003784,MS03784,M01932,2024-09-13,1620,Cash,Failed
P003785,MS03785,M01932,2024-10-15,1710,Net Banking,Paid
P003786,MS03786,M01933,2024-12-04,14250,UPI,Paid
P003787,MS03787,M01933,2025-12-04,1710,Debit Card,Paid
P003788,MS03788,M01934,2024-12-07,4800,UPI,Paid
P003789,MS03789,M01934,2025-03-06,1710,Net Banking,Paid
P003790,MS03790,M01934,2025-04-08,4800,Cash,Paid
P003791,MS03791,M01935,2025-02-28,4320,UPI,Paid
P003792,MS03792,M01936,2024-04-30,7650,UPI,Paid
P003793,MS03793,M01936,2024-11-01,1710,Credit Card,Paid
P003794,MS03794,M01937,2025-06-20,4560,UPI,Paid
P003795,MS03795,M01937,2025-09-22,1710,UPI,Paid
P003796,MS03796,M01938,2025-09-24,8080,Cash,Paid
P003797,MS03797,M01939,2024-04-03,1800,Cash,Paid
P003798,MS03798,M01939,2024-05-02,8080,UPI,Paid
P003799,MS03799,M01940,2025-06-09,4800,Credit Card,Paid
P003800,MS03800,M01940,2025-09-08,1800,Debit Card,Paid
P003801,MS03801,M01941,2025-06-06,1800,Net Banking,Paid
P003802,MS03802,M01942,2025-04-19,4800,Debit Card,Paid
P003803,MS03803,M01943,2024-08-27,1710,UPI,Paid
P003804,MS03804,M01944,2024-10-27,4320,UPI,Paid
P003805,MS03805,M01944,2025-01-28,1710,Credit Card,Paid Late
P003806,MS03806,M01944,2025-02-26,1800,Credit Card,Paid
P003807,MS03807,M01944,2025-03-28,1710,Debit Card,Paid
P003808,MS03808,M01945,2025-06-19,8080,UPI,Paid
P003809,MS03809,M01946,2024-04-07,4560,UPI,Paid
P003810,MS03810,M01947,2025-08-10,7650,UPI,Paid
P003811,MS03811,M01948,2025-03-14,1530,Credit Card,Paid Late
P003812,MS03812,M01948,2025-04-14,1800,Cash,Paid
P003813,MS03813,M01949,2024-08-08,1800,UPI,Paid Late
P003814,MS03814,M01949,2024-09-05,4800,Credit Card,Paid Late
P003815,MS03815,M01949,2024-12-07,4320,UPI,Paid
P003816,MS03816,M01950,2024-12-23,1530,Credit Card,Paid
P003817,MS03817,M01951,2024-02-02,1800,Net Banking,Paid
P003818,MS03818,M01952,2025-08-17,7650,UPI,Paid
P003819,MS03819,M01953,2024-08-09,14250,UPI,Paid
P003820,MS03820,M01953,2025-08-06,1800,UPI,Paid
P003821,MS03821,M01953,2025-09-06,1800,Cash,Paid Late
P003822,MS03822,M01954,2024-02-07,1620,Debit Card,Paid
P003823,MS03823,M01955,2025-05-23,1800,Credit Card,Paid
P003824,MS03824,M01955,2025-06-23,7650,UPI,Paid
P003825,MS03825,M01955,2025-12-22,4320,Credit Card,Paid
P003826,MS03826,M01956,2025-02-23,4560,Cash,Paid
P003827,MS03827,M01956,2025-05-24,15000,Debit Card,Paid
P003828,MS03828,M01957,2025-02-04,4800,Credit Card,Paid
P003829,MS03829,M01958,2024-02-07,1800,Cash,Paid
P003830,MS03830,M01958,2024-03-04,13500,UPI,Paid
P003831,MS03831,M01958,2025-03-05,1530,UPI,Paid
P003832,MS03832,M01959,2025-04-24,1800,Net Banking,Paid
P003833,MS03833,M01959,2025-05-24,1710,UPI,Paid
P003834,MS03834,M01960,2025-02-12,4800,UPI,Paid
P003835,MS03835,M01961,2025-05-24,4320,Cash,Paid
P003836,MS03836,M01961,2025-08-24,1800,Debit Card,Paid
P003837,MS03837,M01961,2025-09-24,4560,UPI,Paid
P003838,MS03838,M01961,2025-12-24,4560,UPI,Paid
P003839,MS03839,M01962,2025-06-12,7650,UPI,Paid
P003840,MS03840,M01963,2024-05-18,1620,UPI,Paid
P003841,MS03841,M01963,2024-06-18,4080,Debit Card,Paid
P003842,MS03842,M01963,2024-09-15,1800,Net Banking,Paid
P003843,MS03843,M01964,2024-05-17,1620,UPI,Paid
P003844,MS03844,M01964,2024-06-15,1800,Net Banking,Paid
P003845,MS03845,M01965,2025-08-15,1620,UPI,Paid
P003846,MS03846,M01966,2024-12-06,15000,UPI,Paid
P003847,MS03847,M01966,2025-12-07,1800,Debit Card,Paid
P003848,MS03848,M01967,2024-10-09,1530,Net Banking,Paid
P003849,MS03849,M01967,2024-11-06,1710,UPI,Paid
P003850,MS03850,M01968,2024-07-03,1530,UPI,Paid
P003851,MS03851,M01968,2024-08-02,4800,Debit Card,Paid Late
P003852,MS03852,M01968,2024-11-02,4320,Debit Card,Paid
P003853,MS03853,M01968,2025-02-03,1800,UPI,Paid
P003854,MS03854,M01969,2025-02-11,1710,UPI,Paid
P003855,MS03855,M01969,2025-03-12,1800,UPI,Paid
P003856,MS03856,M01969,2025-04-11,4800,UPI,Paid Late
P003857,MS03857,M01970,2025-04-26,1800,Cash,Paid
P003858,MS03858,M01970,2025-05-26,1800,UPI,Paid
P003859,MS03859,M01970,2025-06-27,1800,UPI,Paid Late
P003860,MS03860,M01970,2025-07-28,1800,UPI,Paid
P003861,MS03861,M01970,2025-08-28,1710,Credit Card,Paid
P003862,MS03862,M01970,2025-09-29,15000,Net Banking,Paid
P003863,MS03863,M01971,2024-01-03,8500,Credit Card,Paid Late
P003864,MS03864,M01971,2024-07-02,8080,Credit Card,Paid Late
P003865,MS03865,M01971,2025-01-03,1800,UPI,Paid
P003866,MS03866,M01971,2025-02-05,8500,Credit Card,Paid
P003867,MS03867,M01971,2025-08-04,12750,UPI,Paid
P003868,MS03868,M01972,2024-12-18,4560,UPI,Paid
P003869,MS03869,M01973,2025-09-26,14250,Credit Card,Paid
P003870,MS03870,M01974,2024-07-01,1710,UPI,Paid
P003871,MS03871,M01975,2024-07-01,4560,UPI,Paid
P003872,MS03872,M01975,2024-10-01,4080,UPI,Paid
P003873,MS03873,M01975,2024-12-30,8080,UPI,Paid
P003874,MS03874,M01975,2025-06-30,1710,Cash,Paid
P003875,MS03875,M01976,2025-07-17,1620,Credit Card,Paid
P003876,MS03876,M01977,2024-02-11,1800,Cash,Paid
P003877,MS03877,M01977,2024-03-10,1800,UPI,Paid
P003878,MS03878,M01977,2024-04-09,14250,UPI,Paid
P003879,MS03879,M01978,2024-09-13,4560,Cash,Paid
P003880,MS03880,M01979,2024-10-19,1710,UPI,Paid
P003881,MS03881,M01980,2025-05-25,15000,UPI,Paid
P003882,MS03882,M01981,2024-03-24,4800,UPI,Paid
P003883,MS03883,M01981,2024-06-26,1800,UPI,Paid
P003884,MS03884,M01981,2024-07-24,1620,Credit Card,Paid
P003885,MS03885,M01982,2024-10-03,8080,UPI,Paid
P003886,MS03886,M01983,2024-04-10,4800,Net Banking,Paid
P003887,MS03887,M01983,2024-07-10,1710,UPI,Paid
P003888,MS03888,M01983,2024-08-09,15000,Debit Card,Paid
P003889,MS03889,M01983,2025-08-08,1800,Credit Card,Paid
P003890,MS03890,M01984,2025-05-17,4800,Debit Card,Paid
P003891,MS03891,M01985,2025-02-10,1800,UPI,Paid
P003892,MS03892,M01985,2025-03-09,1710,Cash,Paid Late
P003893,MS03893,M01986,2024-09-09,1710,UPI,Paid
P003894,MS03894,M01987,2024-04-10,1710,UPI,Paid
P003895,MS03895,M01987,2024-05-09,1800,UPI,Paid
P003896,MS03896,M01987,2024-06-09,4320,Credit Card,Paid Late
P003897,MS03897,M01987,2024-09-07,15000,UPI,Paid
P003898,MS03898,M01987,2025-09-07,4560,UPI,Paid
P003899,MS03899,M01988,2025-08-12,1800,Cash,Paid
P003900,MS03900,M01989,2025-02-20,4320,Debit Card,Paid
P003901,MS03901,M01990,2024-07-24,1620,Net Banking,Paid
P003902,MS03902,M01991,2024-09-21,4800,Credit Card,Paid
P003903,MS03903,M01992,2025-04-11,8500,Credit Card,Paid
P003904,MS03904,M01992,2025-10-11,4320,UPI,Paid
P003905,MS03905,M01993,2025-04-04,8500,Debit Card,Paid
P003906,MS03906,M01993,2025-10-06,4800,UPI,Paid
P003907,MS03907,M01994,2024-10-21,4800,UPI,Paid
P003908,MS03908,M01994,2025-01-23,1800,UPI,Paid
P003909,MS03909,M01994,2025-02-24,1530,UPI,Paid
P003910,MS03910,M01995,2024-07-15,4800,Credit Card,Paid
P003911,MS03911,M01995,2024-10-15,14250,Cash,Paid
P003912,MS03912,M01996,2025-02-28,1710,UPI,Paid
P003913,MS03913,M01997,2025-02-24,1620,Credit Card,Paid Late
P003914,MS03914,M01997,2025-03-25,1800,Credit Card,Paid
P003915,MS03915,M01998,2025-01-17,8500,Cash,Paid
P003916,MS03916,M01999,2024-02-19,1620,Credit Card,Paid Late
P003917,MS03917,M02000,2024-10-28,13500,UPI,Paid
P003918,MS03918,M02000,2025-10-30,1620,Cash,Paid
P003919,MS03919,M02001,2025-01-28,4560,Credit Card,Paid
P003920,MS03920,M02001,2025-04-26,1800,Credit Card,Paid
P003921,MS03921,M02002,2025-08-29,4560,Credit Card,Failed
P003922,MS03922,M02002,2025-11-29,1800,Debit Card,Paid
P003923,MS03923,M02002,2025-12-29,1710,Credit Card,Paid
P003924,MS03924,M02003,2024-12-02,15000,UPI,Paid
P003925,MS03925,M02004,2024-08-09,4800,Debit Card,Paid
P003926,MS03926,M02005,2024-12-21,15000,UPI,Paid Late
P003927,MS03927,M02005,2025-12-20,1800,UPI,Paid
P003928,MS03928,M02006,2024-04-25,1710,UPI,Paid
P003929,MS03929,M02006,2024-05-23,4320,UPI,Paid
P003930,MS03930,M02007,2024-02-29,1800,Cash,Paid
P003931,MS03931,M02007,2024-03-30,1800,Net Banking,Paid
P003932,MS03932,M02008,2025-03-08,4800,Debit Card,Paid
P003933,MS03933,M02008,2025-06-08,7220,Debit Card,Paid Late
P003934,MS03934,M02008,2025-12-09,4560,UPI,Paid
P003935,MS03935,M02009,2025-09-24,15000,Net Banking,Paid
P003936,MS03936,M02010,2025-06-23,1710,UPI,Paid
P003937,MS03937,M02011,2025-01-08,8500,UPI,Paid
P003938,MS03938,M02011,2025-07-08,4560,UPI,Paid
P003939,MS03939,M02011,2025-10-07,4560,Cash,Paid
P003940,MS03940,M02012,2024-01-27,4800,UPI,Paid
P003941,MS03941,M02013,2025-09-24,1620,UPI,Paid
P003942,MS03942,M02013,2025-10-23,1800,Debit Card,Paid
P003943,MS03943,M02014,2024-10-15,1710,Credit Card,Paid
P003944,MS03944,M02014,2024-11-16,8500,Credit Card,Paid
P003945,MS03945,M02014,2025-05-13,1800,Credit Card,Paid
P003946,MS03946,M02014,2025-06-14,4800,Debit Card,Paid Late
P003947,MS03947,M02015,2024-07-04,1710,Credit Card,Paid
P003948,MS03948,M02015,2024-08-03,1620,Net Banking,Paid
P003949,MS03949,M02016,2025-07-25,4320,UPI,Paid Late
P003950,MS03950,M02016,2025-10-24,15000,Debit Card,Paid
P003951,MS03951,M02017,2025-04-23,8500,UPI,Paid
P003952,MS03952,M02017,2025-10-23,15000,UPI,Paid
P003953,MS03953,M02018,2025-04-25,4800,UPI,Paid
P003954,MS03954,M02018,2025-07-25,7650,Debit Card,Paid
P003955,MS03955,M02019,2024-06-29,15000,UPI,Paid
P003956,MS03956,M02019,2025-06-28,1800,UPI,Paid
P003957,MS03957,M02020,2025-09-24,1800,Debit Card,Paid Late
P003958,MS03958,M02021,2024-10-17,4560,UPI,Paid Late
P003959,MS03959,M02021,2025-01-17,14250,UPI,Paid
P003960,MS03960,M02022,2024-12-06,13500,Debit Card,Failed
P003961,MS03961,M02022,2025-12-06,4800,UPI,Paid
P003962,MS03962,M02023,2025-04-24,4800,Net Banking,Paid
P003963,MS03963,M02023,2025-07-26,8500,UPI,Paid
P003964,MS03964,M02024,2025-02-26,7650,UPI,Paid
P003965,MS03965,M02024,2025-08-27,15000,UPI,Paid
P003966,MS03966,M02025,2024-04-20,1800,UPI,Paid
P003967,MS03967,M02025,2024-05-21,7650,UPI,Paid
P003968,MS03968,M02025,2024-11-21,4800,Cash,Paid
P003969,MS03969,M02026,2024-07-11,1620,Credit Card,Paid
P003970,MS03970,M02027,2024-08-19,1800,UPI,Paid
P003971,MS03971,M02028,2025-08-27,14250,Credit Card,Paid Late
P003972,MS03972,M02029,2025-04-02,15000,UPI,Paid
P003973,MS03973,M02030,2024-08-24,4800,UPI,Paid
P003974,MS03974,M02031,2025-04-13,1710,UPI,Paid
P003975,MS03975,M02032,2025-04-17,8080,Credit Card,Paid
P003976,MS03976,M02032,2025-10-16,1620,UPI,Paid
P003977,MS03977,M02032,2025-11-19,4320,UPI,Paid
P003978,MS03978,M02033,2024-09-08,1800,UPI,Paid
P003979,MS03979,M02034,2024-09-14,1800,UPI,Paid
P003980,MS03980,M02034,2024-10-15,1800,Cash,Paid
P003981,MS03981,M02035,2025-07-25,4560,UPI,Paid
P003982,MS03982,M02035,2025-10-27,14250,Debit Card,Paid
P003983,MS03983,M02036,2024-12-27,4800,UPI,Paid
P003984,MS03984,M02037,2024-04-08,1530,Credit Card,Paid
P003985,MS03985,M02038,2025-04-07,1800,UPI,Paid
P003986,MS03986,M02039,2025-01-11,1800,UPI,Paid
P003987,MS03987,M02040,2024-11-21,1800,Cash,Paid
P003988,MS03988,M02040,2024-12-23,4560,UPI,Paid
P003989,MS03989,M02041,2025-04-10,15000,UPI,Paid
P003990,MS03990,M02042,2024-07-29,1800,Cash,Paid
P003991,MS03991,M02042,2024-09-01,1620,UPI,Paid Late
P003992,MS03992,M02042,2024-10-02,13500,UPI,Paid
P003993,MS03993,M02042,2025-09-30,8080,Debit Card,Paid
P003994,MS03994,M02043,2024-09-24,4800,UPI,Paid
P003995,MS03995,M02043,2024-12-24,8080,Debit Card,Paid
P003996,MS03996,M02043,2025-06-24,4080,UPI,Paid
P003997,MS03997,M02043,2025-09-27,1800,UPI,Paid
P003998,MS03998,M02044,2024-05-01,4800,UPI,Paid
P003999,MS03999,M02044,2024-08-01,4800,Credit Card,Paid Late
P004000,MS04000,M02045,2025-02-17,4800,UPI,Paid Late
P004001,MS04001,M02046,2024-09-16,1800,Debit Card,Paid
P004002,MS04002,M02046,2024-10-13,1710,Debit Card,Paid
P004003,MS04003,M02046,2024-11-15,1530,UPI,Paid
P004004,MS04004,M02046,2024-12-13,1800,UPI,Paid
P004005,MS04005,M02047,2024-08-07,1800,Debit Card,Paid
P004006,MS04006,M02048,2025-03-22,1620,UPI,Paid
P004007,MS04007,M02049,2024-09-20,8500,Credit Card,Paid
P004008,MS04008,M02050,2024-10-25,1800,Cash,Paid
P004009,MS04009,M02051,2024-10-08,1800,Debit Card,Paid
P004010,MS04010,M02052,2024-06-15,1800,Credit Card,Paid
P004011,MS04011,M02053,2024-03-21,1710,Credit Card,Paid
P004012,MS04012,M02054,2025-06-13,1800,Debit Card,Paid Late
P004013,MS04013,M02054,2025-07-12,1800,UPI,Paid
P004014,MS04014,M02055,2024-03-02,1710,UPI,Paid
P004015,MS04015,M02055,2024-03-30,1800,Cash,Paid
P004016,MS04016,M02055,2024-04-28,4560,UPI,Paid
P004017,MS04017,M02056,2024-07-26,1800,Cash,Paid
P004018,MS04018,M02057,2025-03-04,8500,Debit Card,Paid
P004019,MS04019,M02057,2025-09-02,1800,Debit Card,Paid
P004020,MS04020,M02058,2024-03-26,1530,UPI,Paid
P004021,MS04021,M02059,2025-02-24,8500,Credit Card,Paid
P004022,MS04022,M02059,2025-08-22,8500,UPI,Paid
P004023,MS04023,M02060,2025-04-13,1800,Cash,Paid
P004024,MS04024,M02061,2025-02-28,4320,UPI,Paid
P004025,MS04025,M02061,2025-05-28,8080,UPI,Paid
P004026,MS04026,M02061,2025-11-28,8500,Cash,Paid
P004027,MS04027,M02062,2024-07-14,8500,UPI,Paid
P004028,MS04028,M02062,2025-01-16,1620,Credit Card,Paid
P004029,MS04029,M02062,2025-02-13,1800,Credit Card,Paid
P004030,MS04030,M02062,2025-03-14,1620,Debit Card,Paid
P004031,MS04031,M02063,2024-01-13,14250,UPI,Paid Late
P004032,MS04032,M02063,2025-01-13,1710,Credit Card,Paid
P004033,MS04033,M02063,2025-02-15,4800,UPI,Paid
P004034,MS04034,M02064,2025-07-21,1800,Cash,Paid
P004035,MS04035,M02065,2024-07-29,1800,UPI,Paid
P004036,MS04036,M02065,2024-08-29,1710,Credit Card,Paid
P004037,MS04037,M02066,2025-05-30,8080,UPI,Paid
P004038,MS04038,M02067,2024-05-07,1620,UPI,Paid
P004039,MS04039,M02068,2024-04-15,1530,Net Banking,Paid
P004040,MS04040,M02069,2025-05-11,1620,UPI,Paid
P004041,MS04041,M02069,2025-06-11,1800,UPI,Paid
P004042,MS04042,M02070,2025-08-25,1800,Credit Card,Paid
P004043,MS04043,M02070,2025-09-25,1710,Cash,Paid
P004044,MS04044,M02070,2025-10-23,1800,Credit Card,Paid
P004045,MS04045,M02070,2025-11-24,4320,UPI,Paid
P004046,MS04046,M02071,2025-07-03,1800,UPI,Paid
P004047,MS04047,M02072,2025-04-27,1710,UPI,Paid
P004048,MS04048,M02073,2024-06-09,1800,UPI,Paid
P004049,MS04049,M02074,2025-08-05,1710,UPI,Paid
P004050,MS04050,M02075,2025-03-02,1620,UPI,Paid
P004051,MS04051,M02075,2025-04-02,1710,UPI,Paid
P004052,MS04052,M02076,2024-04-22,1710,Cash,Paid
P004053,MS04053,M02076,2024-05-20,4800,Debit Card,Paid
P004054,MS04054,M02076,2024-08-22,14250,Debit Card,Paid
P004055,MS04055,M02076,2025-08-20,15000,UPI,Paid
P004056,MS04056,M02077,2024-03-23,4320,Debit Card,Paid
P004057,MS04057,M02077,2024-06-25,4560,UPI,Paid
P004058,MS04058,M02077,2024-09-26,15000,UPI,Paid
P004059,MS04059,M02077,2025-09-23,4800,Credit Card,Paid
P004060,MS04060,M02078,2025-07-09,1800,UPI,Paid
P004061,MS04061,M02079,2024-06-27,14250,Cash,Paid
P004062,MS04062,M02079,2025-06-24,1620,Credit Card,Paid
P004063,MS04063,M02080,2025-05-05,4560,Debit Card,Paid
P004064,MS04064,M02080,2025-08-04,1800,UPI,Paid
P004065,MS04065,M02080,2025-09-06,1710,UPI,Paid
P004066,MS04066,M02081,2024-03-29,1620,UPI,Paid
P004067,MS04067,M02081,2024-04-29,4320,UPI,Paid
P004068,MS04068,M02082,2024-06-30,7650,UPI,Paid
P004069,MS04069,M02082,2024-12-27,4320,Cash,Paid
P004070,MS04070,M02082,2025-03-29,4800,UPI,Paid
P004071,MS04071,M02082,2025-06-27,1710,UPI,Paid
P004072,MS04072,M02082,2025-07-28,1800,UPI,Paid
P004073,MS04073,M02083,2024-07-01,15000,Credit Card,Paid
P004074,MS04074,M02083,2025-06-29,4560,UPI,Paid
P004075,MS04075,M02083,2025-10-02,4320,Debit Card,Paid
P004076,MS04076,M02083,2025-12-29,4800,Credit Card,Paid
P004077,MS04077,M02084,2024-06-28,8080,UPI,Paid Late
P004078,MS04078,M02085,2025-03-07,1620,Cash,Paid Late
P004079,MS04079,M02086,2025-08-07,8080,Credit Card,Paid
P004080,MS04080,M02087,2025-08-05,1800,UPI,Paid
P004081,MS04081,M02088,2025-04-18,1710,UPI,Paid
P004082,MS04082,M02088,2025-05-20,4800,Credit Card,Paid
P004083,MS04083,M02088,2025-08-18,1800,UPI,Paid
P004084,MS04084,M02088,2025-09-20,14250,Debit Card,Paid
P004085,MS04085,M02089,2024-05-09,14250,Debit Card,Paid
P004086,MS04086,M02089,2025-05-10,4800,Debit Card,Paid
P004087,MS04087,M02089,2025-08-09,15000,Debit Card,Paid
P004088,MS04088,M02090,2025-09-06,8500,UPI,Paid
P004089,MS04089,M02091,2024-12-11,4800,Net Banking,Paid
P004090,MS04090,M02091,2025-03-12,1620,UPI,Paid
P004091,MS04091,M02092,2024-12-14,8500,Credit Card,Paid
P004092,MS04092,M02092,2025-06-15,4560,UPI,Paid
P004093,MS04093,M02092,2025-09-14,1800,UPI,Paid
P004094,MS04094,M02092,2025-10-14,4080,Net Banking,Paid
P004095,MS04095,M02093,2025-03-25,4800,Debit Card,Paid
P004096,MS04096,M02093,2025-06-23,1800,Credit Card,Paid
P004097,MS04097,M02093,2025-07-23,4560,Cash,Paid
P004098,MS04098,M02094,2025-05-08,4800,UPI,Paid
P004099,MS04099,M02094,2025-08-08,1800,Cash,Paid
P004100,MS04100,M02094,2025-09-07,12750,Debit Card,Paid
P004101,MS04101,M02095,2025-08-31,4560,Debit Card,Paid
P004102,MS04102,M02095,2025-12-01,4800,Credit Card,Paid
P004103,MS04103,M02096,2025-01-08,8500,Credit Card,Failed
P004104,MS04104,M02096,2025-07-09,7650,UPI,Paid
P004105,MS04105,M02097,2025-04-21,4800,Cash,Failed
P004106,MS04106,M02097,2025-07-20,1800,Debit Card,Paid
P004107,MS04107,M02097,2025-08-23,1620,UPI,Paid
P004108,MS04108,M02098,2024-06-11,1800,Credit Card,Failed
P004109,MS04109,M02099,2024-07-16,4560,UPI,Paid
P004110,MS04110,M02099,2024-10-18,1620,Cash,Paid Late
P004111,MS04111,M02099,2024-11-17,1800,Cash,Paid
P004112,MS04112,M02100,2025-02-03,8080,UPI,Paid
P004113,MS04113,M02101,2024-02-12,1800,UPI,Paid
P004114,MS04114,M02102,2024-07-24,1620,UPI,Paid
P004115,MS04115,M02103,2025-04-05,1530,Credit Card,Paid
P004116,MS04116,M02103,2025-05-06,4800,Credit Card,Paid
P004117,MS04117,M02103,2025-08-04,4800,Cash,Paid
P004118,MS04118,M02104,2025-09-17,1800,Debit Card,Paid
P004119,MS04119,M02104,2025-10-15,4800,Cash,Paid
P004120,MS04120,M02105,2024-11-27,4320,Credit Card,Paid
P004121,MS04121,M02106,2024-09-13,8500,UPI,Paid
P004122,MS04122,M02107,2024-10-07,1800,UPI,Paid
P004123,MS04123,M02107,2024-11-07,1710,Cash,Paid
P004124,MS04124,M02107,2024-12-08,4080,Debit Card,Paid
P004125,MS04125,M02107,2025-03-07,1800,Debit Card,Paid
P004126,MS04126,M02107,2025-04-09,15000,UPI,Paid
P004127,MS04127,M02108,2025-03-16,1800,UPI,Failed
P004128,MS04128,M02109,2024-12-14,14250,UPI,Paid
P004129,MS04129,M02109,2025-12-14,4320,UPI,Paid
P004130,MS04130,M02110,2024-01-15,4560,Cash,Paid Late
P004131,MS04131,M02111,2024-12-11,1620,UPI,Paid
P004132,MS04132,M02112,2024-09-13,4800,Cash,Paid Late
P004133,MS04133,M02112,2024-12-15,8080,UPI,Paid
P004134,MS04134,M02113,2025-03-26,1800,UPI,Paid
P004135,MS04135,M02114,2025-07-13,8080,UPI,Paid
P004136,MS04136,M02115,2025-09-08,1800,UPI,Paid
P004137,MS04137,M02115,2025-10-07,1710,UPI,Paid
P004138,MS04138,M02115,2025-11-08,15000,Debit Card,Paid
P004139,MS04139,M02116,2025-01-26,4800,Credit Card,Paid
P004140,MS04140,M02116,2025-04-26,12750,Credit Card,Paid Late
P004141,MS04141,M02117,2024-08-20,4800,Debit Card,Paid
P004142,MS04142,M02117,2024-11-19,1620,UPI,Paid
P004143,MS04143,M02118,2024-10-10,1530,UPI,Paid
P004144,MS04144,M02119,2024-04-22,1620,Debit Card,Paid
P004145,MS04145,M02120,2025-08-22,1800,UPI,Paid
P004146,MS04146,M02120,2025-09-23,1620,UPI,Paid
P004147,MS04147,M02120,2025-10-23,1530,UPI,Failed
P004148,MS04148,M02121,2025-06-26,7650,UPI,Paid
P004149,MS04149,M02122,2025-06-30,8500,UPI,Paid
P004150,MS04150,M02122,2025-12-29,1800,Credit Card,Paid
P004151,MS04151,M02123,2024-07-29,1800,Debit Card,Paid
P004152,MS04152,M02124,2024-07-26,1800,Debit Card,Paid
P004153,MS04153,M02125,2025-06-30,1800,Debit Card,Paid
P004154,MS04154,M02125,2025-07-30,4320,UPI,Failed
P004155,MS04155,M02125,2025-10-31,7650,UPI,Paid
P004156,MS04156,M02126,2024-12-14,8080,UPI,Paid
P004157,MS04157,M02126,2025-06-15,1800,Debit Card,Paid
P004158,MS04158,M02126,2025-07-14,15000,UPI,Paid
P004159,MS04159,M02127,2025-03-27,15000,Debit Card,Paid
P004160,MS04160,M02128,2024-11-09,1800,UPI,Paid
P004161,MS04161,M02129,2024-10-11,1710,UPI,Paid Late
P004162,MS04162,M02129,2024-11-09,4800,UPI,Paid Late
P004163,MS04163,M02129,2025-02-12,1620,Cash,Paid
P004164,MS04164,M02130,2025-02-07,1710,Credit Card,Paid
P004165,MS04165,M02130,2025-03-08,7220,Debit Card,Paid
P004166,MS04166,M02130,2025-09-09,4800,Debit Card,Paid
P004167,MS04167,M02131,2025-06-04,1710,UPI,Paid Late
P004168,MS04168,M02132,2024-08-04,1620,UPI,Failed
P004169,MS04169,M02132,2024-09-01,13500,UPI,Paid
P004170,MS04170,M02132,2025-09-02,1710,UPI,Paid
P004171,MS04171,M02133,2025-06-01,1530,UPI,Paid
P004172,MS04172,M02134,2024-06-04,15000,Cash,Paid
P004173,MS04173,M02134,2025-06-05,1800,Net Banking,Paid
P004174,MS04174,M02134,2025-07-06,1710,Debit Card,Paid
P004175,MS04175,M02134,2025-08-05,1710,UPI,Paid
P004176,MS04176,M02135,2024-09-15,8080,Credit Card,Paid
P004177,MS04177,M02135,2025-03-16,4560,UPI,Paid
P004178,MS04178,M02135,2025-06-15,1620,UPI,Paid
P004179,MS04179,M02135,2025-07-17,1800,Debit Card,Paid
P004180,MS04180,M02136,2025-08-07,4080,Cash,Paid
P004181,MS04181,M02137,2025-09-01,8500,UPI,Paid
P004182,MS04182,M02138,2025-08-14,7220,Cash,Paid
P004183,MS04183,M02139,2024-07-23,14250,Net Banking,Paid
P004184,MS04184,M02139,2025-07-23,4800,Net Banking,Paid
P004185,MS04185,M02139,2025-10-21,1800,UPI,Paid
P004186,MS04186,M02139,2025-11-22,1710,Net Banking,Paid
P004187,MS04187,M02140,2025-06-22,4320,UPI,Failed
P004188,MS04188,M02140,2025-09-23,1710,Debit Card,Paid
P004189,MS04189,M02140,2025-10-25,4320,Cash,Paid
P004190,MS04190,M02141,2025-08-21,8500,Cash,Paid Late
P004191,MS04191,M02142,2025-09-18,7650,Net Banking,Paid
P004192,MS04192,M02143,2024-01-15,4800,UPI,Paid
P004193,MS04193,M02144,2025-04-23,4800,UPI,Paid
P004194,MS04194,M02144,2025-07-22,15000,UPI,Paid
P004195,MS04195,M02145,2025-09-28,1800,Credit Card,Paid
P004196,MS04196,M02146,2025-05-03,4560,Credit Card,Paid
P004197,MS04197,M02146,2025-08-05,4560,UPI,Paid
P004198,MS04198,M02146,2025-11-02,4800,UPI,Paid
P004199,MS04199,M02147,2024-05-28,1800,UPI,Paid
P004200,MS04200,M02148,2025-05-02,15000,Debit Card,Paid
P004201,MS04201,M02149,2024-03-11,15000,Credit Card,Paid
P004202,MS04202,M02149,2025-03-09,4800,UPI,Paid
P004203,MS04203,M02149,2025-06-09,14250,Debit Card,Paid
P004204,MS04204,M02150,2024-11-04,1800,Credit Card,Paid
P004205,MS04205,M02151,2025-02-05,13500,Net Banking,Paid
P004206,MS04206,M02152,2024-10-20,8500,Credit Card,Paid
P004207,MS04207,M02152,2025-04-20,4800,UPI,Paid
P004208,MS04208,M02152,2025-07-20,7650,UPI,Paid
P004209,MS04209,M02153,2025-03-24,1710,Credit Card,Paid
P004210,MS04210,M02153,2025-04-22,1800,Debit Card,Paid
P004211,MS04211,M02153,2025-05-25,1530,UPI,Paid
P004212,MS04212,M02154,2024-06-03,4800,Debit Card,Paid Late
P004213,MS04213,M02155,2025-01-21,1620,UPI,Paid
P004214,MS04214,M02156,2025-02-18,4800,UPI,Paid
P004215,MS04215,M02157,2025-02-08,8500,Cash,Paid
P004216,MS04216,M02158,2024-07-03,1800,UPI,Paid
P004217,MS04217,M02159,2024-07-15,4800,UPI,Paid
P004218,MS04218,M02159,2024-10-13,1800,Debit Card,Paid
P004219,MS04219,M02159,2024-11-13,1710,UPI,Paid
P004220,MS04220,M02160,2024-06-16,4080,UPI,Paid Late
P004221,MS04221,M02160,2024-09-13,1800,Cash,Paid Late
P004222,MS04222,M02160,2024-10-14,4800,UPI,Paid
P004223,MS04223,M02161,2024-10-23,15000,Cash,Paid
P004224,MS04224,M02161,2025-10-23,7650,Cash,Paid
P004225,MS04225,M02162,2024-08-22,4800,UPI,Paid
P004226,MS04226,M02163,2024-09-20,4800,UPI,Paid
P004227,MS04227,M02163,2024-12-18,4560,UPI,Paid
P004228,MS04228,M02164,2024-07-01,4320,UPI,Paid
P004229,MS04229,M02165,2024-05-21,4800,UPI,Paid
P004230,MS04230,M02165,2024-08-22,4800,UPI,Paid
P004231,MS04231,M02165,2024-11-21,1620,UPI,Paid
P004232,MS04232,M02166,2025-02-23,7220,UPI,Paid
P004233,MS04233,M02166,2025-08-26,4800,UPI,Paid
P004234,MS04234,M02167,2025-06-07,7650,UPI,Paid
P004235,MS04235,M02167,2025-12-07,8500,UPI,Paid
P004236,MS04236,M02168,2024-07-07,1800,Credit Card,Paid
P004237,MS04237,M02168,2024-08-07,8500,UPI,Paid
P004238,MS04238,M02169,2025-07-04,1800,Cash,Paid
P004239,MS04239,M02170,2025-01-02,1800,Debit Card,Paid
P004240,MS04240,M02170,2025-02-01,4800,Debit Card,Paid
P004241,MS04241,M02170,2025-05-01,1800,Credit Card,Paid
P004242,MS04242,M02170,2025-06-01,1620,Cash,Paid Late
P004243,MS04243,M02170,2025-07-02,4320,UPI,Paid
P004244,MS04244,M02170,2025-10-03,7650,Cash,Paid Late
P004245,MS04245,M02171,2024-04-16,8500,UPI,Paid
P004246,MS04246,M02171,2024-10-16,4560,UPI,Paid Late
P004247,MS04247,M02171,2025-01-16,1530,Credit Card,Paid
P004248,MS04248,M02171,2025-02-19,1800,Credit Card,Paid Late
P004249,MS04249,M02172,2024-08-23,1800,UPI,Paid
P004250,MS04250,M02173,2024-01-07,1800,Credit Card,Paid
P004251,MS04251,M02174,2024-01-26,1800,UPI,Paid
P004252,MS04252,M02175,2024-08-04,4800,Cash,Paid
P004253,MS04253,M02176,2024-10-16,8080,UPI,Paid
P004254,MS04254,M02176,2025-04-17,8500,UPI,Paid
P004255,MS04255,M02176,2025-10-16,1800,Debit Card,Paid Late
P004256,MS04256,M02177,2025-05-25,1800,UPI,Paid
P004257,MS04257,M02177,2025-06-23,4320,UPI,Paid
P004258,MS04258,M02177,2025-09-25,8500,Credit Card,Failed
P004259,MS04259,M02178,2024-03-29,8500,Credit Card,Paid
P004260,MS04260,M02179,2025-06-20,1710,Debit Card,Failed
P004261,MS04261,M02179,2025-07-20,1530,UPI,Paid
P004262,MS04262,M02180,2024-06-01,4080,Debit Card,Paid
P004263,MS04263,M02180,2024-08-31,1620,UPI,Paid
P004264,MS04264,M02180,2024-10-02,8500,Cash,Paid
P004265,MS04265,M02180,2025-03-29,1800,Cash,Paid
P004266,MS04266,M02180,2025-05-02,1800,UPI,Failed
P004267,MS04267,M02181,2024-03-29,1800,Debit Card,Paid
P004268,MS04268,M02181,2024-04-30,1800,UPI,Paid
P004269,MS04269,M02181,2024-05-30,1530,Cash,Paid
P004270,MS04270,M02181,2024-06-29,1710,Cash,Paid
P004271,MS04271,M02181,2024-07-31,1800,Cash,Paid
P004272,MS04272,M02182,2025-03-23,8500,UPI,Paid
P004273,MS04273,M02183,2025-05-12,4560,UPI,Paid
P004274,MS04274,M02183,2025-08-12,15000,UPI,Paid
P004275,MS04275,M02184,2025-01-23,4080,UPI,Paid
P004276,MS04276,M02184,2025-04-20,1530,UPI,Paid
P004277,MS04277,M02185,2024-03-17,4800,UPI,Paid
P004278,MS04278,M02185,2024-06-17,15000,Debit Card,Paid
P004279,MS04279,M02185,2025-06-14,4080,Credit Card,Paid
P004280,MS04280,M02185,2025-09-15,1620,Cash,Paid
P004281,MS04281,M02186,2024-03-17,15000,UPI,Paid
P004282,MS04282,M02186,2025-03-17,8080,UPI,Paid
P004283,MS04283,M02186,2025-09-16,1800,UPI,Paid
P004284,MS04284,M02186,2025-10-14,1530,Credit Card,Paid
P004285,MS04285,M02187,2024-09-08,1710,Debit Card,Paid
P004286,MS04286,M02187,2024-10-07,7650,Credit Card,Paid
P004287,MS04287,M02187,2025-04-08,15000,UPI,Paid Late
P004288,MS04288,M02188,2024-10-14,13500,UPI,Paid Late
P004289,MS04289,M02188,2025-10-16,1800,Cash,Paid
P004290,MS04290,M02188,2025-11-16,1800,Debit Card,Paid
P004291,MS04291,M02189,2025-09-30,1800,UPI,Paid
P004292,MS04292,M02190,2024-07-02,1710,UPI,Paid
P004293,MS04293,M02191,2024-05-02,4800,UPI,Paid Late
P004294,MS04294,M02192,2025-08-26,4560,Credit Card,Paid
P004295,MS04295,M02193,2024-04-11,8500,Cash,Paid
P004296,MS04296,M02193,2024-10-11,8080,UPI,Paid
P004297,MS04297,M02193,2025-04-09,1800,UPI,Paid
P004298,MS04298,M02194,2024-01-17,8500,UPI,Paid
P004299,MS04299,M02195,2024-09-29,7650,UPI,Paid
P004300,MS04300,M02196,2024-09-12,1800,UPI,Paid
P004301,MS04301,M02196,2024-10-14,1800,Credit Card,Paid
P004302,MS04302,M02197,2025-01-30,8500,Debit Card,Paid
P004303,MS04303,M02197,2025-08-01,4320,Credit Card,Paid
P004304,MS04304,M02198,2025-07-13,1800,Debit Card,Paid
P004305,MS04305,M02199,2025-08-19,1620,UPI,Paid
P004306,MS04306,M02199,2025-09-21,1710,Cash,Paid
P004307,MS04307,M02200,2024-07-06,1620,Credit Card,Paid
P004308,MS04308,M02201,2025-09-19,7220,UPI,Paid
P004309,MS04309,M02202,2025-02-08,8080,UPI,Paid
P004310,MS04310,M02203,2024-02-17,14250,UPI,Paid
P004311,MS04311,M02203,2025-02-16,1620,UPI,Paid
P004312,MS04312,M02204,2025-08-21,1530,Debit Card,Paid
P004313,MS04313,M02204,2025-09-23,1620,UPI,Failed
P004314,MS04314,M02205,2024-03-29,4080,UPI,Paid
P004315,MS04315,M02206,2025-01-13,7650,Debit Card,Paid
P004316,MS04316,M02206,2025-07-13,1800,UPI,Paid
P004317,MS04317,M02206,2025-08-10,1800,Cash,Paid
P004318,MS04318,M02206,2025-09-11,4800,Credit Card,Paid Late
P004319,MS04319,M02206,2025-12-10,1800,UPI,Paid
P004320,MS04320,M02207,2025-05-19,14250,Credit Card,Paid
P004321,MS04321,M02208,2024-06-10,13500,Cash,Paid
P004322,MS04322,M02208,2025-06-11,1710,Net Banking,Paid
P004323,MS04323,M02209,2024-06-23,8500,Credit Card,Paid
P004324,MS04324,M02210,2024-10-30,4320,UPI,Paid
P004325,MS04325,M02210,2025-02-01,1800,UPI,Paid
P004326,MS04326,M02210,2025-03-03,1620,UPI,Paid
P004327,MS04327,M02210,2025-03-28,1800,UPI,Paid
P004328,MS04328,M02211,2025-07-20,1800,UPI,Paid
P004329,MS04329,M02212,2024-05-23,1530,Debit Card,Paid
P004330,MS04330,M02212,2024-06-25,4560,UPI,Paid
P004331,MS04331,M02212,2024-09-24,4800,UPI,Paid
P004332,MS04332,M02212,2024-12-25,7220,Net Banking,Paid
P004333,MS04333,M02212,2025-06-25,4800,Credit Card,Paid
P004334,MS04334,M02212,2025-09-24,1710,Debit Card,Paid
P004335,MS04335,M02213,2025-03-02,4080,UPI,Paid
P004336,MS04336,M02214,2024-10-16,1800,UPI,Paid
P004337,MS04337,M02215,2024-03-13,1800,Cash,Paid
P004338,MS04338,M02215,2024-04-12,1710,Debit Card,Paid
P004339,MS04339,M02216,2025-03-29,7220,UPI,Paid
P004340,MS04340,M02217,2025-06-18,1710,UPI,Paid
P004341,MS04341,M02217,2025-07-18,14250,Credit Card,Paid
P004342,MS04342,M02218,2024-04-23,4560,Credit Card,Paid
P004343,MS04343,M02219,2024-04-09,1800,Debit Card,Paid Late
P004344,MS04344,M02220,2024-09-27,1800,UPI,Paid
P004345,MS04345,M02221,2024-11-19,4800,UPI,Paid
P004346,MS04346,M02221,2025-02-19,1800,Credit Card,Paid
P004347,MS04347,M02221,2025-03-21,1620,Debit Card,Paid
P004348,MS04348,M02222,2024-12-20,1800,Debit Card,Paid
P004349,MS04349,M02222,2025-01-18,1530,UPI,Paid
P004350,MS04350,M02222,2025-02-19,8080,UPI,Paid
P004351,MS04351,M02223,2024-06-05,13500,Debit Card,Paid
P004352,MS04352,M02223,2025-06-06,1710,UPI,Paid
P004353,MS04353,M02223,2025-07-05,1620,Debit Card,Paid
P004354,MS04354,M02224,2024-11-16,1620,Net Banking,Paid
P004355,MS04355,M02224,2024-12-15,13500,Credit Card,Paid
P004356,MS04356,M02224,2025-12-15,1530,Debit Card,Paid
P004357,MS04357,M02225,2024-07-08,15000,UPI,Paid
P004358,MS04358,M02225,2025-07-07,4560,UPI,Paid
P004359,MS04359,M02225,2025-10-07,4800,UPI,Paid
P004360,MS04360,M02226,2025-03-14,8080,UPI,Paid
P004361,MS04361,M02226,2025-09-14,4560,UPI,Paid
P004362,MS04362,M02226,2025-12-16,15000,UPI,Paid
P004363,MS04363,M02227,2025-05-25,8080,UPI,Paid
P004364,MS04364,M02227,2025-11-24,1800,Cash,Paid
P004365,MS04365,M02228,2025-02-22,1800,Cash,Paid
P004366,MS04366,M02229,2024-01-02,1800,UPI,Paid
P004367,MS04367,M02230,2025-09-26,1800,UPI,Paid Late
P004368,MS04368,M02230,2025-10-27,4080,Debit Card,Paid
P004369,MS04369,M02231,2024-01-16,4800,Cash,Paid
P004370,MS04370,M02232,2025-09-29,1620,Debit Card,Paid
P004371,MS04371,M02233,2024-01-21,4800,Net Banking,Paid
P004372,MS04372,M02234,2024-11-27,1710,UPI,Failed
P004373,MS04373,M02235,2024-03-09,4320,UPI,Paid
P004374,MS04374,M02236,2024-03-04,8500,UPI,Paid
P004375,MS04375,M02236,2024-09-01,4560,UPI,Paid Late
P004376,MS04376,M02237,2025-03-12,4560,UPI,Paid
P004377,MS04377,M02237,2025-06-14,1620,UPI,Paid
P004378,MS04378,M02237,2025-07-13,1620,UPI,Paid
P004379,MS04379,M02237,2025-08-12,1710,Debit Card,Paid
P004380,MS04380,M02238,2025-04-10,13500,UPI,Paid
P004381,MS04381,M02239,2024-03-19,15000,Net Banking,Paid
P004382,MS04382,M02239,2025-03-18,4560,UPI,Paid
P004383,MS04383,M02239,2025-06-16,1800,Net Banking,Paid Late
P004384,MS04384,M02239,2025-07-18,1620,Net Banking,Paid
P004385,MS04385,M02240,2025-09-18,4800,Credit Card,Paid Late
P004386,MS04386,M02240,2025-12-16,1710,UPI,Paid
P004387,MS04387,M02241,2024-07-24,1620,Credit Card,Paid
P004388,MS04388,M02242,2024-07-24,1620,UPI,Paid
P004389,MS04389,M02242,2024-08-22,14250,Net Banking,Paid
P004390,MS04390,M02242,2025-08-23,1710,UPI,Paid
P004391,MS04391,M02243,2024-07-08,8500,UPI,Paid
P004392,MS04392,M02244,2024-10-22,1800,UPI,Paid
P004393,MS04393,M02244,2024-11-21,8080,UPI,Paid
P004394,MS04394,M02244,2025-05-24,4320,UPI,Paid
P004395,MS04395,M02244,2025-08-21,1800,Credit Card,Paid
P004396,MS04396,M02244,2025-09-21,1620,UPI,Paid Late
P004397,MS04397,M02244,2025-10-23,7220,UPI,Paid
P004398,MS04398,M02245,2024-04-24,1800,UPI,Paid
P004399,MS04399,M02246,2024-09-28,4560,UPI,Paid
P004400,MS04400,M02247,2024-05-14,8080,UPI,Paid
P004401,MS04401,M02248,2024-02-03,14250,Debit Card,Paid
P004402,MS04402,M02248,2025-02-05,7650,UPI,Paid
P004403,MS04403,M02248,2025-08-03,4800,Credit Card,Failed
P004404,MS04404,M02248,2025-11-02,7650,UPI,Paid
P004405,MS04405,M02249,2024-08-25,1800,UPI,Paid Late
P004406,MS04406,M02249,2024-09-24,8500,Cash,Paid
P004407,MS04407,M02250,2025-03-04,4560,UPI,Paid
P004408,MS04408,M02250,2025-06-05,8500,Credit Card,Paid
P004409,MS04409,M02250,2025-12-05,4800,Net Banking,Paid
P004410,MS04410,M02251,2025-05-03,14250,Credit Card,Paid
P004411,MS04411,M02252,2024-08-15,8500,UPI,Paid
P004412,MS04412,M02252,2025-02-13,1800,UPI,Paid
P004413,MS04413,M02252,2025-03-16,4800,Cash,Paid
P004414,MS04414,M02252,2025-06-13,1800,Credit Card,Paid
P004415,MS04415,M02253,2024-07-25,1710,UPI,Paid
P004416,MS04416,M02253,2024-08-28,1620,UPI,Paid
P004417,MS04417,M02254,2025-05-19,4800,UPI,Paid
P004418,MS04418,M02254,2025-08-19,4080,UPI,Paid
P004419,MS04419,M02254,2025-11-17,4800,Cash,Paid
P004420,MS04420,M02255,2025-03-12,1800,UPI,Paid
P004421,MS04421,M02256,2025-06-16,4560,UPI,Paid
P004422,MS04422,M02257,2025-08-04,8500,UPI,Paid
P004423,MS04423,M02258,2025-06-07,8500,Debit Card,Paid
P004424,MS04424,M02258,2025-12-08,1710,Credit Card,Paid
P004425,MS04425,M02259,2025-08-21,4560,Credit Card,Paid
P004426,MS04426,M02259,2025-11-21,1620,UPI,Paid
P004427,MS04427,M02260,2024-09-25,8500,Credit Card,Paid
P004428,MS04428,M02261,2024-09-10,8500,UPI,Paid
P004429,MS04429,M02261,2025-03-09,1710,UPI,Paid
P004430,MS04430,M02262,2024-07-24,4800,Debit Card,Paid
P004431,MS04431,M02262,2024-10-27,4560,UPI,Paid Late
P004432,MS04432,M02262,2025-01-25,15000,Debit Card,Paid
P004433,MS04433,M02263,2024-06-02,1620,Credit Card,Paid
P004434,MS04434,M02264,2025-04-25,7650,Credit Card,Paid
P004435,MS04435,M02264,2025-10-22,1710,UPI,Paid
P004436,MS04436,M02264,2025-11-23,4800,UPI,Paid
P004437,MS04437,M02265,2025-04-03,1800,Credit Card,Paid
P004438,MS04438,M02266,2025-05-29,1620,Cash,Paid
P004439,MS04439,M02266,2025-06-26,8080,Cash,Paid
P004440,MS04440,M02266,2025-12-29,1800,Net Banking,Paid
P004441,MS04441,M02267,2024-04-16,1800,Credit Card,Paid
P004442,MS04442,M02268,2024-11-10,4800,Credit Card,Paid
P004443,MS04443,M02268,2025-02-09,4800,Credit Card,Paid
P004444,MS04444,M02268,2025-05-11,1530,Net Banking,Paid
P004445,MS04445,M02269,2024-05-21,4320,Debit Card,Paid
P004446,MS04446,M02270,2025-07-25,8080,UPI,Paid
P004447,MS04447,M02271,2024-06-21,1620,UPI,Paid
P004448,MS04448,M02272,2024-04-02,4320,UPI,Paid
P004449,MS04449,M02273,2024-12-29,4320,UPI,Paid
P004450,MS04450,M02274,2025-07-16,1800,UPI,Paid
P004451,MS04451,M02275,2025-08-07,1710,Net Banking,Paid
P004452,MS04452,M02276,2024-03-03,1620,UPI,Paid
P004453,MS04453,M02277,2024-07-28,15000,UPI,Paid
P004454,MS04454,M02277,2025-07-26,4320,Credit Card,Paid
P004455,MS04455,M02278,2024-04-10,15000,Cash,Paid
P004456,MS04456,M02278,2025-04-09,4800,Debit Card,Paid
P004457,MS04457,M02279,2024-07-16,7650,UPI,Paid
P004458,MS04458,M02280,2024-12-07,1800,UPI,Paid
P004459,MS04459,M02281,2024-07-01,7650,UPI,Failed
P004460,MS04460,M02281,2024-12-31,4800,Debit Card,Paid
P004461,MS04461,M02281,2025-03-30,15000,UPI,Paid
P004462,MS04462,M02282,2024-02-14,1620,Cash,Paid
P004463,MS04463,M02282,2024-03-15,1800,Cash,Paid
P004464,MS04464,M02283,2024-11-23,1620,Credit Card,Paid
P004465,MS04465,M02284,2024-02-04,4800,Credit Card,Paid
P004466,MS04466,M02284,2024-05-04,1800,Credit Card,Paid
P004467,MS04467,M02285,2024-05-24,1800,Credit Card,Paid
P004468,MS04468,M02285,2024-06-24,1800,Cash,Paid
P004469,MS04469,M02285,2024-07-24,8500,UPI,Paid
P004470,MS04470,M02285,2025-01-27,14250,Credit Card,Paid
P004471,MS04471,M02286,2024-01-01,4800,UPI,Paid
P004472,MS04472,M02286,2024-04-02,7650,Debit Card,Paid
P004473,MS04473,M02286,2024-10-02,4800,Net Banking,Paid
P004474,MS04474,M02286,2025-01-03,1530,UPI,Paid
P004475,MS04475,M02286,2025-02-04,1710,UPI,Paid
P004476,MS04476,M02286,2025-03-02,15000,Debit Card,Paid
P004477,MS04477,M02287,2024-02-27,1800,UPI,Paid Late
P004478,MS04478,M02288,2024-10-08,8500,Debit Card,Paid
P004479,MS04479,M02288,2025-04-06,1800,UPI,Paid
P004480,MS04480,M02289,2025-06-29,14250,Debit Card,Failed
P004481,MS04481,M02290,2025-05-12,4560,Debit Card,Paid
P004482,MS04482,M02290,2025-08-09,1710,UPI,Paid
P004483,MS04483,M02291,2024-03-06,1620,Net Banking,Paid
P004484,MS04484,M02292,2024-01-23,12750,UPI,Paid
P004485,MS04485,M02292,2025-01-23,1620,UPI,Paid
P004486,MS04486,M02293,2024-08-04,1710,Debit Card,Paid
P004487,MS04487,M02294,2025-02-20,1800,Cash,Paid
P004488,MS04488,M02294,2025-03-22,1710,UPI,Paid
P004489,MS04489,M02294,2025-04-20,8500,Credit Card,Paid
P004490,MS04490,M02295,2025-04-24,1620,Credit Card,Paid
P004491,MS04491,M02295,2025-05-24,4800,UPI,Paid
P004492,MS04492,M02295,2025-08-22,1800,Net Banking,Paid
P004493,MS04493,M02296,2025-06-12,1530,Credit Card,Paid
P004494,MS04494,M02297,2024-08-06,1530,Debit Card,Paid
P004495,MS04495,M02297,2024-09-09,8500,Debit Card,Paid
P004496,MS04496,M02297,2025-03-07,8500,Debit Card,Paid
P004497,MS04497,M02297,2025-09-09,1710,UPI,Paid
P004498,MS04498,M02297,2025-10-08,1800,UPI,Paid
P004499,MS04499,M02298,2024-04-20,12750,UPI,Paid
P004500,MS04500,M02298,2025-04-17,7650,Credit Card,Paid
P004501,MS04501,M02298,2025-10-17,1710,Credit Card,Paid
P004502,MS04502,M02298,2025-11-19,8500,UPI,Paid
P004503,MS04503,M02299,2024-01-17,8500,UPI,Paid
P004504,MS04504,M02300,2024-04-06,14250,Credit Card,Paid
P004505,MS04505,M02300,2025-04-04,1800,Debit Card,Paid
P004506,MS04506,M02301,2024-02-12,1800,Cash,Paid
P004507,MS04507,M02301,2024-03-12,4560,UPI,Paid
P004508,MS04508,M02301,2024-06-11,1620,UPI,Paid
P004509,MS04509,M02301,2024-07-14,1800,UPI,Paid
P004510,MS04510,M02302,2025-07-06,1800,UPI,Paid
P004511,MS04511,M02303,2024-06-21,1530,UPI,Paid
P004512,MS04512,M02304,2025-06-10,4800,UPI,Paid
P004513,MS04513,M02304,2025-09-11,4800,UPI,Paid
P004514,MS04514,M02305,2024-12-19,1710,Credit Card,Paid
P004515,MS04515,M02305,2025-01-18,4800,Credit Card,Paid
P004516,MS04516,M02305,2025-04-18,1800,Credit Card,Paid
P004517,MS04517,M02306,2024-12-12,1800,UPI,Paid Late
P004518,MS04518,M02307,2024-10-20,1620,UPI,Paid
P004519,MS04519,M02307,2024-11-17,8080,Debit Card,Paid
P004520,MS04520,M02307,2025-05-20,1710,Cash,Failed
P004521,MS04521,M02308,2025-06-08,1710,Cash,Paid
P004522,MS04522,M02309,2024-01-30,4560,UPI,Paid
P004523,MS04523,M02310,2024-03-01,4800,Credit Card,Paid
P004524,MS04524,M02310,2024-05-31,1800,UPI,Paid
P004525,MS04525,M02310,2024-06-29,8500,Cash,Failed
P004526,MS04526,M02310,2024-12-30,1800,UPI,Paid
P004527,MS04527,M02310,2025-01-29,1800,UPI,Paid
P004528,MS04528,M02310,2025-02-28,4800,UPI,Paid
P004529,MS04529,M02310,2025-05-28,1800,UPI,Paid
P004530,MS04530,M02310,2025-06-29,1710,UPI,Paid
P004531,MS04531,M02311,2024-09-30,13500,UPI,Paid Late
P004532,MS04532,M02311,2025-09-29,1620,Credit Card,Paid
P004533,MS04533,M02311,2025-10-28,1710,UPI,Paid
P004534,MS04534,M02312,2024-09-10,1800,Net Banking,Paid
P004535,MS04535,M02312,2024-10-09,1800,Debit Card,Paid
P004536,MS04536,M02313,2024-12-15,1800,Debit Card,Paid
P004537,MS04537,M02313,2025-01-15,15000,UPI,Paid
P004538,MS04538,M02314,2025-04-15,4800,UPI,Paid
P004539,MS04539,M02314,2025-07-18,1530,UPI,Paid
P004540,MS04540,M02315,2025-01-12,4320,Debit Card,Paid
P004541,MS04541,M02315,2025-04-12,1800,Credit Card,Paid
P004542,MS04542,M02315,2025-05-11,1620,Net Banking,Paid
P004543,MS04543,M02315,2025-06-11,1800,UPI,Paid
P004544,MS04544,M02315,2025-07-10,14250,UPI,Paid Late
P004545,MS04545,M02316,2024-06-16,4320,Net Banking,Paid
P004546,MS04546,M02316,2024-09-14,4560,Credit Card,Paid
P004547,MS04547,M02316,2024-12-16,4560,Cash,Paid
P004548,MS04548,M02317,2024-07-28,12750,Credit Card,Paid
P004549,MS04549,M02317,2025-07-30,8080,Credit Card,Paid
P004550,MS04550,M02318,2025-04-26,13500,UPI,Paid
P004551,MS04551,M02319,2024-05-08,1800,UPI,Paid
P004552,MS04552,M02320,2024-11-18,15000,UPI,Failed
P004553,MS04553,M02320,2025-11-17,4800,Cash,Paid
P004554,MS04554,M02321,2024-12-10,15000,Debit Card,Paid
P004555,MS04555,M02321,2025-12-11,4800,UPI,Paid
P004556,MS04556,M02322,2025-04-24,4320,UPI,Paid
P004557,MS04557,M02322,2025-07-25,15000,Debit Card,Paid
P004558,MS04558,M02323,2025-04-01,4800,UPI,Paid
P004559,MS04559,M02323,2025-07-03,1800,Net Banking,Paid
P004560,MS04560,M02324,2024-10-26,8500,UPI,Paid
P004561,MS04561,M02324,2025-04-24,4320,Credit Card,Paid
P004562,MS04562,M02325,2024-07-16,1800,UPI,Paid Late
P004563,MS04563,M02325,2024-08-19,4800,Debit Card,Paid
P004564,MS04564,M02325,2024-11-16,8500,Cash,Paid
P004565,MS04565,M02326,2024-08-22,8500,UPI,Paid
P004566,MS04566,M02326,2025-02-25,4560,Credit Card,Paid
P004567,MS04567,M02326,2025-05-23,13500,Credit Card,Paid
P004568,MS04568,M02327,2024-09-20,1800,UPI,Paid Late
P004569,MS04569,M02328,2024-05-21,1620,Credit Card,Paid
P004570,MS04570,M02328,2024-06-19,1620,Debit Card,Paid
P004571,MS04571,M02329,2025-02-05,1710,UPI,Paid
P004572,MS04572,M02330,2024-05-12,1800,Debit Card,Paid
P004573,MS04573,M02331,2025-02-20,4800,Credit Card,Paid
P004574,MS04574,M02331,2025-05-18,4800,UPI,Paid
P004575,MS04575,M02332,2025-04-26,1620,Debit Card,Paid
P004576,MS04576,M02333,2025-09-08,1710,Credit Card,Paid
P004577,MS04577,M02333,2025-10-08,4080,UPI,Paid
P004578,MS04578,M02334,2024-03-18,1620,UPI,Paid
P004579,MS04579,M02335,2025-04-29,1620,UPI,Paid
P004580,MS04580,M02335,2025-05-30,13500,Net Banking,Paid
P004581,MS04581,M02336,2024-02-25,1530,Debit Card,Paid
P004582,MS04582,M02336,2024-03-25,4560,UPI,Paid
P004583,MS04583,M02336,2024-06-26,1800,Debit Card,Paid
P004584,MS04584,M02337,2024-08-03,7650,UPI,Paid
P004585,MS04585,M02337,2025-02-05,4560,Credit Card,Paid
P004586,MS04586,M02338,2024-04-25,8500,Debit Card,Paid
P004587,MS04587,M02339,2024-04-14,15000,UPI,Paid
P004588,MS04588,M02340,2024-04-21,15000,UPI,Paid
P004589,MS04589,M02340,2025-04-24,4320,Credit Card,Paid
P004590,MS04590,M02340,2025-07-23,4560,UPI,Paid
P004591,MS04591,M02340,2025-10-23,1800,Net Banking,Paid Late
P004592,MS04592,M02341,2024-01-30,1710,Debit Card,Paid
P004593,MS04593,M02342,2025-06-12,12750,UPI,Paid
P004594,MS04594,M02343,2024-09-12,4800,Net Banking,Paid Late
P004595,MS04595,M02343,2024-12-12,1800,UPI,Paid
P004596,MS04596,M02343,2025-01-11,1800,UPI,Paid
P004597,MS04597,M02344,2025-03-25,15000,UPI,Paid
P004598,MS04598,M02345,2025-07-01,4800,Debit Card,Paid
P004599,MS04599,M02346,2024-03-28,1800,UPI,Paid
P004600,MS04600,M02347,2025-09-23,4560,UPI,Paid
P004601,MS04601,M02347,2025-12-24,1800,UPI,Paid
P004602,MS04602,M02348,2025-02-21,1800,UPI,Paid
P004603,MS04603,M02349,2024-04-25,4800,Cash,Paid
P004604,MS04604,M02350,2024-10-16,4320,Cash,Paid
P004605,MS04605,M02350,2025-01-13,4800,UPI,Paid
P004606,MS04606,M02350,2025-04-14,1800,UPI,Paid
P004607,MS04607,M02351,2025-08-08,8500,UPI,Paid
P004608,MS04608,M02352,2024-09-07,1710,UPI,Paid
P004609,MS04609,M02352,2024-10-07,8500,Credit Card,Paid
P004610,MS04610,M02352,2025-04-10,15000,Debit Card,Paid
P004611,MS04611,M02353,2024-04-29,14250,UPI,Paid
P004612,MS04612,M02353,2025-04-29,4800,Credit Card,Paid Late
P004613,MS04613,M02354,2025-07-14,4320,Credit Card,Paid
P004614,MS04614,M02354,2025-10-13,1710,UPI,Paid
P004615,MS04615,M02355,2025-08-30,1800,UPI,Paid
P004616,MS04616,M02356,2025-09-16,1620,Cash,Paid Late
P004617,MS04617,M02356,2025-10-14,8080,Credit Card,Paid
P004618,MS04618,M02357,2025-09-03,1800,UPI,Paid
P004619,MS04619,M02358,2025-07-12,1800,Credit Card,Paid
P004620,MS04620,M02359,2024-10-17,15000,Cash,Paid
P004621,MS04621,M02359,2025-10-17,14250,UPI,Paid
P004622,MS04622,M02360,2024-05-05,4560,Credit Card,Paid
P004623,MS04623,M02361,2025-01-28,1710,Credit Card,Paid
P004624,MS04624,M02362,2024-05-23,1800,UPI,Paid
P004625,MS04625,M02363,2024-10-30,1800,Cash,Paid
P004626,MS04626,M02363,2024-12-01,1710,Credit Card,Paid Late
P004627,MS04627,M02363,2024-12-28,1800,Debit Card,Paid
P004628,MS04628,M02364,2025-02-24,15000,Cash,Paid
P004629,MS04629,M02365,2025-08-27,1800,Credit Card,Paid Late
P004630,MS04630,M02366,2024-07-05,4560,Cash,Paid
P004631,MS04631,M02367,2024-06-12,8500,Credit Card,Paid
P004632,MS04632,M02367,2024-12-09,1710,Cash,Paid
P004633,MS04633,M02367,2025-01-11,1800,Debit Card,Paid
P004634,MS04634,M02367,2025-02-12,1710,UPI,Paid
P004635,MS04635,M02367,2025-03-09,15000,UPI,Paid
P004636,MS04636,M02368,2025-04-14,1800,Net Banking,Paid
P004637,MS04637,M02368,2025-05-13,1800,UPI,Paid
P004638,MS04638,M02369,2024-01-07,1800,Cash,Paid
P004639,MS04639,M02369,2024-02-08,4800,UPI,Paid
P004640,MS04640,M02369,2024-05-06,1710,Credit Card,Paid
P004641,MS04641,M02370,2024-12-28,1710,UPI,Paid
P004642,MS04642,M02370,2025-01-28,4560,Debit Card,Paid
P004643,MS04643,M02371,2025-04-23,1710,UPI,Paid
P004644,MS04644,M02372,2024-12-20,8080,Credit Card,Paid
P004645,MS04645,M02373,2024-09-03,1800,UPI,Paid
P004646,MS04646,M02373,2024-10-04,1800,UPI,Paid
P004647,MS04647,M02374,2025-06-15,4560,Credit Card,Paid
P004648,MS04648,M02375,2024-08-27,1800,Debit Card,Paid
P004649,MS04649,M02375,2024-09-27,8500,Credit Card,Paid
P004650,MS04650,M02375,2025-03-26,1710,UPI,Paid
P004651,MS04651,M02376,2025-03-29,8500,UPI,Paid
P004652,MS04652,M02376,2025-10-01,1620,Debit Card,Paid
P004653,MS04653,M02376,2025-10-29,1710,Net Banking,Paid
P004654,MS04654,M02376,2025-12-01,15000,Credit Card,Paid
P004655,MS04655,M02377,2024-10-26,1800,Cash,Paid
P004656,MS04656,M02378,2024-01-19,4320,Debit Card,Paid
P004657,MS04657,M02378,2024-04-19,4800,UPI,Paid
P004658,MS04658,M02379,2024-12-07,4560,Net Banking,Paid
P004659,MS04659,M02380,2024-02-04,1620,UPI,Paid
P004660,MS04660,M02381,2025-08-18,8080,UPI,Paid
P004661,MS04661,M02382,2025-01-18,8080,Cash,Paid
P004662,MS04662,M02382,2025-07-20,4560,UPI,Failed
P004663,MS04663,M02383,2024-08-28,8500,Credit Card,Paid
P004664,MS04664,M02383,2025-02-28,1620,Cash,Paid
P004665,MS04665,M02384,2024-11-06,4320,Debit Card,Paid
P004666,MS04666,M02384,2025-02-06,4080,Credit Card,Paid
P004667,MS04667,M02384,2025-05-08,1800,Credit Card,Paid
P004668,MS04668,M02384,2025-06-07,4800,UPI,Paid
P004669,MS04669,M02384,2025-09-06,1800,UPI,Paid
P004670,MS04670,M02384,2025-10-06,14250,UPI,Paid Late
P004671,MS04671,M02385,2025-02-02,4800,UPI,Paid
P004672,MS04672,M02386,2024-06-16,1800,Debit Card,Paid
P004673,MS04673,M02387,2024-07-02,7650,Credit Card,Paid
P004674,MS04674,M02387,2025-01-05,4800,Cash,Paid
P004675,MS04675,M02388,2024-09-27,14250,Debit Card,Paid
P004676,MS04676,M02388,2025-09-24,8080,Credit Card,Paid
P004677,MS04677,M02389,2024-06-14,4080,Cash,Paid
P004678,MS04678,M02389,2024-09-15,8500,Debit Card,Paid
P004679,MS04679,M02389,2025-03-16,14250,UPI,Paid
P004680,MS04680,M02390,2025-04-29,1800,Credit Card,Paid
P004681,MS04681,M02391,2024-03-07,1800,UPI,Paid Late
P004682,MS04682,M02392,2025-06-12,4800,UPI,Paid
P004683,MS04683,M02392,2025-09-12,1710,UPI,Paid
P004684,MS04684,M02393,2024-08-10,1800,Credit Card,Paid
P004685,MS04685,M02394,2024-12-24,1710,UPI,Paid
P004686,MS04686,M02394,2025-01-26,14250,UPI,Paid
P004687,MS04687,M02395,2024-04-11,1800,Debit Card,Paid
P004688,MS04688,M02395,2024-05-12,1710,Net Banking,Paid
P004689,MS04689,M02396,2024-09-04,1800,Cash,Paid
P004690,MS04690,M02397,2025-04-27,1710,UPI,Paid
P004691,MS04691,M02398,2024-06-24,4560,UPI,Paid
P004692,MS04692,M02399,2024-03-26,1800,UPI,Paid
P004693,MS04693,M02399,2024-04-28,1800,UPI,Paid
P004694,MS04694,M02399,2024-05-27,4800,Cash,Paid
P004695,MS04695,M02400,2024-11-30,1710,UPI,Paid
P004696,MS04696,M02400,2024-12-29,1710,UPI,Paid
P004697,MS04697,M02400,2025-01-29,4560,UPI,Paid
P004698,MS04698,M02401,2024-04-13,4320,Debit Card,Paid
P004699,MS04699,M02401,2024-07-16,15000,Debit Card,Paid
P004700,MS04700,M02401,2025-07-16,15000,Debit Card,Paid
P004701,MS04701,M02402,2024-07-20,4320,Credit Card,Paid
P004702,MS04702,M02402,2024-10-21,4800,UPI,Paid
P004703,MS04703,M02402,2025-01-19,4320,UPI,Paid
P004704,MS04704,M02403,2024-10-16,4320,Credit Card,Paid
P004705,MS04705,M02403,2025-01-16,1620,Credit Card,Paid
P004706,MS04706,M02404,2024-12-25,1800,Cash,Paid
P004707,MS04707,M02404,2025-01-27,8500,Debit Card,Paid
P004708,MS04708,M02404,2025-07-27,7220,Credit Card,Paid
P004709,MS04709,M02405,2025-02-14,8080,Debit Card,Paid
P004710,MS04710,M02405,2025-08-11,1800,UPI,Paid
P004711,MS04711,M02405,2025-09-11,1800,Net Banking,Paid
P004712,MS04712,M02406,2025-03-08,1800,Debit Card,Failed
P004713,MS04713,M02407,2025-06-25,7220,Credit Card,Paid
P004714,MS04714,M02408,2024-02-14,15000,Cash,Paid
P004715,MS04715,M02408,2025-02-12,1620,Credit Card,Paid
P004716,MS04716,M02408,2025-03-14,4800,UPI,Paid
P004717,MS04717,M02409,2024-08-20,1620,UPI,Paid
P004718,MS04718,M02410,2024-01-04,1620,Cash,Paid
P004719,MS04719,M02410,2024-02-02,1800,Net Banking,Paid Late
P004720,MS04720,M02411,2024-01-09,1620,Debit Card,Paid
P004721,MS04721,M02412,2024-05-18,1800,UPI,Paid
P004722,MS04722,M02412,2024-06-17,1530,Credit Card,Paid
P004723,MS04723,M02412,2024-07-18,7220,UPI,Paid
P004724,MS04724,M02412,2025-01-17,4320,UPI,Paid
P004725,MS04725,M02412,2025-04-15,1620,UPI,Paid
P004726,MS04726,M02413,2025-01-17,7650,UPI,Paid
P004727,MS04727,M02414,2025-07-25,4800,Credit Card,Paid
P004728,MS04728,M02415,2025-05-11,1620,UPI,Paid
P004729,MS04729,M02415,2025-06-11,4320,Net Banking,Paid
P004730,MS04730,M02416,2025-02-18,1710,Credit Card,Paid
P004731,MS04731,M02416,2025-03-19,1710,UPI,Paid
P004732,MS04732,M02417,2025-05-13,14250,UPI,Paid
P004733,MS04733,M02418,2024-04-19,1800,UPI,Paid
P004734,MS04734,M02419,2025-06-22,7650,Debit Card,Paid Late
P004735,MS04735,M02419,2025-12-19,1800,Debit Card,Paid
P004736,MS04736,M02420,2025-07-23,1800,Cash,Paid
P004737,MS04737,M02421,2024-03-01,1800,UPI,Paid
P004738,MS04738,M02422,2024-10-28,1710,Credit Card,Paid
P004739,MS04739,M02423,2025-06-16,1800,UPI,Paid
P004740,MS04740,M02424,2024-10-31,4080,UPI,Failed
P004741,MS04741,M02424,2025-01-30,8080,Debit Card,Paid
P004742,MS04742,M02424,2025-07-30,4800,UPI,Paid
P004743,MS04743,M02424,2025-10-30,1800,UPI,Paid
P004744,MS04744,M02425,2025-06-21,1800,Credit Card,Paid
P004745,MS04745,M02425,2025-07-20,4080,UPI,Paid
P004746,MS04746,M02425,2025-10-23,14250,UPI,Paid Late
P004747,MS04747,M02426,2025-08-20,4800,Cash,Paid
P004748,MS04748,M02427,2024-11-01,4320,UPI,Paid
P004749,MS04749,M02428,2024-02-07,4560,UPI,Paid
P004750,MS04750,M02428,2024-05-08,4560,Cash,Paid
P004751,MS04751,M02429,2024-08-05,1530,Credit Card,Paid Late
P004752,MS04752,M02429,2024-09-07,1800,Cash,Paid
P004753,MS04753,M02429,2024-10-06,1800,Credit Card,Paid
P004754,MS04754,M02429,2024-11-07,1800,UPI,Paid
P004755,MS04755,M02430,2024-05-18,4800,UPI,Paid
P004756,MS04756,M02430,2024-08-20,4560,Net Banking,Paid Late
P004757,MS04757,M02430,2024-11-18,4800,UPI,Paid
P004758,MS04758,M02430,2025-02-20,15000,Cash,Paid
P004759,MS04759,M02431,2024-10-30,1710,UPI,Paid
P004760,MS04760,M02431,2024-11-30,1800,UPI,Paid
P004761,MS04761,M02431,2024-12-31,1800,UPI,Paid
P004762,MS04762,M02431,2025-01-31,1530,Credit Card,Paid
P004763,MS04763,M02432,2025-01-10,1800,UPI,Paid
P004764,MS04764,M02433,2024-10-25,8500,UPI,Paid
P004765,MS04765,M02433,2025-04-25,4800,Debit Card,Paid
P004766,MS04766,M02433,2025-07-25,1620,Cash,Paid
P004767,MS04767,M02433,2025-08-22,1800,UPI,Paid
P004768,MS04768,M02434,2024-05-06,4560,UPI,Paid
P004769,MS04769,M02434,2024-08-04,4800,Credit Card,Paid
P004770,MS04770,M02435,2024-07-14,8500,UPI,Paid
P004771,MS04771,M02435,2025-01-11,1800,UPI,Paid
P004772,MS04772,M02435,2025-02-14,7650,Credit Card,Paid
P004773,MS04773,M02435,2025-08-12,4800,Net Banking,Paid
P004774,MS04774,M02436,2025-03-09,1530,Debit Card,Paid Late
P004775,MS04775,M02436,2025-04-11,1710,Credit Card,Paid
P004776,MS04776,M02436,2025-05-09,1710,Cash,Paid
P004777,MS04777,M02437,2024-01-19,1710,UPI,Paid
P004778,MS04778,M02438,2024-05-17,1800,UPI,Paid
P004779,MS04779,M02439,2025-07-26,15000,UPI,Paid
P004780,MS04780,M02440,2024-03-07,4560,UPI,Paid
P004781,MS04781,M02441,2024-09-24,4800,Cash,Paid
P004782,MS04782,M02442,2024-05-13,4560,UPI,Paid
P004783,MS04783,M02442,2024-08-14,1710,Debit Card,Paid
P004784,MS04784,M02443,2024-03-09,1800,Debit Card,Paid
P004785,MS04785,M02444,2024-09-29,1710,Debit Card,Failed
P004786,MS04786,M02444,2024-10-26,4800,UPI,Paid
P004787,MS04787,M02445,2024-11-29,4800,Cash,Paid
P004788,MS04788,M02446,2024-04-22,1800,Cash,Paid
P004789,MS04789,M02447,2024-02-21,4560,UPI,Paid
P004790,MS04790,M02448,2024-03-29,4800,Credit Card,Paid
P004791,MS04791,M02448,2024-06-28,8500,Credit Card,Paid
P004792,MS04792,M02448,2024-12-26,13500,Credit Card,Paid
P004793,MS04793,M02448,2025-12-27,8500,UPI,Paid
P004794,MS04794,M02449,2025-02-20,4560,Credit Card,Paid
P004795,MS04795,M02449,2025-05-21,1800,UPI,Paid
P004796,MS04796,M02450,2025-07-05,4320,Credit Card,Paid
P004797,MS04797,M02450,2025-10-02,1710,UPI,Paid
P004798,MS04798,M02451,2024-04-25,4800,Cash,Paid
P004799,MS04799,M02451,2024-07-27,4320,UPI,Paid
P004800,MS04800,M02452,2024-07-24,4560,UPI,Paid
P004801,MS04801,M02453,2024-08-07,8500,UPI,Paid
P004802,MS04802,M02453,2025-02-08,7650,Cash,Paid
P004803,MS04803,M02453,2025-08-09,1620,Credit Card,Paid
P004804,MS04804,M02453,2025-09-09,1710,UPI,Paid
P004805,MS04805,M02454,2024-08-18,1710,UPI,Paid
P004806,MS04806,M02455,2024-06-06,1800,Net Banking,Paid
P004807,MS04807,M02456,2024-02-05,13500,Net Banking,Paid
P004808,MS04808,M02456,2025-02-07,4320,UPI,Paid
P004809,MS04809,M02456,2025-05-06,4800,UPI,Paid
P004810,MS04810,M02457,2024-12-03,1800,Net Banking,Paid
P004811,MS04811,M02457,2025-01-03,1800,Debit Card,Paid
P004812,MS04812,M02457,2025-02-03,4800,UPI,Paid
P004813,MS04813,M02457,2025-05-04,1530,UPI,Paid
P004814,MS04814,M02457,2025-06-01,4800,Debit Card,Paid
P004815,MS04815,M02457,2025-09-02,8080,UPI,Paid
P004816,MS04816,M02458,2024-08-16,1800,UPI,Paid
P004817,MS04817,M02458,2024-09-18,1620,Credit Card,Paid
P004818,MS04818,M02458,2024-10-17,1800,Cash,Paid
P004819,MS04819,M02458,2024-11-18,1800,UPI,Paid
P004820,MS04820,M02459,2024-08-09,4800,UPI,Paid
P004821,MS04821,M02459,2024-11-09,4800,Debit Card,Paid
P004822,MS04822,M02460,2024-06-17,4560,UPI,Paid
P004823,MS04823,M02461,2025-08-18,1800,Debit Card,Paid
P004824,MS04824,M02462,2025-01-26,1800,UPI,Paid
P004825,MS04825,M02463,2024-09-25,8500,Debit Card,Paid
P004826,MS04826,M02464,2024-05-12,1620,UPI,Failed
P004827,MS04827,M02464,2024-06-12,4560,UPI,Paid Late
P004828,MS04828,M02464,2024-09-14,15000,UPI,Paid
P004829,MS04829,M02465,2025-05-28,1800,Debit Card,Paid
P004830,MS04830,M02465,2025-06-29,1710,Credit Card,Paid
P004831,MS04831,M02466,2025-07-22,8080,Debit Card,Paid
P004832,MS04832,M02467,2024-01-24,1710,Debit Card,Paid
P004833,MS04833,M02468,2025-08-17,1800,UPI,Paid
P004834,MS04834,M02468,2025-09-19,1710,Credit Card,Paid
P004835,MS04835,M02468,2025-10-19,8500,Credit Card,Paid
P004836,MS04836,M02469,2025-03-23,1800,Debit Card,Paid
P004837,MS04837,M02470,2024-03-06,15000,UPI,Paid
P004838,MS04838,M02470,2025-03-05,4560,UPI,Paid
P004839,MS04839,M02471,2025-04-28,1710,UPI,Paid
P004840,MS04840,M02471,2025-05-28,1620,UPI,Paid
P004841,MS04841,M02471,2025-06-28,1800,UPI,Paid
P004842,MS04842,M02471,2025-07-25,15000,Net Banking,Paid Late
P004843,MS04843,M02472,2024-03-11,8500,UPI,Paid
P004844,MS04844,M02472,2024-09-11,1800,UPI,Paid
P004845,MS04845,M02472,2024-10-11,4800,Net Banking,Paid
P004846,MS04846,M02473,2024-02-02,15000,UPI,Paid
P004847,MS04847,M02473,2025-02-02,1800,Credit Card,Paid
P004848,MS04848,M02473,2025-03-03,4800,Cash,Paid
P004849,MS04849,M02473,2025-06-04,1710,Cash,Paid
P004850,MS04850,M02473,2025-07-05,8080,Credit Card,Paid
P004851,MS04851,M02474,2024-03-17,4800,Cash,Paid
P004852,MS04852,M02475,2024-10-22,1710,UPI,Paid
P004853,MS04853,M02476,2025-02-01,4560,UPI,Paid
P004854,MS04854,M02476,2025-04-30,4800,UPI,Paid
P004855,MS04855,M02476,2025-08-01,1710,UPI,Paid
P004856,MS04856,M02477,2024-09-19,8080,Cash,Paid
P004857,MS04857,M02478,2024-03-18,15000,Cash,Paid
P004858,MS04858,M02478,2025-03-21,1800,Cash,Paid
P004859,MS04859,M02479,2024-05-07,1620,UPI,Paid
P004860,MS04860,M02480,2025-06-27,8080,UPI,Paid
P004861,MS04861,M02480,2025-12-29,1800,UPI,Paid
P004862,MS04862,M02481,2025-09-07,1710,UPI,Failed
P004863,MS04863,M02482,2025-04-27,1620,UPI,Paid
P004864,MS04864,M02482,2025-05-29,1710,Cash,Paid
P004865,MS04865,M02482,2025-06-27,8500,Credit Card,Paid
P004866,MS04866,M02482,2025-12-28,8080,Credit Card,Paid
P004867,MS04867,M02483,2024-03-06,1620,Net Banking,Failed
P004868,MS04868,M02484,2025-06-10,4800,Debit Card,Paid
P004869,MS04869,M02485,2025-03-18,14250,UPI,Paid
P004870,MS04870,M02486,2024-12-01,1800,Credit Card,Paid
P004871,MS04871,M02487,2024-04-03,4560,UPI,Paid Late
P004872,MS04872,M02488,2025-09-27,1620,Credit Card,Paid
P004873,MS04873,M02488,2025-10-30,15000,Debit Card,Paid
P004874,MS04874,M02489,2024-10-12,4800,UPI,Paid
P004875,MS04875,M02489,2025-01-11,4800,UPI,Paid
P004876,MS04876,M02490,2024-01-30,1800,Net Banking,Paid
P004877,MS04877,M02490,2024-03-01,4800,UPI,Paid
P004878,MS04878,M02490,2024-05-29,1800,Credit Card,Paid
P004879,MS04879,M02491,2024-05-15,1800,UPI,Paid
P004880,MS04880,M02491,2024-06-16,15000,UPI,Paid
P004881,MS04881,M02492,2024-09-13,1530,UPI,Paid
P004882,MS04882,M02492,2024-10-14,4800,Credit Card,Paid
P004883,MS04883,M02493,2024-02-09,1620,Cash,Paid
P004884,MS04884,M02493,2024-03-09,4320,Credit Card,Paid
P004885,MS04885,M02493,2024-06-09,4320,Debit Card,Paid
P004886,MS04886,M02493,2024-09-12,1800,Net Banking,Paid
P004887,MS04887,M02494,2024-07-27,1710,Cash,Paid
P004888,MS04888,M02494,2024-08-26,14250,Credit Card,Paid
P004889,MS04889,M02494,2025-08-28,7650,Debit Card,Paid
P004890,MS04890,M02495,2024-10-28,1800,UPI,Paid
P004891,MS04891,M02495,2024-11-27,1800,UPI,Paid
P004892,MS04892,M02495,2024-12-27,1800,UPI,Paid
P004893,MS04893,M02495,2025-01-26,4800,UPI,Paid
P004894,MS04894,M02495,2025-04-25,8080,UPI,Paid
P004895,MS04895,M02496,2025-08-30,14250,Cash,Paid
P004896,MS04896,M02497,2024-02-28,1710,UPI,Paid
P004897,MS04897,M02498,2025-01-05,4800,Cash,Paid
P004898,MS04898,M02499,2025-08-08,1620,UPI,Paid
P004899,MS04899,M02500,2025-06-01,8500,UPI,Paid
P004900,MS04900,M02500,2025-11-30,4560,Debit Card,Paid
P004901,MS04901,M02501,2025-08-16,4320,UPI,Paid
P004902,MS04902,M02501,2025-11-16,1710,Debit Card,Paid
P004903,MS04903,M02502,2024-04-20,13500,UPI,Paid
P004904,MS04904,M02502,2025-04-20,4320,Credit Card,Paid
P004905,MS04905,M02502,2025-07-21,1710,Credit Card,Paid
P004906,MS04906,M02502,2025-08-20,15000,Credit Card,Paid
P004907,MS04907,M02503,2025-05-28,15000,Debit Card,Paid
P004908,MS04908,M02504,2025-09-18,1530,UPI,Paid
P004909,MS04909,M02505,2024-07-27,1620,UPI,Paid
P004910,MS04910,M02506,2024-11-14,1800,Debit Card,Paid
P004911,MS04911,M02507,2024-12-06,1710,Credit Card,Paid
P004912,MS04912,M02507,2025-01-04,4800,UPI,Paid
P004913,MS04913,M02507,2025-04-05,1530,Credit Card,Paid
P004914,MS04914,M02507,2025-05-06,1800,UPI,Paid
P004915,MS04915,M02507,2025-06-05,8500,Debit Card,Paid
P004916,MS04916,M02507,2025-12-05,4320,UPI,Paid
P004917,MS04917,M02508,2024-11-13,1620,UPI,Paid Late
P004918,MS04918,M02509,2024-07-04,12750,Debit Card,Paid
P004919,MS04919,M02509,2025-07-06,1800,Cash,Paid
P004920,MS04920,M02510,2025-09-14,15000,UPI,Paid Late
P004921,MS04921,M02511,2024-08-30,1800,Cash,Paid
P004922,MS04922,M02511,2024-10-03,1710,UPI,Paid
P004923,MS04923,M02511,2024-11-02,4560,UPI,Paid
P004924,MS04924,M02512,2025-05-30,1800,Debit Card,Paid
P004925,MS04925,M02513,2024-09-13,4800,Credit Card,Paid
P004926,MS04926,M02513,2024-12-11,15000,UPI,Paid
P004927,MS04927,M02513,2025-12-12,13500,Credit Card,Paid
P004928,MS04928,M02514,2025-05-24,8500,Debit Card,Paid
P004929,MS04929,M02515,2025-01-09,4560,Debit Card,Paid
P004930,MS04930,M02516,2024-10-29,8500,Debit Card,Paid
P004931,MS04931,M02516,2025-04-27,8080,Credit Card,Paid
P004932,MS04932,M02516,2025-10-26,1530,Debit Card,Paid
P004933,MS04933,M02516,2025-11-27,4560,UPI,Paid
P004934,MS04934,M02517,2024-03-24,1800,UPI,Paid
P004935,MS04935,M02517,2024-04-23,15000,UPI,Paid
P004936,MS04936,M02517,2025-04-23,4320,Net Banking,Paid
P004937,MS04937,M02517,2025-07-24,1710,Cash,Paid
P004938,MS04938,M02518,2025-02-23,4800,Cash,Paid
P004939,MS04939,M02519,2024-07-26,4320,UPI,Paid
P004940,MS04940,M02520,2024-05-20,8500,UPI,Paid
P004941,MS04941,M02520,2024-11-21,4800,UPI,Paid
P004942,MS04942,M02520,2025-02-19,1620,UPI,Paid
P004943,MS04943,M02521,2024-05-05,4320,Credit Card,Paid
P004944,MS04944,M02521,2024-08-05,8500,Debit Card,Paid
P004945,MS04945,M02521,2025-02-05,4320,Credit Card,Paid
P004946,MS04946,M02522,2025-09-18,13500,Credit Card,Paid
P004947,MS04947,M02523,2024-03-08,1800,UPI,Paid
P004948,MS04948,M02524,2025-05-25,4800,Credit Card,Paid
P004949,MS04949,M02524,2025-08-24,8500,UPI,Paid Late
P004950,MS04950,M02525,2025-07-07,1710,UPI,Paid
P004951,MS04951,M02526,2024-01-21,1620,Cash,Paid
P004952,MS04952,M02527,2025-01-11,1620,Credit Card,Paid
P004953,MS04953,M02528,2025-01-04,4800,UPI,Paid
P004954,MS04954,M02528,2025-04-05,1800,UPI,Paid
P004955,MS04955,M02529,2024-08-17,15000,Credit Card,Paid
P004956,MS04956,M02529,2025-08-16,4560,UPI,Paid
P004957,MS04957,M02530,2025-03-03,1710,Net Banking,Paid
P004958,MS04958,M02530,2025-04-02,1710,UPI,Paid
P004959,MS04959,M02530,2025-05-03,1800,UPI,Paid
P004960,MS04960,M02530,2025-06-03,1800,UPI,Paid
P004961,MS04961,M02530,2025-07-01,4560,Cash,Failed
P004962,MS04962,M02531,2024-09-17,13500,Credit Card,Paid
P004963,MS04963,M02531,2025-09-19,1800,Credit Card,Paid
P004964,MS04964,M02532,2024-10-07,14250,Debit Card,Paid
P004965,MS04965,M02532,2025-10-08,1800,Credit Card,Paid
P004966,MS04966,M02533,2024-10-05,1800,UPI,Paid
P004967,MS04967,M02534,2025-05-26,7650,Debit Card,Paid
P004968,MS04968,M02534,2025-11-26,1710,UPI,Paid
P004969,MS04969,M02535,2025-02-07,15000,UPI,Paid
P004970,MS04970,M02536,2024-08-30,1710,UPI,Paid
P004971,MS04971,M02536,2024-10-02,1800,Credit Card,Paid
P004972,MS04972,M02536,2024-10-30,4800,Credit Card,Paid Late
P004973,MS04973,M02537,2025-08-17,4800,UPI,Paid
P004974,MS04974,M02537,2025-11-16,1800,Credit Card,Paid
P004975,MS04975,M02538,2025-05-28,15000,UPI,Paid
P004976,MS04976,M02539,2025-08-18,8080,UPI,Paid
P004977,MS04977,M02540,2025-04-13,1800,Credit Card,Paid
P004978,MS04978,M02540,2025-05-12,14250,UPI,Paid
P004979,MS04979,M02541,2024-09-09,15000,Cash,Paid
P004980,MS04980,M02541,2025-09-06,14250,Credit Card,Paid
P004981,MS04981,M02542,2025-05-08,1800,UPI,Paid
P004982,MS04982,M02543,2024-07-31,1620,UPI,Paid
P004983,MS04983,M02544,2024-06-21,1620,Cash,Paid
P004984,MS04984,M02545,2024-10-15,8500,UPI,Paid Late
P004985,MS04985,M02545,2025-04-14,1800,UPI,Paid
P004986,MS04986,M02546,2025-09-10,15000,Debit Card,Failed
P004987,MS04987,M02547,2024-12-29,14250,UPI,Paid
P004988,MS04988,M02547,2025-12-29,1710,UPI,Paid
P004989,MS04989,M02548,2024-09-04,1800,Credit Card,Paid
P004990,MS04990,M02549,2024-10-24,7220,Debit Card,Paid
P004991,MS04991,M02550,2024-07-05,4080,UPI,Paid Late
P004992,MS04992,M02550,2024-10-07,4800,UPI,Paid Late
P004993,MS04993,M02550,2025-01-07,1620,Credit Card,Paid
P004994,MS04994,M02550,2025-02-05,1530,Debit Card,Paid Late
P004995,MS04995,M02551,2025-02-25,8080,UPI,Paid
P004996,MS04996,M02551,2025-08-24,1620,UPI,Paid Late
P004997,MS04997,M02552,2024-08-14,1800,UPI,Paid
P004998,MS04998,M02552,2024-09-12,4800,UPI,Paid
P004999,MS04999,M02552,2024-12-11,1710,UPI,Paid
P005000,MS05000,M02553,2024-12-22,1800,UPI,Paid
P005001,MS05001,M02553,2025-01-20,4800,Debit Card,Paid
P005002,MS05002,M02554,2024-08-25,1620,UPI,Paid
P005003,MS05003,M02554,2024-09-24,4560,Credit Card,Paid
P005004,MS05004,M02554,2024-12-23,1800,Net Banking,Paid
P005005,MS05005,M02555,2024-07-23,14250,UPI,Failed
P005006,MS05006,M02555,2025-07-23,1800,UPI,Paid
P005007,MS05007,M02556,2025-09-11,1800,Credit Card,Paid
P005008,MS05008,M02556,2025-10-12,1530,Debit Card,Paid
P005009,MS05009,M02556,2025-11-14,1800,UPI,Paid
P005010,MS05010,M02556,2025-12-13,1800,Net Banking,Paid
P005011,MS05011,M02557,2024-08-10,1620,Credit Card,Paid
P005012,MS05012,M02558,2024-02-15,8500,Debit Card,Paid
P005013,MS05013,M02558,2024-08-16,15000,Cash,Paid
P005014,MS05014,M02558,2025-08-15,1800,UPI,Paid
P005015,MS05015,M02559,2024-08-31,4800,UPI,Paid
P005016,MS05016,M02559,2024-12-02,1800,Credit Card,Paid
P005017,MS05017,M02560,2024-12-07,4800,Debit Card,Paid
P005018,MS05018,M02560,2025-03-07,4800,Debit Card,Paid
P005019,MS05019,M02561,2024-03-01,8500,UPI,Failed
P005020,MS05020,M02562,2024-07-14,1800,Debit Card,Paid Late
P005021,MS05021,M02563,2024-04-16,8080,UPI,Paid
P005022,MS05022,M02564,2024-11-16,1620,UPI,Paid
P005023,MS05023,M02565,2025-04-06,8500,UPI,Failed
P005024,MS05024,M02565,2025-10-08,15000,UPI,Paid
P005025,MS05025,M02566,2025-09-09,1800,UPI,Paid
P005026,MS05026,M02566,2025-10-09,4800,UPI,Paid
P005027,MS05027,M02567,2024-09-06,15000,UPI,Paid
P005028,MS05028,M02567,2025-09-08,1710,Debit Card,Paid
P005029,MS05029,M02568,2025-07-06,8500,UPI,Paid Late
P005030,MS05030,M02569,2024-05-17,1710,Debit Card,Paid
P005031,MS05031,M02569,2024-06-18,4800,UPI,Paid
P005032,MS05032,M02570,2025-05-13,1710,UPI,Paid
P005033,MS05033,M02570,2025-06-15,4080,Debit Card,Paid
P005034,MS05034,M02570,2025-09-15,1710,UPI,Paid
P005035,MS05035,M02570,2025-10-14,1800,UPI,Paid
P005036,MS05036,M02570,2025-11-12,8500,Cash,Paid
P005037,MS05037,M02571,2024-12-26,1800,UPI,Paid
P005038,MS05038,M02572,2025-05-01,7650,UPI,Paid
P005039,MS05039,M02572,2025-10-29,1800,Cash,Paid
P005040,MS05040,M02573,2025-04-28,7650,Cash,Paid
P005041,MS05041,M02574,2024-12-05,1530,UPI,Paid
P005042,MS05042,M02575,2024-06-15,1800,UPI,Paid
P005043,MS05043,M02576,2024-12-02,1800,UPI,Paid
P005044,MS05044,M02576,2025-01-03,4320,Credit Card,Paid
P005045,MS05045,M02577,2025-06-11,15000,Cash,Paid
P005046,MS05046,M02578,2025-09-13,1710,Credit Card,Paid
P005047,MS05047,M02579,2025-08-14,8080,UPI,Paid
P005048,MS05048,M02580,2024-04-27,1710,UPI,Paid Late
P005049,MS05049,M02580,2024-05-28,1620,Credit Card,Paid
P005050,MS05050,M02580,2024-06-27,1800,Credit Card,Paid
P005051,MS05051,M02580,2024-07-28,1800,Debit Card,Paid
P005052,MS05052,M02581,2025-01-18,1800,UPI,Paid
P005053,MS05053,M02582,2024-03-09,4560,Cash,Paid
P005054,MS05054,M02583,2025-03-03,4800,Credit Card,Paid
P005055,MS05055,M02584,2025-09-27,1710,UPI,Paid Late
P005056,MS05056,M02585,2024-02-04,8080,Net Banking,Paid
P005057,MS05057,M02585,2024-08-04,1620,UPI,Paid Late
P005058,MS05058,M02585,2024-09-04,13500,Cash,Paid
P005059,MS05059,M02585,2025-09-03,1620,UPI,Paid
P005060,MS05060,M02585,2025-10-05,1800,Cash,Paid
P005061,MS05061,M02585,2025-11-03,1620,Cash,Paid
P005062,MS05062,M02586,2025-02-24,1710,UPI,Paid
P005063,MS05063,M02586,2025-03-24,4800,Debit Card,Paid
P005064,MS05064,M02587,2025-08-27,8080,Credit Card,Paid
P005065,MS05065,M02588,2025-06-24,4800,UPI,Paid
P005066,MS05066,M02589,2024-09-10,12750,UPI,Paid
P005067,MS05067,M02589,2025-09-07,4800,UPI,Paid
P005068,MS05068,M02589,2025-12-09,4080,Credit Card,Paid
P005069,MS05069,M02590,2024-03-09,8500,Credit Card,Paid
P005070,MS05070,M02590,2024-09-09,4560,Net Banking,Paid
P005071,MS05071,M02590,2024-12-08,4800,Cash,Paid
P005072,MS05072,M02591,2025-08-15,14250,Debit Card,Paid Late
P005073,MS05073,M02592,2025-08-12,1710,Credit Card,Paid
P005074,MS05074,M02593,2025-01-04,1710,UPI,Paid
P005075,MS05075,M02594,2025-09-18,1710,UPI,Paid
P005076,MS05076,M02595,2024-01-05,7220,Net Banking,Paid
P005077,MS05077,M02596,2025-01-30,4800,UPI,Paid
P005078,MS05078,M02596,2025-04-29,1710,Net Banking,Paid Late
P005079,MS05079,M02596,2025-05-31,1620,Debit Card,Paid
P005080,MS05080,M02596,2025-06-28,1710,Cash,Paid Late
P005081,MS05081,M02596,2025-07-28,4800,Credit Card,Paid
P005082,MS05082,M02597,2024-01-28,4560,Net Banking,Failed
P005083,MS05083,M02597,2024-04-27,4800,UPI,Paid
P005084,MS05084,M02597,2024-07-28,1800,UPI,Paid Late
P005085,MS05085,M02597,2024-08-28,1800,Net Banking,Paid
P005086,MS05086,M02597,2024-09-25,8080,Cash,Paid
P005087,MS05087,M02597,2025-03-27,1800,Cash,Paid
P005088,MS05088,M02598,2025-08-20,1620,UPI,Paid
P005089,MS05089,M02599,2025-03-10,1620,Debit Card,Paid
P005090,MS05090,M02600,2025-08-08,8080,Net Banking,Paid
P005091,MS05091,M02601,2024-12-25,4800,UPI,Paid
P005092,MS05092,M02601,2025-03-24,4800,UPI,Paid
P005093,MS05093,M02602,2024-02-25,15000,UPI,Paid
P005094,MS05094,M02602,2025-02-25,1800,UPI,Paid
P005095,MS05095,M02602,2025-03-25,15000,UPI,Paid
P005096,MS05096,M02603,2024-01-20,1800,UPI,Paid
P005097,MS05097,M02604,2024-08-03,8500,UPI,Paid
P005098,MS05098,M02604,2025-02-02,14250,Cash,Paid
P005099,MS05099,M02605,2025-04-22,1710,Debit Card,Paid
P005100,MS05100,M02605,2025-05-22,1710,UPI,Paid
P005101,MS05101,M02605,2025-06-20,4320,Cash,Paid
P005102,MS05102,M02606,2024-04-09,4800,UPI,Paid
P005103,MS05103,M02607,2025-06-28,8500,Cash,Paid
P005104,MS05104,M02608,2024-06-01,14250,Credit Card,Paid
P005105,MS05105,M02608,2025-06-03,4800,Debit Card,Paid
P005106,MS05106,M02608,2025-09-01,1710,Credit Card,Paid
P005107,MS05107,M02609,2024-11-12,1800,UPI,Paid
P005108,MS05108,M02609,2024-12-15,1800,UPI,Paid
P005109,MS05109,M02609,2025-01-14,1800,Credit Card,Paid
P005110,MS05110,M02610,2024-05-10,4320,UPI,Paid
P005111,MS05111,M02610,2024-08-12,1800,UPI,Paid
P005112,MS05112,M02610,2024-09-10,1620,UPI,Paid
P005113,MS05113,M02610,2024-10-09,1800,Debit Card,Paid
P005114,MS05114,M02610,2024-11-10,4800,UPI,Paid
P005115,MS05115,M02610,2025-02-10,8500,UPI,Paid
P005116,MS05116,M02610,2025-08-11,4800,Credit Card,Paid
P005117,MS05117,M02611,2024-10-27,8500,UPI,Paid
P005118,MS05118,M02611,2025-04-26,1620,UPI,Paid Late
P005119,MS05119,M02611,2025-05-26,4800,Credit Card,Paid
P005120,MS05120,M02612,2024-10-17,15000,UPI,Paid
P005121,MS05121,M02612,2025-10-17,4560,UPI,Paid
P005122,MS05122,M02613,2024-01-07,4560,Debit Card,Paid
P005123,MS05123,M02614,2024-12-30,4560,Debit Card,Paid
P005124,MS05124,M02614,2025-03-28,1710,UPI,Paid
P005125,MS05125,M02615,2025-05-17,8500,Net Banking,Paid
P005126,MS05126,M02615,2025-11-19,1800,Cash,Paid
P005127,MS05127,M02615,2025-12-16,1800,UPI,Paid
P005128,MS05128,M02616,2025-08-23,1530,Credit Card,Paid
P005129,MS05129,M02617,2024-08-01,1620,Credit Card,Paid
P005130,MS05130,M02618,2025-07-15,14250,UPI,Paid
P005131,MS05131,M02619,2025-07-14,1530,Credit Card,Paid
P005132,MS05132,M02620,2025-09-25,4560,Cash,Paid
P005133,MS05133,M02620,2025-12-25,8500,UPI,Paid
P005134,MS05134,M02621,2024-08-26,1710,Credit Card,Paid
P005135,MS05135,M02621,2024-09-29,7220,UPI,Paid
P005136,MS05136,M02621,2025-03-29,14250,Debit Card,Paid
P005137,MS05137,M02622,2025-06-28,1800,UPI,Paid
P005138,MS05138,M02623,2024-12-26,4560,UPI,Paid
P005139,MS05139,M02623,2025-03-26,1710,UPI,Paid
P005140,MS05140,M02624,2024-02-08,8500,Credit Card,Paid
P005141,MS05141,M02624,2024-08-07,1800,UPI,Paid
P005142,MS05142,M02624,2024-09-08,1620,Credit Card,Paid
P005143,MS05143,M02624,2024-10-08,7220,UPI,Paid
P005144,MS05144,M02624,2025-04-07,4800,Credit Card,Paid
P005145,MS05145,M02624,2025-07-07,1800,UPI,Paid Late
P005146,MS05146,M02625,2024-06-22,4560,UPI,Paid
P005147,MS05147,M02625,2024-09-22,7650,Debit Card,Paid Late
P005148,MS05148,M02626,2025-03-04,4800,Credit Card,Paid
P005149,MS05149,M02626,2025-06-06,4800,Debit Card,Paid
P005150,MS05150,M02627,2024-04-13,12750,UPI,Paid
P005151,MS05151,M02627,2025-04-15,1800,UPI,Paid
P005152,MS05152,M02628,2024-10-07,4320,Debit Card,Paid
P005153,MS05153,M02629,2025-05-12,1800,UPI,Paid
P005154,MS05154,M02630,2024-04-08,1710,Cash,Paid
P005155,MS05155,M02630,2024-05-07,4080,Debit Card,Paid
P005156,MS05156,M02630,2024-08-06,4080,Credit Card,Paid
P005157,MS05157,M02630,2024-11-07,7650,Debit Card,Paid
P005158,MS05158,M02630,2025-05-07,1800,UPI,Paid
P005159,MS05159,M02630,2025-06-08,1800,Debit Card,Paid
P005160,MS05160,M02630,2025-07-07,8500,UPI,Failed
P005161,MS05161,M02631,2024-11-14,1710,UPI,Paid
P005162,MS05162,M02631,2024-12-12,1530,UPI,Paid
P005163,MS05163,M02632,2024-05-19,4560,Cash,Paid Late
P005164,MS05164,M02632,2024-08-20,1710,UPI,Paid
P005165,MS05165,M02633,2024-12-08,14250,Cash,Paid
P005166,MS05166,M02633,2025-12-08,4560,Credit Card,Paid
P005167,MS05167,M02634,2024-06-03,1800,Net Banking,Paid
P005168,MS05168,M02634,2024-07-04,8500,Cash,Paid
P005169,MS05169,M02634,2025-01-02,1800,Cash,Paid
P005170,MS05170,M02635,2025-09-09,4320,Net Banking,Paid
P005171,MS05171,M02636,2024-02-21,8500,Debit Card,Paid
P005172,MS05172,M02636,2024-08-21,1620,UPI,Paid Late
P005173,MS05173,M02637,2025-09-08,1710,Debit Card,Paid
P005174,MS05174,M02638,2025-05-22,1710,UPI,Paid
P005175,MS05175,M02639,2025-06-30,1710,UPI,Paid
P005176,MS05176,M02640,2025-06-28,1800,UPI,Paid
P005177,MS05177,M02641,2024-04-30,4320,UPI,Paid
P005178,MS05178,M02642,2025-08-20,4800,UPI,Paid
P005179,MS05179,M02642,2025-11-18,4800,UPI,Paid
P005180,MS05180,M02643,2025-01-14,1800,Credit Card,Paid
P005181,MS05181,M02644,2025-09-07,1800,UPI,Paid
P005182,MS05182,M02645,2025-07-17,8500,Cash,Paid
P005183,MS05183,M02646,2025-01-07,4560,UPI,Paid
P005184,MS05184,M02646,2025-04-05,1620,Debit Card,Paid
P005185,MS05185,M02646,2025-05-05,8500,UPI,Paid
P005186,MS05186,M02646,2025-11-06,4800,Net Banking,Paid
P005187,MS05187,M02647,2024-08-29,1620,UPI,Paid
P005188,MS05188,M02648,2024-03-18,1710,Credit Card,Paid
P005189,MS05189,M02649,2024-03-06,1800,UPI,Paid
P005190,MS05190,M02650,2024-09-05,1710,UPI,Paid
P005191,MS05191,M02650,2024-10-07,4800,Debit Card,Paid Late
P005192,MS05192,M02650,2025-01-08,8080,Net Banking,Paid
P005193,MS05193,M02650,2025-07-07,4560,UPI,Paid
P005194,MS05194,M02650,2025-10-07,4080,Debit Card,Paid
P005195,MS05195,M02651,2025-06-04,8080,UPI,Paid
P005196,MS05196,M02651,2025-12-04,4800,Credit Card,Paid
P005197,MS05197,M02652,2024-11-20,4800,UPI,Paid
P005198,MS05198,M02652,2025-02-20,1710,UPI,Paid
P005199,MS05199,M02653,2024-11-06,7650,UPI,Paid
P005200,MS05200,M02653,2025-05-03,1620,UPI,Paid
P005201,MS05201,M02653,2025-06-03,1800,UPI,Paid
P005202,MS05202,M02654,2024-06-07,8500,Credit Card,Paid
P005203,MS05203,M02655,2024-12-29,8080,Credit Card,Paid
P005204,MS05204,M02655,2025-06-28,1800,UPI,Paid
P005205,MS05205,M02656,2025-02-13,4800,UPI,Paid
P005206,MS05206,M02656,2025-05-11,4320,UPI,Paid
P005207,MS05207,M02656,2025-08-13,4080,Debit Card,Paid
P005208,MS05208,M02657,2025-09-20,1620,Debit Card,Paid
P005209,MS05209,M02658,2025-04-13,8500,Debit Card,Paid Late
P005210,MS05210,M02658,2025-10-11,1800,Debit Card,Paid
P005211,MS05211,M02659,2025-01-23,1710,Credit Card,Paid
P005212,MS05212,M02660,2025-08-04,4800,UPI,Paid
P005213,MS05213,M02660,2025-11-04,1620,Debit Card,Paid
P005214,MS05214,M02660,2025-12-06,1800,Net Banking,Paid Late
P005215,MS05215,M02661,2024-09-28,4080,Debit Card,Paid
P005216,MS05216,M02661,2024-12-28,1620,UPI,Paid Late
P005217,MS05217,M02661,2025-01-29,1620,UPI,Paid Late
P005218,MS05218,M02662,2025-08-22,1530,UPI,Paid
P005219,MS05219,M02662,2025-09-21,1800,UPI,Paid
P005220,MS05220,M02662,2025-10-22,1620,Net Banking,Paid
P005221,MS05221,M02663,2024-08-24,4320,Debit Card,Paid
P005222,MS05222,M02663,2024-11-25,1800,UPI,Paid Late
P005223,MS05223,M02664,2024-03-25,1800,Cash,Paid
P005224,MS05224,M02665,2024-09-26,1620,UPI,Paid Late
P005225,MS05225,M02665,2024-10-26,4560,Cash,Paid Late
P005226,MS05226,M02665,2025-01-26,1710,UPI,Paid
P005227,MS05227,M02666,2024-03-24,1800,Credit Card,Paid
P005228,MS05228,M02666,2024-04-24,1620,Debit Card,Paid
P005229,MS05229,M02666,2024-05-25,1710,Credit Card,Paid Late
P005230,MS05230,M02667,2024-03-17,1710,UPI,Paid Late
P005231,MS05231,M02668,2025-07-18,1800,Credit Card,Paid
P005232,MS05232,M02669,2025-05-23,1800,Cash,Paid
P005233,MS05233,M02670,2024-05-22,1800,UPI,Paid
P005234,MS05234,M02670,2024-06-24,1710,Cash,Failed
P005235,MS05235,M02670,2024-07-22,1710,Debit Card,Paid
P005236,MS05236,M02671,2025-06-18,4800,Credit Card,Paid
P005237,MS05237,M02671,2025-09-18,15000,UPI,Paid
P005238,MS05238,M02672,2024-02-16,4320,Cash,Paid
P005239,MS05239,M02673,2024-07-03,1530,UPI,Paid
P005240,MS05240,M02673,2024-08-01,8500,UPI,Paid
P005241,MS05241,M02674,2025-03-29,7650,UPI,Paid
P005242,MS05242,M02674,2025-09-28,1800,UPI,Paid
P005243,MS05243,M02674,2025-10-27,4800,UPI,Paid
P005244,MS05244,M02675,2024-07-13,1620,Credit Card,Paid
P005245,MS05245,M02675,2024-08-15,4800,Debit Card,Paid
P005246,MS05246,M02675,2024-11-14,4800,UPI,Paid
P005247,MS05247,M02676,2025-04-13,1530,UPI,Paid
P005248,MS05248,M02676,2025-05-14,1620,Credit Card,Paid
P005249,MS05249,M02677,2025-07-14,4800,Debit Card,Paid
P005250,MS05250,M02677,2025-10-12,4800,UPI,Paid
P005251,MS05251,M02678,2024-02-12,4800,Credit Card,Paid
P005252,MS05252,M02679,2024-01-16,1530,Cash,Paid
P005253,MS05253,M02680,2025-08-24,13500,Credit Card,Paid
P005254,MS05254,M02681,2024-12-01,1800,UPI,Paid
P005255,MS05255,M02682,2024-11-21,1710,UPI,Paid
P005256,MS05256,M02683,2024-10-22,1710,Credit Card,Paid
P005257,MS05257,M02684,2024-10-06,8500,Cash,Paid
P005258,MS05258,M02684,2025-04-05,4800,UPI,Paid
P005259,MS05259,M02684,2025-07-04,15000,Cash,Paid
P005260,MS05260,M02685,2025-03-17,1620,UPI,Paid
P005261,MS05261,M02685,2025-04-18,1710,UPI,Paid
P005262,MS05262,M02685,2025-05-16,1710,Net Banking,Paid
P005263,MS05263,M02686,2025-01-07,1800,Credit Card,Paid
P005264,MS05264,M02687,2024-04-17,1530,Cash,Paid
P005265,MS05265,M02687,2024-05-15,4560,UPI,Paid
P005266,MS05266,M02687,2024-08-17,1710,UPI,Paid
P005267,MS05267,M02688,2025-02-03,1800,Credit Card,Paid
P005268,MS05268,M02688,2025-03-03,1800,UPI,Paid
P005269,MS05269,M02689,2025-03-04,12750,Cash,Paid
P005270,MS05270,M02690,2024-03-15,1800,Cash,Paid
P005271,MS05271,M02690,2024-04-15,4800,Credit Card,Paid
P005272,MS05272,M02690,2024-07-15,7650,UPI,Paid
P005273,MS05273,M02691,2024-08-28,1620,Debit Card,Paid
P005274,MS05274,M02691,2024-09-28,1800,UPI,Paid
P005275,MS05275,M02692,2025-05-19,1620,UPI,Paid
P005276,MS05276,M02692,2025-06-21,15000,UPI,Paid
P005277,MS05277,M02693,2025-01-29,14250,UPI,Paid
P005278,MS05278,M02694,2024-03-28,4800,UPI,Paid
P005279,MS05279,M02695,2024-01-28,4800,Debit Card,Paid Late
P005280,MS05280,M02695,2024-04-27,1800,UPI,Paid
P005281,MS05281,M02696,2025-01-06,14250,UPI,Paid
P005282,MS05282,M02697,2024-10-24,1800,Cash,Paid
P005283,MS05283,M02697,2024-11-21,8080,Credit Card,Paid
P005284,MS05284,M02697,2025-05-21,1620,UPI,Paid
P005285,MS05285,M02697,2025-06-22,1800,Credit Card,Paid
P005286,MS05286,M02697,2025-07-21,4560,UPI,Paid
P005287,MS05287,M02697,2025-10-23,1530,Net Banking,Paid
P005288,MS05288,M02698,2025-09-08,15000,UPI,Paid
P005289,MS05289,M02699,2024-11-30,4560,Debit Card,Paid
P005290,MS05290,M02699,2025-02-28,1620,Debit Card,Paid
P005291,MS05291,M02699,2025-03-29,4320,Credit Card,Paid
P005292,MS05292,M02700,2025-08-17,1620,Credit Card,Paid
P005293,MS05293,M02700,2025-09-18,8500,UPI,Paid
P005294,MS05294,M02701,2024-05-17,1620,Credit Card,Paid
P005295,MS05295,M02702,2024-10-13,1800,Debit Card,Paid
P005296,MS05296,M02703,2024-03-31,1800,UPI,Paid Late
P005297,MS05297,M02704,2025-01-02,1800,UPI,Paid
P005298,MS05298,M02704,2025-02-04,4560,Debit Card,Paid
P005299,MS05299,M02704,2025-05-01,1800,UPI,Paid
P005300,MS05300,M02704,2025-06-01,1800,Credit Card,Paid
P005301,MS05301,M02705,2024-05-02,1530,Credit Card,Paid
P005302,MS05302,M02706,2024-11-11,1710,UPI,Paid
P005303,MS05303,M02707,2024-08-08,1800,Cash,Paid Late
P005304,MS05304,M02708,2024-05-01,1710,Cash,Paid
P005305,MS05305,M02709,2024-03-05,1710,Net Banking,Paid
P005306,MS05306,M02710,2024-11-22,1800,Cash,Paid
P005307,MS05307,M02710,2024-12-25,8080,Credit Card,Paid
P005308,MS05308,M02710,2025-06-24,7220,Credit Card,Paid
P005309,MS05309,M02710,2025-12-22,8500,Debit Card,Paid
P005310,MS05310,M02711,2025-08-30,1800,Credit Card,Paid
P005311,MS05311,M02712,2024-05-08,1710,UPI,Paid
P005312,MS05312,M02712,2024-06-08,1530,UPI,Paid
P005313,MS05313,M02713,2024-09-16,4800,Cash,Paid
P005314,MS05314,M02713,2024-12-18,15000,UPI,Paid
P005315,MS05315,M02713,2025-12-18,4080,Debit Card,Paid
P005316,MS05316,M02714,2024-05-26,8500,UPI,Paid
P005317,MS05317,M02714,2024-11-26,1620,Credit Card,Paid Late
P005318,MS05318,M02715,2025-05-31,14250,UPI,Paid Late
P005319,MS05319,M02716,2024-09-21,4560,UPI,Paid
P005320,MS05320,M02716,2024-12-23,8500,Net Banking,Paid
P005321,MS05321,M02716,2025-06-21,4320,UPI,Failed
P005322,MS05322,M02716,2025-09-22,4560,Credit Card,Paid
P005323,MS05323,M02716,2025-12-21,1620,Net Banking,Paid
P005324,MS05324,M02717,2025-09-16,4800,UPI,Paid Late
P005325,MS05325,M02717,2025-12-13,7650,Credit Card,Paid
P005326,MS05326,M02718,2024-06-05,15000,UPI,Paid
P005327,MS05327,M02719,2024-02-23,14250,Credit Card,Paid
P005328,MS05328,M02720,2025-01-07,4800,UPI,Paid
P005329,MS05329,M02721,2025-02-21,1800,Debit Card,Paid
P005330,MS05330,M02721,2025-03-19,4560,UPI,Paid
P005331,MS05331,M02722,2025-09-27,13500,UPI,Paid
P005332,MS05332,M02723,2025-07-11,15000,Net Banking,Paid
P005333,MS05333,M02724,2025-07-20,1800,Debit Card,Paid
P005334,MS05334,M02724,2025-08-19,1530,UPI,Paid
P005335,MS05335,M02724,2025-09-18,15000,Net Banking,Paid
P005336,MS05336,M02725,2025-02-11,1530,UPI,Paid
P005337,MS05337,M02725,2025-03-11,4080,Net Banking,Paid
P005338,MS05338,M02726,2024-08-19,8500,Net Banking,Paid
P005339,MS05339,M02726,2025-02-18,1800,UPI,Paid
P005340,MS05340,M02726,2025-03-19,7220,UPI,Paid
P005341,MS05341,M02726,2025-09-17,8080,UPI,Paid
P005342,MS05342,M02727,2024-10-02,4800,Cash,Paid
P005343,MS05343,M02727,2025-01-02,15000,Credit Card,Paid
P005344,MS05344,M02727,2026-01-02,1710,Credit Card,Paid
P005345,MS05345,M02728,2024-03-26,4800,UPI,Paid Late
P005346,MS05346,M02729,2024-10-05,15000,Debit Card,Paid
P005347,MS05347,M02730,2024-08-22,1800,Net Banking,Failed
P005348,MS05348,M02730,2024-09-20,1530,Cash,Paid
P005349,MS05349,M02731,2024-01-23,15000,UPI,Paid
P005350,MS05350,M02731,2025-01-25,4800,Credit Card,Paid
P005351,MS05351,M02732,2024-05-10,7650,UPI,Paid
P005352,MS05352,M02733,2024-12-09,1620,Credit Card,Paid
P005353,MS05353,M02734,2024-08-23,4800,Net Banking,Paid Late
P005354,MS05354,M02734,2024-11-26,1800,Credit Card,Paid
P005355,MS05355,M02735,2025-09-28,13500,Debit Card,Paid
P005356,MS05356,M02736,2024-11-01,4560,Cash,Paid
P005357,MS05357,M02736,2025-02-04,1530,UPI,Paid
P005358,MS05358,M02737,2025-09-03,8500,Credit Card,Paid
P005359,MS05359,M02738,2025-02-25,4560,Credit Card,Paid
P005360,MS05360,M02739,2024-01-26,1800,UPI,Paid
P005361,MS05361,M02740,2024-05-12,4560,UPI,Paid
P005362,MS05362,M02741,2025-03-27,7650,Cash,Paid
P005363,MS05363,M02741,2025-09-28,4800,UPI,Paid
P005364,MS05364,M02741,2025-12-26,4800,UPI,Paid
P005365,MS05365,M02742,2024-12-14,1710,UPI,Paid
P005366,MS05366,M02742,2025-01-13,15000,UPI,Paid
P005367,MS05367,M02743,2024-07-14,4560,Credit Card,Paid
P005368,MS05368,M02743,2024-10-12,1800,UPI,Failed
P005369,MS05369,M02743,2024-11-12,1710,Cash,Paid
P005370,MS05370,M02744,2024-11-30,1710,Debit Card,Paid
P005371,MS05371,M02744,2024-12-30,14250,UPI,Paid
P005372,MS05372,M02744,2025-12-31,1710,UPI,Paid
P005373,MS05373,M02745,2025-07-31,15000,Cash,Paid
P005374,MS05374,M02746,2024-09-05,8080,Cash,Paid
P005375,MS05375,M02746,2025-03-07,15000,UPI,Paid
P005376,MS05376,M02747,2024-01-29,15000,UPI,Paid
P005377,MS05377,M02748,2024-07-20,1800,UPI,Paid
P005378,MS05378,M02748,2024-08-18,8500,UPI,Paid
P005379,MS05379,M02748,2025-02-17,1800,UPI,Paid
P005380,MS05380,M02748,2025-03-19,14250,UPI,Paid
P005381,MS05381,M02749,2025-08-22,1800,UPI,Paid
P005382,MS05382,M02749,2025-09-21,1620,UPI,Paid
P005383,MS05383,M02749,2025-10-21,1710,Credit Card,Paid
P005384,MS05384,M02749,2025-11-23,8080,UPI,Paid
P005385,MS05385,M02750,2025-05-02,8500,UPI,Paid
P005386,MS05386,M02750,2025-11-01,4320,UPI,Paid
P005387,MS05387,M02751,2025-06-20,1620,UPI,Paid Late
P005388,MS05388,M02752,2025-08-07,4560,Cash,Paid
P005389,MS05389,M02752,2025-11-06,4800,UPI,Paid
P005390,MS05390,M02753,2024-03-17,4320,Net Banking,Paid
P005391,MS05391,M02754,2024-06-29,4560,Debit Card,Paid
P005392,MS05392,M02754,2024-10-01,7650,Credit Card,Paid
P005393,MS05393,M02755,2024-02-08,7650,UPI,Paid
P005394,MS05394,M02755,2024-08-08,4560,Cash,Paid
P005395,MS05395,M02755,2024-11-11,8500,Cash,Paid
P005396,MS05396,M02755,2025-05-09,1800,Debit Card,Paid
P005397,MS05397,M02755,2025-06-10,1800,Debit Card,Paid
P005398,MS05398,M02755,2025-07-10,4560,Net Banking,Paid Late
P005399,MS05399,M02755,2025-10-08,15000,Debit Card,Failed
P005400,MS05400,M02756,2024-01-06,13500,UPI,Paid
P005401,MS05401,M02756,2025-01-07,1620,UPI,Paid
P005402,MS05402,M02757,2025-06-18,8500,Credit Card,Paid Late
P005403,MS05403,M02758,2025-08-22,13500,Credit Card,Paid
P005404,MS05404,M02759,2024-04-11,1800,UPI,Paid
P005405,MS05405,M02760,2025-04-08,4560,Debit Card,Paid
P005406,MS05406,M02760,2025-07-05,4800,UPI,Paid
P005407,MS05407,M02761,2024-12-10,15000,UPI,Paid Late
P005408,MS05408,M02762,2024-02-17,1710,Net Banking,Paid
P005409,MS05409,M02763,2025-08-07,1800,UPI,Paid
P005410,MS05410,M02764,2025-07-12,1800,Debit Card,Paid Late
P005411,MS05411,M02764,2025-08-10,1800,UPI,Paid
P005412,MS05412,M02765,2024-12-29,4800,UPI,Paid
P005413,MS05413,M02766,2025-03-27,1800,UPI,Paid
P005414,MS05414,M02767,2024-09-12,8080,Debit Card,Paid
P005415,MS05415,M02767,2025-03-12,8080,UPI,Paid
P005416,MS05416,M02767,2025-09-12,1800,Cash,Paid
P005417,MS05417,M02768,2025-05-23,4800,Debit Card,Paid Late
P005418,MS05418,M02768,2025-08-20,15000,Credit Card,Paid
P005419,MS05419,M02769,2024-10-11,7650,Cash,Failed
P005420,MS05420,M02769,2025-04-10,8500,Cash,Paid
P005421,MS05421,M02770,2025-09-24,1710,UPI,Paid
P005422,MS05422,M02771,2024-02-10,8500,Credit Card,Paid
P005423,MS05423,M02771,2024-08-11,8500,Credit Card,Paid
P005424,MS05424,M02771,2025-02-12,1620,UPI,Paid
P005425,MS05425,M02772,2024-04-22,4320,UPI,Paid
P005426,MS05426,M02773,2025-09-11,1800,Debit Card,Paid
P005427,MS05427,M02774,2024-07-05,4800,UPI,Paid
P005428,MS05428,M02775,2024-07-17,1800,UPI,Paid
P005429,MS05429,M02776,2025-05-21,15000,Credit Card,Paid
P005430,MS05430,M02777,2024-04-30,4080,Debit Card,Paid
P005431,MS05431,M02777,2024-08-02,1530,UPI,Paid
P005432,MS05432,M02778,2024-11-24,1800,UPI,Paid
P005433,MS05433,M02779,2024-07-04,1800,Credit Card,Paid Late
P005434,MS05434,M02779,2024-08-03,13500,UPI,Paid
P005435,MS05435,M02779,2025-08-02,1800,Credit Card,Paid
P005436,MS05436,M02780,2024-05-06,4800,UPI,Paid Late
P005437,MS05437,M02781,2025-09-07,1800,Credit Card,Paid
P005438,MS05438,M02781,2025-10-09,13500,Credit Card,Paid
P005439,MS05439,M02782,2024-05-09,1620,UPI,Paid
P005440,MS05440,M02782,2024-06-09,1620,UPI,Paid
P005441,MS05441,M02783,2024-03-02,1800,Debit Card,Paid
P005442,MS05442,M02784,2025-03-08,1710,UPI,Paid
P005443,MS05443,M02785,2025-07-10,4800,UPI,Paid
P005444,MS05444,M02786,2024-03-25,14250,UPI,Paid
P005445,MS05445,M02786,2025-03-23,15000,Debit Card,Paid
P005446,MS05446,M02787,2025-03-29,1800,Debit Card,Paid
P005447,MS05447,M02787,2025-04-28,8500,Credit Card,Paid
P005448,MS05448,M02787,2025-10-27,8500,Debit Card,Paid
P005449,MS05449,M02788,2024-12-12,15000,UPI,Paid
P005450,MS05450,M02788,2025-12-13,1710,UPI,Paid
P005451,MS05451,M02789,2025-06-13,14250,UPI,Paid
P005452,MS05452,M02790,2024-03-21,15000,Debit Card,Paid
P005453,MS05453,M02791,2025-09-17,4560,Credit Card,Paid
P005454,MS05454,M02792,2025-01-30,1620,Credit Card,Paid Late
P005455,MS05455,M02793,2025-06-23,7650,UPI,Paid
P005456,MS05456,M02793,2025-12-24,15000,UPI,Paid
P005457,MS05457,M02794,2024-08-19,1800,UPI,Paid
P005458,MS05458,M02795,2025-08-26,1710,Credit Card,Paid
P005459,MS05459,M02796,2025-02-05,8500,UPI,Paid
P005460,MS05460,M02797,2024-03-23,7650,UPI,Paid
P005461,MS05461,M02797,2024-09-22,4800,Credit Card,Paid
P005462,MS05462,M02797,2024-12-22,1710,Net Banking,Paid
P005463,MS05463,M02797,2025-01-22,1710,Debit Card,Paid
P005464,MS05464,M02797,2025-02-24,1620,Cash,Paid
P005465,MS05465,M02798,2025-08-13,7650,Debit Card,Paid
P005466,MS05466,M02799,2025-05-24,1710,UPI,Paid
P005467,MS05467,M02800,2024-07-11,1800,UPI,Paid
P005468,MS05468,M02801,2024-12-14,4800,UPI,Paid
P005469,MS05469,M02802,2024-09-04,4320,UPI,Paid
P005470,MS05470,M02802,2024-12-04,1800,UPI,Paid Late
P005471,MS05471,M02802,2025-01-07,1800,Credit Card,Failed
P005472,MS05472,M02802,2025-02-05,4800,UPI,Paid
P005473,MS05473,M02802,2025-05-07,1800,Cash,Paid
P005474,MS05474,M02802,2025-06-05,15000,Credit Card,Paid
P005475,MS05475,M02803,2024-12-14,1800,Credit Card,Paid
P005476,MS05476,M02803,2025-01-15,1620,UPI,Paid
P005477,MS05477,M02804,2025-09-08,4800,Cash,Paid
P005478,MS05478,M02805,2025-07-29,4800,Credit Card,Paid
P005479,MS05479,M02805,2025-10-30,4800,UPI,Paid
P005480,MS05480,M02806,2024-05-19,1710,Debit Card,Paid
P005481,MS05481,M02807,2025-09-13,1800,UPI,Paid
P005482,MS05482,M02808,2024-10-09,4800,Debit Card,Paid
P005483,MS05483,M02808,2025-01-07,1800,Credit Card,Paid
P005484,MS05484,M02809,2025-03-25,1800,UPI,Paid
P005485,MS05485,M02809,2025-04-25,1800,UPI,Paid
P005486,MS05486,M02810,2025-05-03,4560,Net Banking,Paid
P005487,MS05487,M02810,2025-08-04,14250,Credit Card,Paid Late
P005488,MS05488,M02811,2024-11-04,4800,Debit Card,Paid
P005489,MS05489,M02812,2024-10-18,1620,UPI,Paid
P005490,MS05490,M02813,2024-10-20,4320,UPI,Paid
P005491,MS05491,M02813,2025-01-21,4800,Debit Card,Paid Late
P005492,MS05492,M02813,2025-04-19,1710,UPI,Paid
P005493,MS05493,M02814,2025-07-04,1800,Cash,Paid
P005494,MS05494,M02814,2025-08-07,4800,UPI,Paid
P005495,MS05495,M02814,2025-11-07,12750,Debit Card,Paid
P005496,MS05496,M02815,2024-09-03,1710,Cash,Paid
P005497,MS05497,M02816,2024-06-30,1530,UPI,Paid
P005498,MS05498,M02816,2024-07-27,1710,UPI,Paid
P005499,MS05499,M02817,2024-08-20,8500,Net Banking,Paid
P005500,MS05500,M02817,2025-02-19,8080,Cash,Paid
P005501,MS05501,M02817,2025-08-18,4320,Credit Card,Paid
P005502,MS05502,M02817,2025-11-21,4560,Debit Card,Paid
P005503,MS05503,M02818,2024-05-04,1800,UPI,Paid
P005504,MS05504,M02819,2024-09-06,1800,Credit Card,Paid
P005505,MS05505,M02819,2024-10-09,1710,Debit Card,Paid
P005506,MS05506,M02820,2024-03-16,1800,UPI,Paid
P005507,MS05507,M02820,2024-04-16,4800,UPI,Paid
P005508,MS05508,M02821,2024-02-28,4800,UPI,Paid
P005509,MS05509,M02821,2024-05-27,4800,UPI,Paid
P005510,MS05510,M02821,2024-08-28,1710,UPI,Paid
P005511,MS05511,M02822,2025-04-08,8500,UPI,Paid
P005512,MS05512,M02823,2024-02-19,4560,Credit Card,Paid
P005513,MS05513,M02823,2024-05-19,8080,UPI,Paid
P005514,MS05514,M02823,2024-11-20,1530,UPI,Paid
P005515,MS05515,M02823,2024-12-22,7650,Credit Card,Paid
P005516,MS05516,M02823,2025-06-19,8500,UPI,Paid
P005517,MS05517,M02823,2025-12-20,4320,Cash,Paid
P005518,MS05518,M02824,2024-12-31,1710,Credit Card,Paid
P005519,MS05519,M02825,2025-05-14,4800,UPI,Paid
P005520,MS05520,M02825,2025-08-15,4800,Credit Card,Paid
P005521,MS05521,M02826,2025-04-07,1710,Cash,Paid
P005522,MS05522,M02827,2024-10-12,4320,Net Banking,Paid
P005523,MS05523,M02827,2025-01-11,1710,Cash,Paid
P005524,MS05524,M02828,2024-05-06,4800,UPI,Paid
P005525,MS05525,M02828,2024-08-04,8080,Cash,Paid
P005526,MS05526,M02828,2025-02-05,4800,UPI,Paid
P005527,MS05527,M02828,2025-05-05,14250,Debit Card,Paid
P005528,MS05528,M02829,2025-08-16,12750,UPI,Paid
P005529,MS05529,M02830,2025-06-17,7220,Credit Card,Paid
P005530,MS05530,M02830,2025-12-17,8500,Credit Card,Paid Late
P005531,MS05531,M02831,2025-01-27,1800,Cash,Paid
P005532,MS05532,M02832,2024-02-27,15000,Debit Card,Paid
P005533,MS05533,M02833,2024-01-26,8500,UPI,Paid
P005534,MS05534,M02834,2024-07-20,1800,UPI,Paid
P005535,MS05535,M02835,2024-04-11,15000,UPI,Paid
P005536,MS05536,M02835,2025-04-11,4320,Cash,Paid
P005537,MS05537,M02836,2025-07-02,1620,Cash,Paid
P005538,MS05538,M02837,2024-05-13,1710,Debit Card,Paid
P005539,MS05539,M02837,2024-06-13,4800,Credit Card,Paid
P005540,MS05540,M02837,2024-09-11,13500,UPI,Paid
P005541,MS05541,M02837,2025-09-14,7220,Cash,Paid
P005542,MS05542,M02838,2024-06-29,4800,Credit Card,Paid
P005543,MS05543,M02839,2025-09-15,1620,Cash,Paid
P005544,MS05544,M02839,2025-10-14,1620,UPI,Paid
P005545,MS05545,M02839,2025-11-14,15000,UPI,Failed
P005546,MS05546,M02840,2025-06-07,8500,Net Banking,Paid Late
P005547,MS05547,M02840,2025-12-07,4560,Debit Card,Paid
P005548,MS05548,M02841,2024-05-21,1800,UPI,Failed
P005549,MS05549,M02841,2024-06-20,15000,Cash,Paid
P005550,MS05550,M02841,2025-06-20,1620,UPI,Paid
P005551,MS05551,M02842,2024-09-02,1620,Net Banking,Paid
P005552,MS05552,M02843,2024-11-27,14250,UPI,Paid
P005553,MS05553,M02843,2025-11-26,1800,Credit Card,Paid
P005554,MS05554,M02844,2025-03-01,1800,Credit Card,Paid
P005555,MS05555,M02845,2025-08-20,8500,UPI,Paid
P005556,MS05556,M02846,2025-07-12,1710,UPI,Paid
P005557,MS05557,M02847,2025-09-15,1620,UPI,Paid
P005558,MS05558,M02848,2024-01-26,15000,UPI,Paid
P005559,MS05559,M02848,2025-01-29,1620,UPI,Paid Late
P005560,MS05560,M02848,2025-02-26,1530,Debit Card,Paid
P005561,MS05561,M02848,2025-03-28,1620,Credit Card,Paid
P005562,MS05562,M02848,2025-04-28,4800,UPI,Paid
P005563,MS05563,M02848,2025-07-29,1620,Credit Card,Paid
P005564,MS05564,M02848,2025-08-28,1530,Credit Card,Paid
P005565,MS05565,M02849,2024-05-31,4080,Credit Card,Paid
P005566,MS05566,M02849,2024-09-01,4320,UPI,Paid
P005567,MS05567,M02849,2024-12-02,1620,Net Banking,Paid
P005568,MS05568,M02849,2025-01-02,1620,UPI,Paid
P005569,MS05569,M02849,2025-02-02,1800,Credit Card,Paid
P005570,MS05570,M02849,2025-02-28,1620,Debit Card,Paid
P005571,MS05571,M02850,2024-02-02,4800,Debit Card,Paid
P005572,MS05572,M02850,2024-05-01,15000,Credit Card,Paid
P005573,MS05573,M02850,2025-05-03,15000,UPI,Paid
P005574,MS05574,M02851,2024-08-17,1710,Debit Card,Paid
P005575,MS05575,M02851,2024-09-15,4320,UPI,Paid
P005576,MS05576,M02852,2024-04-09,1800,UPI,Paid
P005577,MS05577,M02853,2025-08-19,15000,Net Banking,Paid
P005578,MS05578,M02854,2024-02-12,4320,UPI,Paid
P005579,MS05579,M02855,2024-04-05,4800,UPI,Paid
P005580,MS05580,M02856,2024-05-04,8500,Debit Card,Paid
P005581,MS05581,M02856,2024-11-07,1800,UPI,Paid
P005582,MS05582,M02857,2024-04-04,1620,Cash,Paid
P005583,MS05583,M02857,2024-05-07,1710,Debit Card,Paid
P005584,MS05584,M02857,2024-06-04,4800,Credit Card,Paid
P005585,MS05585,M02858,2024-12-29,15000,Cash,Paid
P005586,MS05586,M02858,2025-12-30,8500,UPI,Paid
P005587,MS05587,M02859,2024-08-23,8500,Debit Card,Paid Late
P005588,MS05588,M02859,2025-02-22,1710,Cash,Paid
P005589,MS05589,M02860,2025-08-06,4560,Cash,Paid
P005590,MS05590,M02860,2025-11-07,1620,Debit Card,Paid
P005591,MS05591,M02861,2024-06-16,8080,UPI,Paid Late
P005592,MS05592,M02861,2024-12-15,4560,UPI,Paid
P005593,MS05593,M02861,2025-03-16,1800,Debit Card,Paid
P005594,MS05594,M02861,2025-04-17,8500,Net Banking,Paid Late
P005595,MS05595,M02862,2024-12-09,13500,Net Banking,Paid
P005596,MS05596,M02863,2025-02-26,8500,UPI,Paid
P005597,MS05597,M02864,2025-02-06,4080,Cash,Paid
P005598,MS05598,M02864,2025-05-04,1620,Debit Card,Paid
P005599,MS05599,M02865,2025-05-24,1710,Credit Card,Paid
P005600,MS05600,M02866,2024-05-10,4080,UPI,Paid
P005601,MS05601,M02866,2024-08-10,8500,Net Banking,Paid
P005602,MS05602,M02866,2025-02-08,1710,Credit Card,Paid
P005603,MS05603,M02867,2024-11-22,4800,UPI,Paid
P005604,MS05604,M02867,2025-02-20,15000,UPI,Paid
P005605,MS05605,M02868,2025-05-25,4560,Cash,Paid
P005606,MS05606,M02868,2025-08-27,1710,Debit Card,Paid
P005607,MS05607,M02868,2025-09-28,1800,UPI,Paid
P005608,MS05608,M02868,2025-10-27,1620,UPI,Paid
P005609,MS05609,M02868,2025-11-25,4560,UPI,Paid
P005610,MS05610,M02869,2025-07-07,8500,Credit Card,Failed
P005611,MS05611,M02870,2025-01-29,4800,UPI,Paid
P005612,MS05612,M02871,2025-02-19,1800,UPI,Paid
P005613,MS05613,M02871,2025-03-20,4560,Credit Card,Paid
P005614,MS05614,M02872,2025-07-05,12750,Cash,Paid
P005615,MS05615,M02873,2025-02-05,15000,UPI,Paid
P005616,MS05616,M02874,2025-08-28,1800,UPI,Paid
P005617,MS05617,M02874,2025-09-29,1620,Cash,Paid
P005618,MS05618,M02874,2025-10-29,1620,Debit Card,Paid
P005619,MS05619,M02875,2024-03-24,4080,UPI,Paid
P005620,MS05620,M02875,2024-06-23,1800,Net Banking,Paid
P005621,MS05621,M02875,2024-07-23,1710,Credit Card,Paid
P005622,MS05622,M02875,2024-08-24,4320,UPI,Paid
P005623,MS05623,M02875,2024-11-22,4800,Cash,Paid
P005624,MS05624,M02876,2024-08-11,1620,Credit Card,Paid
P005625,MS05625,M02877,2024-03-14,4800,Credit Card,Paid
P005626,MS05626,M02877,2024-06-13,1710,Cash,Paid
P005627,MS05627,M02878,2024-03-01,8500,UPI,Paid
P005628,MS05628,M02879,2024-10-31,15000,UPI,Paid
P005629,MS05629,M02879,2025-10-31,4800,Debit Card,Paid
P005630,MS05630,M02880,2024-05-24,4560,UPI,Paid
P005631,MS05631,M02880,2024-08-27,15000,Cash,Paid
P005632,MS05632,M02880,2025-08-24,1620,Debit Card,Paid
P005633,MS05633,M02881,2024-09-19,1710,Cash,Paid
P005634,MS05634,M02881,2024-10-16,1800,UPI,Paid
P005635,MS05635,M02882,2024-10-07,1710,Debit Card,Paid
P005636,MS05636,M02882,2024-11-07,12750,UPI,Paid
P005637,MS05637,M02882,2025-11-09,4560,Cash,Paid
P005638,MS05638,M02883,2025-02-02,4800,UPI,Paid
P005639,MS05639,M02883,2025-04-30,4800,UPI,Paid
P005640,MS05640,M02883,2025-08-01,7650,Net Banking,Paid Late
P005641,MS05641,M02884,2025-08-27,4560,Debit Card,Paid
P005642,MS05642,M02884,2025-11-29,1800,UPI,Paid
P005643,MS05643,M02884,2025-12-27,15000,UPI,Paid
P005644,MS05644,M02885,2025-06-27,4320,Debit Card,Paid
P005645,MS05645,M02885,2025-09-26,1710,UPI,Paid Late
P005646,MS05646,M02885,2025-10-28,4560,Credit Card,Paid
P005647,MS05647,M02886,2024-08-30,4800,Credit Card,Paid
P005648,MS05648,M02887,2024-07-28,14250,Debit Card,Paid
P005649,MS05649,M02888,2024-03-22,4560,UPI,Paid
P005650,MS05650,M02888,2024-06-21,15000,Credit Card,Paid
P005651,MS05651,M02888,2025-06-21,1710,UPI,Paid
P005652,MS05652,M02889,2024-12-13,4800,Debit Card,Paid
P005653,MS05653,M02890,2024-09-26,1620,Debit Card,Paid
P005654,MS05654,M02890,2024-10-28,1800,UPI,Paid
P005655,MS05655,M02890,2024-11-27,4080,Credit Card,Paid
P005656,MS05656,M02890,2025-02-26,1800,Cash,Paid
P005657,MS05657,M02891,2024-04-27,1620,UPI,Paid Late
P005658,MS05658,M02892,2025-01-31,1530,Cash,Paid
P005659,MS05659,M02892,2025-03-01,4800,UPI,Paid
P005660,MS05660,M02892,2025-05-29,1710,UPI,Paid
P005661,MS05661,M02892,2025-06-29,8500,UPI,Paid
P005662,MS05662,M02892,2025-12-29,4800,UPI,Paid
P005663,MS05663,M02893,2024-07-23,1710,UPI,Paid
P005664,MS05664,M02893,2024-08-23,1710,UPI,Paid
P005665,MS05665,M02894,2024-04-30,1620,Credit Card,Paid Late
P005666,MS05666,M02894,2024-05-28,4800,UPI,Paid
P005667,MS05667,M02894,2024-08-30,1800,Cash,Paid
P005668,MS05668,M02894,2024-10-01,1800,Cash,Paid
P005669,MS05669,M02894,2024-10-29,1710,UPI,Paid
P005670,MS05670,M02894,2024-12-01,1800,Credit Card,Paid
P005671,MS05671,M02895,2025-02-22,4320,Credit Card,Paid
P005672,MS05672,M02895,2025-05-23,4800,UPI,Paid
P005673,MS05673,M02896,2024-04-22,4800,Net Banking,Paid
P005674,MS05674,M02897,2025-03-08,1530,Cash,Paid
P005675,MS05675,M02897,2025-04-06,1710,UPI,Paid
P005676,MS05676,M02897,2025-05-08,4800,Credit Card,Paid
P005677,MS05677,M02897,2025-08-06,1530,Debit Card,Paid
P005678,MS05678,M02898,2024-04-16,4560,UPI,Paid
P005679,MS05679,M02898,2024-07-13,1530,UPI,Failed
P005680,MS05680,M02899,2024-10-04,4800,UPI,Paid Late
P005681,MS05681,M02900,2024-05-25,12750,UPI,Paid
P005682,MS05682,M02900,2025-05-26,1530,Debit Card,Paid Late
P005683,MS05683,M02901,2025-05-04,1800,UPI,Paid
P005684,MS05684,M02902,2025-04-06,7220,UPI,Paid
P005685,MS05685,M02903,2025-07-30,4080,UPI,Paid
P005686,MS05686,M02903,2025-10-29,1800,UPI,Paid
P005687,MS05687,M02904,2024-04-17,13500,Net Banking,Paid
P005688,MS05688,M02905,2025-04-02,4320,Credit Card,Paid
P005689,MS05689,M02905,2025-07-01,7650,Debit Card,Paid
P005690,MS05690,M02906,2025-08-23,1800,UPI,Failed
P005691,MS05691,M02907,2025-05-02,4800,Debit Card,Paid
P005692,MS05692,M02908,2024-05-01,1800,Debit Card,Paid
P005693,MS05693,M02909,2025-06-08,1800,Debit Card,Paid
P005694,MS05694,M02910,2024-03-10,1800,Net Banking,Paid
P005695,MS05695,M02910,2024-04-09,8080,UPI,Paid
P005696,MS05696,M02911,2025-01-12,4800,UPI,Paid Late
P005697,MS05697,M02911,2025-04-12,1620,Credit Card,Failed
P005698,MS05698,M02912,2024-11-13,4320,UPI,Paid
P005699,MS05699,M02912,2025-02-15,15000,Credit Card,Paid
P005700,MS05700,M02913,2024-12-05,1800,UPI,Paid
P005701,MS05701,M02914,2024-11-28,1620,UPI,Paid
P005702,MS05702,M02915,2024-01-21,4800,Credit Card,Paid
P005703,MS05703,M02916,2024-11-21,15000,UPI,Paid
P005704,MS05704,M02916,2025-11-23,15000,UPI,Paid
P005705,MS05705,M02917,2025-08-20,14250,Credit Card,Paid
P005706,MS05706,M02918,2024-10-06,1710,Net Banking,Paid
P005707,MS05707,M02918,2024-11-07,1620,UPI,Paid
P005708,MS05708,M02919,2024-06-26,15000,UPI,Paid
P005709,MS05709,M02920,2025-09-29,4800,Cash,Paid Late
P005710,MS05710,M02920,2025-12-26,1800,Credit Card,Paid
P005711,MS05711,M02921,2024-03-06,15000,UPI,Paid
P005712,MS05712,M02921,2025-03-06,1620,Cash,Paid
P005713,MS05713,M02922,2024-11-06,4560,Debit Card,Paid Late
P005714,MS05714,M02923,2024-11-26,1800,Cash,Paid
P005715,MS05715,M02924,2024-11-03,14250,Net Banking,Paid
P005716,MS05716,M02925,2025-08-14,15000,UPI,Paid
P005717,MS05717,M02926,2024-09-27,8500,Debit Card,Paid
P005718,MS05718,M02926,2025-03-26,1620,UPI,Failed
P005719,MS05719,M02926,2025-04-26,1710,UPI,Paid
P005720,MS05720,M02927,2025-09-12,1800,Debit Card,Paid
P005721,MS05721,M02928,2024-02-14,14250,Net Banking,Paid
P005722,MS05722,M02928,2025-02-15,8080,Cash,Paid
P005723,MS05723,M02928,2025-08-12,1800,Debit Card,Paid
P005724,MS05724,M02928,2025-09-14,4800,Debit Card,Paid
P005725,MS05725,M02928,2025-12-12,4560,UPI,Paid
P005726,MS05726,M02929,2025-04-14,4800,UPI,Paid
P005727,MS05727,M02929,2025-07-14,4800,Credit Card,Failed
P005728,MS05728,M02929,2025-10-14,1800,Credit Card,Paid
P005729,MS05729,M02929,2025-11-14,4560,UPI,Paid
P005730,MS05730,M02930,2025-01-13,1620,Debit Card,Paid
P005731,MS05731,M02930,2025-02-16,4800,Cash,Paid
P005732,MS05732,M02930,2025-05-16,8500,UPI,Paid Late
P005733,MS05733,M02930,2025-11-15,1530,UPI,Paid
P005734,MS05734,M02931,2024-06-03,4800,Credit Card,Paid
P005735,MS05735,M02931,2024-09-02,8500,UPI,Paid Late
P005736,MS05736,M02931,2025-03-03,8500,Credit Card,Paid
P005737,MS05737,M02932,2024-05-27,7650,Net Banking,Paid
P005738,MS05738,M02932,2024-11-26,1710,Credit Card,Paid
P005739,MS05739,M02933,2025-04-07,7650,Credit Card,Paid
P005740,MS05740,M02934,2025-02-12,4320,UPI,Paid
P005741,MS05741,M02934,2025-05-12,13500,UPI,Paid
P005742,MS05742,M02935,2025-01-27,4560,UPI,Paid
P005743,MS05743,M02936,2024-02-03,1710,UPI,Paid
P005744,MS05744,M02937,2025-01-16,1530,UPI,Paid
P005745,MS05745,M02938,2025-09-20,1620,Debit Card,Paid
P005746,MS05746,M02938,2025-10-21,1800,Cash,Paid
P005747,MS05747,M02939,2024-01-12,14250,Cash,Paid
P005748,MS05748,M02939,2025-01-13,1710,Cash,Paid
P005749,MS05749,M02940,2024-10-27,1800,UPI,Paid
P005750,MS05750,M02941,2024-11-11,4800,Credit Card,Paid
P005751,MS05751,M02942,2025-07-28,1620,Cash,Failed
P005752,MS05752,M02942,2025-08-29,15000,Credit Card,Paid
P005753,MS05753,M02943,2024-07-02,4800,UPI,Paid
P005754,MS05754,M02943,2024-10-01,8500,UPI,Paid
P005755,MS05755,M02943,2025-04-01,4800,UPI,Paid
P005756,MS05756,M02943,2025-07-02,4800,UPI,Paid
P005757,MS05757,M02943,2025-09-30,1530,UPI,Paid
P005758,MS05758,M02943,2025-10-29,4560,Cash,Paid
P005759,MS05759,M02944,2024-11-02,1800,Credit Card,Paid
P005760,MS05760,M02945,2025-04-04,4320,UPI,Paid
P005761,MS05761,M02945,2025-07-04,8500,Debit Card,Paid
P005762,MS05762,M02946,2024-02-11,4800,UPI,Paid
P005763,MS05763,M02947,2025-05-29,4800,Debit Card,Paid
P005764,MS05764,M02947,2025-08-29,7650,UPI,Paid
P005765,MS05765,M02948,2025-06-11,1710,Debit Card,Paid
P005766,MS05766,M02948,2025-07-11,1800,Debit Card,Paid
P005767,MS05767,M02949,2025-04-07,1800,UPI,Paid
P005768,MS05768,M02949,2025-05-06,1530,UPI,Paid
P005769,MS05769,M02949,2025-06-05,1620,UPI,Paid
P005770,MS05770,M02950,2025-02-19,8500,UPI,Paid
P005771,MS05771,M02950,2025-08-20,4320,UPI,Paid
P005772,MS05772,M02950,2025-11-20,1800,Cash,Paid
P005773,MS05773,M02951,2025-04-21,1710,UPI,Paid
P005774,MS05774,M02952,2025-05-15,7650,UPI,Paid
P005775,MS05775,M02952,2025-11-16,1620,Debit Card,Paid
P005776,MS05776,M02952,2025-12-16,1800,UPI,Paid
P005777,MS05777,M02953,2025-07-30,1800,UPI,Paid
P005778,MS05778,M02953,2025-08-31,4560,Debit Card,Paid
P005779,MS05779,M02953,2025-12-02,1620,UPI,Paid
P005780,MS05780,M02953,2025-12-30,1710,UPI,Paid
P005781,MS05781,M02954,2024-10-17,8500,UPI,Paid
P005782,MS05782,M02955,2025-02-14,1620,Cash,Paid
P005783,MS05783,M02956,2024-05-04,1800,Cash,Paid Late
P005784,MS05784,M02956,2024-06-03,4320,UPI,Paid
P005785,MS05785,M02957,2025-07-02,4320,Debit Card,Paid
P005786,MS05786,M02958,2025-05-09,15000,UPI,Paid
P005787,MS05787,M02959,2025-02-06,14250,UPI,Paid
P005788,MS05788,M02960,2024-07-14,1800,UPI,Paid
P005789,MS05789,M02960,2024-08-13,1710,UPI,Paid
P005790,MS05790,M02961,2024-08-09,4800,Cash,Paid
P005791,MS05791,M02961,2024-11-10,1800,Credit Card,Paid
P005792,MS05792,M02962,2024-10-07,1800,Cash,Paid
P005793,MS05793,M02963,2025-02-26,4800,Debit Card,Paid
P005794,MS05794,M02964,2025-05-11,1800,UPI,Paid
P005795,MS05795,M02964,2025-06-14,4560,UPI,Paid
P005796,MS05796,M02965,2025-03-06,4800,UPI,Paid
P005797,MS05797,M02966,2025-08-18,1710,UPI,Paid Late
P005798,MS05798,M02966,2025-09-18,1710,Credit Card,Paid
P005799,MS05799,M02967,2025-09-04,7650,UPI,Paid
P005800,MS05800,M02968,2025-03-25,1800,Cash,Paid
P005801,MS05801,M02968,2025-04-26,1800,UPI,Paid
P005802,MS05802,M02969,2024-08-24,1800,Cash,Paid
P005803,MS05803,M02969,2024-09-25,8500,UPI,Paid
P005804,MS05804,M02970,2025-01-17,7650,UPI,Paid
P005805,MS05805,M02970,2025-07-19,8500,UPI,Paid Late
P005806,MS05806,M02971,2024-10-01,1800,UPI,Paid Late
P005807,MS05807,M02972,2025-02-05,4800,UPI,Paid Late
P005808,MS05808,M02972,2025-05-07,1620,UPI,Paid
P005809,MS05809,M02973,2025-06-03,1800,Credit Card,Paid
P005810,MS05810,M02973,2025-07-03,4560,Credit Card,Paid
P005811,MS05811,M02974,2024-08-26,4800,UPI,Paid
P005812,MS05812,M02974,2024-11-24,1710,UPI,Paid
P005813,MS05813,M02975,2024-11-21,15000,Credit Card,Paid
P005814,MS05814,M02976,2025-04-17,1800,UPI,Paid
P005815,MS05815,M02976,2025-05-14,1800,UPI,Paid
P005816,MS05816,M02976,2025-06-14,4320,Credit Card,Paid
P005817,MS05817,M02977,2024-11-11,7650,UPI,Paid
P005818,MS05818,M02978,2024-10-23,1530,UPI,Paid
P005819,MS05819,M02978,2024-11-21,1710,UPI,Paid
P005820,MS05820,M02978,2024-12-21,1800,UPI,Paid
P005821,MS05821,M02979,2024-12-07,8500,Cash,Paid
P005822,MS05822,M02979,2025-06-07,4800,UPI,Failed
P005823,MS05823,M02979,2025-09-06,1710,Net Banking,Paid
P005824,MS05824,M02979,2025-10-05,1800,Net Banking,Paid
P005825,MS05825,M02980,2024-05-19,1710,Credit Card,Paid
P005826,MS05826,M02981,2025-01-17,1800,Credit Card,Paid
P005827,MS05827,M02981,2025-02-18,14250,Credit Card,Paid
P005828,MS05828,M02982,2025-04-20,7220,UPI,Paid Late
P005829,MS05829,M02983,2024-08-14,1710,Net Banking,Failed
P005830,MS05830,M02984,2024-03-27,4320,Credit Card,Paid
P005831,MS05831,M02985,2024-09-03,4560,Debit Card,Paid
P005832,MS05832,M02985,2024-12-04,1800,Credit Card,Paid
P005833,MS05833,M02986,2024-05-06,13500,UPI,Paid
P005834,MS05834,M02986,2025-05-06,8500,Debit Card,Paid
P005835,MS05835,M02986,2025-11-08,12750,UPI,Paid
P005836,MS05836,M02987,2024-08-29,4800,Cash,Paid
P005837,MS05837,M02988,2025-02-05,1800,UPI,Paid
P005838,MS05838,M02989,2024-03-16,1710,Debit Card,Paid
P005839,MS05839,M02989,2024-04-15,1800,UPI,Paid
P005840,MS05840,M02989,2024-05-16,1710,Debit Card,Paid
P005841,MS05841,M02990,2025-04-24,1620,Net Banking,Paid
P005842,MS05842,M02991,2024-05-24,4560,Credit Card,Paid
P005843,MS05843,M02992,2025-07-24,1800,Credit Card,Paid
P005844,MS05844,M02992,2025-08-25,8500,UPI,Paid
P005845,MS05845,M02993,2025-04-12,1800,UPI,Paid
P005846,MS05846,M02993,2025-05-15,8500,UPI,Paid
P005847,MS05847,M02993,2025-11-15,4800,Credit Card,Paid
P005848,MS05848,M02994,2024-12-26,8080,Debit Card,Paid
P005849,MS05849,M02994,2025-06-25,4560,UPI,Paid
P005850,MS05850,M02995,2024-03-14,1620,Credit Card,Paid
P005851,MS05851,M02996,2024-03-06,1710,UPI,Paid
P005852,MS05852,M02996,2024-04-04,1710,Debit Card,Paid
P005853,MS05853,M02996,2024-05-07,1710,UPI,Paid
P005854,MS05854,M02997,2025-09-01,1800,Credit Card,Paid Late
P005855,MS05855,M02997,2025-10-01,1620,UPI,Paid
P005856,MS05856,M02997,2025-11-04,4800,Debit Card,Paid
P005857,MS05857,M02998,2025-05-27,1530,Debit Card,Paid
P005858,MS05858,M02999,2024-04-08,14250,UPI,Paid
P005859,MS05859,M03000,2024-07-02,1710,UPI,Paid Late
